question,option_a,option_b,option_c,option_d,answer,category,difficulty
What is 78 + 82?,160,163,158,167,160,Quantitative,Hard
What is the square of 16?,255,257,261,256,256,Quantitative,Hard
"Find the next letter in the series: B, C, D, ?",F,G,E,D,E,Logical,Medium
Choose the synonym of 'benefit'.,advantage,weak,late,small,advantage,Verbal,Medium
"If 5 workers finish a task in 8 days, how many worker-days are needed?",40,38,45,42,40,Puzzle,Easy
What is 90 + 91?,181,179,188,184,181,Quantitative,Easy
What is the square of 4?,17,21,15,16,16,Quantitative,Easy
"Find the next letter in the series: D, E, F, ?",H,I,G,F,G,Logical,Easy
Choose the synonym of 'rapid'.,fast,late,weak,small,fast,Verbal,Easy
"If 10 workers finish a task in 9 days, how many worker-days are needed?",95,88,90,92,90,Puzzle,Hard
What is 73 + 51?,124,131,127,122,124,Quantitative,Hard
What is the square of 14?,197,201,195,196,196,Quantitative,Medium
"Find the next letter in the series: E, F, G, ?",I,H,J,G,H,Logical,Hard
Choose the synonym of 'rapid'.,fast,small,late,weak,fast,Verbal,Easy
"If 5 workers finish a task in 7 days, how many worker-days are needed?",35,33,40,37,35,Puzzle,Hard
What is 10 + 91?,108,99,101,104,101,Quantitative,Hard
What is the square of 10?,99,101,100,105,100,Quantitative,Medium
"Find the next letter in the series: N, O, P, ?",Q,R,S,P,Q,Logical,Easy
Choose the synonym of 'ancient'.,small,late,old,weak,old,Verbal,Medium
"If 10 workers finish a task in 6 days, how many worker-days are needed?",60,62,65,58,60,Puzzle,Hard
What is 20 + 10?,33,37,30,28,30,Quantitative,Easy
What is the square of 8?,69,64,65,63,64,Quantitative,Medium
"Find the next letter in the series: E, F, G, ?",J,G,H,I,H,Logical,Easy
Choose the synonym of 'benefit'.,weak,late,advantage,small,advantage,Verbal,Hard
"If 8 workers finish a task in 6 days, how many worker-days are needed?",53,48,46,50,48,Puzzle,Medium
What is 11 + 47?,65,61,58,56,58,Quantitative,Easy
What is the square of 10?,99,101,100,105,100,Quantitative,Medium
"Find the next letter in the series: H, I, J, ?",M,K,L,J,K,Logical,Hard
Choose the synonym of 'benefit'.,late,advantage,weak,small,advantage,Verbal,Medium
"If 5 workers finish a task in 4 days, how many worker-days are needed?",22,18,25,20,20,Puzzle,Easy
What is 35 + 80?,113,115,118,122,115,Quantitative,Medium
What is the square of 15?,226,225,224,230,225,Quantitative,Easy
"Find the next letter in the series: A, B, C, ?",F,C,E,D,D,Logical,Hard
Choose the synonym of 'ancient'.,small,weak,late,old,old,Verbal,Hard
"If 2 workers finish a task in 4 days, how many worker-days are needed?",8,13,6,10,8,Puzzle,Hard
What is 33 + 35?,68,75,71,66,68,Quantitative,Medium
What is the square of 15?,230,226,224,225,225,Quantitative,Hard
"Find the next letter in the series: E, F, G, ?",G,J,H,I,H,Logical,Hard
Choose the synonym of 'honest'.,small,late,weak,truthful,truthful,Verbal,Easy
"If 4 workers finish a task in 10 days, how many worker-days are needed?",42,38,40,45,40,Puzzle,Medium
What is 32 + 51?,90,81,86,83,83,Quantitative,Medium
What is the square of 13?,174,169,170,168,169,Quantitative,Hard
"Find the next letter in the series: B, C, D, ?",G,F,D,E,E,Logical,Medium
Choose the synonym of 'honest'.,weak,small,truthful,late,truthful,Verbal,Easy
"If 5 workers finish a task in 10 days, how many worker-days are needed?",50,55,48,52,50,Puzzle,Medium
What is 60 + 49?,116,109,107,112,109,Quantitative,Hard
What is the square of 4?,15,17,16,21,16,Quantitative,Hard
"Find the next letter in the series: T, U, V, ?",V,W,Y,X,W,Logical,Medium
Choose the synonym of 'benefit'.,weak,advantage,late,small,advantage,Verbal,Hard
"If 6 workers finish a task in 7 days, how many worker-days are needed?",42,44,40,47,42,Puzzle,Easy
What is 21 + 76?,97,104,100,95,97,Quantitative,Easy
What is the square of 4?,21,15,17,16,16,Quantitative,Medium
"Find the next letter in the series: T, U, V, ?",V,X,Y,W,W,Logical,Easy
Choose the synonym of 'benefit'.,weak,late,small,advantage,advantage,Verbal,Hard
"If 5 workers finish a task in 4 days, how many worker-days are needed?",22,18,20,25,20,Puzzle,Easy
What is 69 + 74?,143,146,141,150,143,Quantitative,Hard
What is the square of 17?,288,290,289,294,289,Quantitative,Medium
"Find the next letter in the series: A, B, C, ?",F,C,D,E,D,Logical,Medium
Choose the synonym of 'rapid'.,late,weak,fast,small,fast,Verbal,Hard
"If 10 workers finish a task in 2 days, how many worker-days are needed?",22,18,25,20,20,Puzzle,Easy
What is 78 + 93?,178,174,171,169,171,Quantitative,Medium
What is the square of 15?,230,226,224,225,225,Quantitative,Easy
"Find the next letter in the series: S, T, U, ?",V,W,U,X,V,Logical,Easy
Choose the synonym of 'bright'.,late,smart,small,weak,smart,Verbal,Medium
"If 5 workers finish a task in 4 days, how many worker-days are needed?",18,22,20,25,20,Puzzle,Medium
What is 52 + 78?,130,133,128,137,130,Quantitative,Hard
What is the square of 13?,168,170,174,169,169,Quantitative,Easy
"Find the next letter in the series: K, L, M, ?",M,O,N,P,N,Logical,Easy
Choose the synonym of 'rapid'.,late,fast,weak,small,fast,Verbal,Hard
"If 2 workers finish a task in 5 days, how many worker-days are needed?",8,10,15,12,10,Puzzle,Easy
What is 45 + 81?,133,129,126,124,126,Quantitative,Hard
What is the square of 19?,366,361,362,360,361,Quantitative,Hard
"Find the next letter in the series: H, I, J, ?",J,M,K,L,K,Logical,Easy
Choose the synonym of 'honest'.,weak,late,small,truthful,truthful,Verbal,Medium
"If 2 workers finish a task in 3 days, how many worker-days are needed?",6,8,4,11,6,Puzzle,Easy
What is 41 + 15?,56,59,63,54,56,Quantitative,Easy
What is the square of 17?,288,290,294,289,289,Quantitative,Easy
"Find the next letter in the series: L, M, N, ?",O,Q,P,N,O,Logical,Medium
Choose the synonym of 'bright'.,late,weak,small,smart,smart,Verbal,Medium
"If 5 workers finish a task in 7 days, how many worker-days are needed?",33,37,35,40,35,Puzzle,Medium
What is 33 + 24?,60,55,64,57,57,Quantitative,Easy
What is the square of 9?,81,80,82,86,81,Quantitative,Medium
"Find the next letter in the series: F, G, H, ?",J,I,K,H,I,Logical,Easy
Choose the synonym of 'rapid'.,fast,late,weak,small,fast,Verbal,Medium
"If 6 workers finish a task in 7 days, how many worker-days are needed?",44,47,40,42,42,Puzzle,Easy
What is 17 + 24?,44,41,48,39,41,Quantitative,Easy
What is the square of 11?,126,121,120,122,121,Quantitative,Medium
"Find the next letter in the series: J, K, L, ?",L,O,M,N,M,Logical,Medium
Choose the synonym of 'ancient'.,small,late,weak,old,old,Verbal,Hard
"If 5 workers finish a task in 3 days, how many worker-days are needed?",13,20,15,17,15,Puzzle,Medium
What is 92 + 96?,195,188,191,186,188,Quantitative,Medium
What is the square of 8?,63,69,64,65,64,Quantitative,Easy
"Find the next letter in the series: D, E, F, ?",I,H,F,G,G,Logical,Easy
Choose the synonym of 'rapid'.,late,fast,weak,small,fast,Verbal,Medium
"If 9 workers finish a task in 7 days, how many worker-days are needed?",68,65,61,63,63,Puzzle,Hard
What is 16 + 17?,33,36,40,31,33,Quantitative,Hard
What is the square of 14?,196,197,195,201,196,Quantitative,Hard
"Find the next letter in the series: D, E, F, ?",I,F,G,H,G,Logical,Hard
Choose the synonym of 'rapid'.,fast,late,weak,small,fast,Verbal,Medium
"If 5 workers finish a task in 9 days, how many worker-days are needed?",47,43,50,45,45,Puzzle,Medium
What is 25 + 73?,98,96,105,101,98,Quantitative,Hard
What is the square of 14?,197,201,196,195,196,Quantitative,Hard
"Find the next letter in the series: Q, R, S, ?",U,S,T,V,T,Logical,Medium
Choose the synonym of 'rapid'.,weak,small,late,fast,fast,Verbal,Easy
"If 7 workers finish a task in 9 days, how many worker-days are needed?",68,61,65,63,63,Puzzle,Easy
What is 79 + 25?,102,104,107,111,104,Quantitative,Hard
What is the square of 13?,168,174,169,170,169,Quantitative,Medium
"Find the next letter in the series: L, M, N, ?",O,Q,P,N,O,Logical,Medium
Choose the synonym of 'ancient'.,late,old,small,weak,old,Verbal,Easy
"If 5 workers finish a task in 2 days, how many worker-days are needed?",10,8,12,15,10,Puzzle,Hard
What is 17 + 70?,85,87,90,94,87,Quantitative,Hard
What is the square of 19?,366,361,360,362,361,Quantitative,Medium
"Find the next letter in the series: I, J, K, ?",K,N,M,L,L,Logical,Hard
Choose the synonym of 'rapid'.,fast,small,late,weak,fast,Verbal,Hard
"If 9 workers finish a task in 7 days, how many worker-days are needed?",68,65,63,61,63,Puzzle,Easy
What is 93 + 93?,193,184,186,189,186,Quantitative,Medium
What is the square of 12?,143,144,145,149,144,Quantitative,Easy
"Find the next letter in the series: J, K, L, ?",M,L,O,N,M,Logical,Easy
Choose the synonym of 'ancient'.,weak,small,late,old,old,Verbal,Hard
"If 8 workers finish a task in 4 days, how many worker-days are needed?",34,32,30,37,32,Puzzle,Easy
What is 18 + 14?,39,35,32,30,32,Quantitative,Easy
What is the square of 6?,37,36,41,35,36,Quantitative,Easy
"Find the next letter in the series: D, E, F, ?",I,F,H,G,G,Logical,Hard
Choose the synonym of 'rapid'.,late,fast,small,weak,fast,Verbal,Easy
"If 9 workers finish a task in 2 days, how many worker-days are needed?",18,16,20,23,18,Puzzle,Medium
What is 37 + 31?,68,66,75,71,68,Quantitative,Medium
What is the square of 5?,26,24,25,30,25,Quantitative,Hard
"Find the next letter in the series: S, T, U, ?",X,U,V,W,V,Logical,Easy
Choose the synonym of 'ancient'.,old,weak,late,small,old,Verbal,Hard
"If 7 workers finish a task in 8 days, how many worker-days are needed?",58,56,61,54,56,Puzzle,Hard
What is 52 + 28?,80,78,87,83,80,Quantitative,Medium
What is the square of 3?,8,14,9,10,9,Quantitative,Easy
"Find the next letter in the series: P, Q, R, ?",R,U,T,S,S,Logical,Medium
Choose the synonym of 'honest'.,truthful,weak,small,late,truthful,Verbal,Hard
"If 8 workers finish a task in 7 days, how many worker-days are needed?",61,58,54,56,56,Puzzle,Easy
What is 27 + 35?,69,62,60,65,62,Quantitative,Medium
What is the square of 13?,174,168,169,170,169,Quantitative,Easy
"Find the next letter in the series: L, M, N, ?",O,Q,N,P,O,Logical,Hard
Choose the synonym of 'bright'.,small,weak,late,smart,smart,Verbal,Medium
"If 3 workers finish a task in 9 days, how many worker-days are needed?",27,25,32,29,27,Puzzle,Hard
What is 70 + 34?,107,102,104,111,104,Quantitative,Hard
What is the square of 8?,64,69,63,65,64,Quantitative,Hard
"Find the next letter in the series: J, K, L, ?",N,O,M,L,M,Logical,Easy
Choose the synonym of 'benefit'.,advantage,small,weak,late,advantage,Verbal,Easy
"If 5 workers finish a task in 5 days, how many worker-days are needed?",25,23,30,27,25,Puzzle,Easy
What is 58 + 38?,96,94,99,103,96,Quantitative,Hard
What is the square of 10?,100,101,99,105,100,Quantitative,Hard
"Find the next letter in the series: M, N, O, ?",Q,P,R,O,P,Logical,Medium
Choose the synonym of 'ancient'.,late,old,small,weak,old,Verbal,Hard
"If 9 workers finish a task in 9 days, how many worker-days are needed?",86,81,83,79,81,Puzzle,Easy
What is 47 + 21?,66,75,68,71,68,Quantitative,Medium
What is the square of 13?,169,168,170,174,169,Quantitative,Hard
"Find the next letter in the series: U, V, W, ?",W,X,Y,Z,X,Logical,Hard
Choose the synonym of 'honest'.,late,weak,truthful,small,truthful,Verbal,Easy
"If 3 workers finish a task in 9 days, how many worker-days are needed?",29,25,32,27,27,Puzzle,Hard
What is 77 + 40?,120,117,115,124,117,Quantitative,Medium
What is the square of 6?,35,41,36,37,36,Quantitative,Medium
"Find the next letter in the series: H, I, J, ?",J,M,K,L,K,Logical,Hard
Choose the synonym of 'ancient'.,old,late,small,weak,old,Verbal,Hard
"If 2 workers finish a task in 4 days, how many worker-days are needed?",10,6,13,8,8,Puzzle,Easy
What is 35 + 90?,132,128,123,125,125,Quantitative,Easy
What is the square of 19?,362,366,361,360,361,Quantitative,Hard
"Find the next letter in the series: L, M, N, ?",P,N,Q,O,O,Logical,Easy
Choose the synonym of 'honest'.,late,small,truthful,weak,truthful,Verbal,Medium
"If 4 workers finish a task in 7 days, how many worker-days are needed?",26,28,30,33,28,Puzzle,Easy
What is 49 + 39?,86,95,88,91,88,Quantitative,Hard
What is the square of 19?,362,360,366,361,361,Quantitative,Medium
"Find the next letter in the series: M, N, O, ?",O,R,Q,P,P,Logical,Medium
Choose the synonym of 'benefit'.,advantage,weak,late,small,advantage,Verbal,Hard
"If 8 workers finish a task in 10 days, how many worker-days are needed?",82,85,78,80,80,Puzzle,Hard
What is 85 + 87?,170,175,172,179,172,Quantitative,Easy
What is the square of 6?,41,36,35,37,36,Quantitative,Hard
"Find the next letter in the series: A, B, C, ?",C,D,E,F,D,Logical,Hard
Choose the synonym of 'ancient'.,old,late,weak,small,old,Verbal,Hard
"If 8 workers finish a task in 5 days, how many worker-days are needed?",38,42,45,40,40,Puzzle,Easy
What is 33 + 38?,78,71,74,69,71,Quantitative,Easy
What is the square of 3?,10,9,8,14,9,Quantitative,Easy
"Find the next letter in the series: F, G, H, ?",J,H,I,K,I,Logical,Medium
Choose the synonym of 'benefit'.,advantage,weak,small,late,advantage,Verbal,Hard
"If 3 workers finish a task in 8 days, how many worker-days are needed?",29,24,22,26,24,Puzzle,Medium
What is 22 + 26?,51,48,55,46,48,Quantitative,Medium
What is the square of 4?,21,15,17,16,16,Quantitative,Medium
"Find the next letter in the series: L, M, N, ?",O,Q,N,P,O,Logical,Hard
Choose the synonym of 'ancient'.,weak,old,late,small,old,Verbal,Hard
"If 7 workers finish a task in 2 days, how many worker-days are needed?",12,14,16,19,14,Puzzle,Medium
What is 83 + 24?,105,107,110,114,107,Quantitative,Easy
What is the square of 16?,261,256,255,257,256,Quantitative,Medium
"Find the next letter in the series: S, T, U, ?",W,V,U,X,V,Logical,Hard
Choose the synonym of 'benefit'.,late,small,advantage,weak,advantage,Verbal,Easy
"If 8 workers finish a task in 8 days, how many worker-days are needed?",62,66,64,69,64,Puzzle,Medium
What is 27 + 10?,37,35,44,40,37,Quantitative,Easy
What is the square of 11?,122,120,126,121,121,Quantitative,Easy
"Find the next letter in the series: Q, R, S, ?",V,S,U,T,T,Logical,Medium
Choose the synonym of 'ancient'.,late,small,weak,old,old,Verbal,Medium
"If 7 workers finish a task in 3 days, how many worker-days are needed?",26,23,21,19,21,Puzzle,Easy
What is 23 + 59?,80,85,89,82,82,Quantitative,Easy
What is the square of 13?,174,170,169,168,169,Quantitative,Easy
"Find the next letter in the series: N, O, P, ?",Q,S,P,R,Q,Logical,Hard
Choose the synonym of 'ancient'.,late,small,old,weak,old,Verbal,Easy
"If 2 workers finish a task in 7 days, how many worker-days are needed?",14,16,19,12,14,Puzzle,Easy
What is 89 + 11?,100,107,103,98,100,Quantitative,Hard
What is the square of 16?,257,256,255,261,256,Quantitative,Medium
"Find the next letter in the series: E, F, G, ?",I,H,J,G,H,Logical,Easy
Choose the synonym of 'benefit'.,small,weak,late,advantage,advantage,Verbal,Hard
"If 5 workers finish a task in 7 days, how many worker-days are needed?",37,35,40,33,35,Puzzle,Hard
What is 14 + 42?,54,59,63,56,56,Quantitative,Hard
What is the square of 4?,16,17,21,15,16,Quantitative,Hard
"Find the next letter in the series: G, H, I, ?",I,J,K,L,J,Logical,Easy
Choose the synonym of 'rapid'.,small,fast,weak,late,fast,Verbal,Hard
"If 5 workers finish a task in 2 days, how many worker-days are needed?",12,8,10,15,10,Puzzle,Medium
What is 15 + 53?,68,71,66,75,68,Quantitative,Hard
What is the square of 4?,21,16,17,15,16,Quantitative,Medium
"Find the next letter in the series: B, C, D, ?",E,D,G,F,E,Logical,Hard
Choose the synonym of 'benefit'.,weak,small,advantage,late,advantage,Verbal,Medium
"If 9 workers finish a task in 4 days, how many worker-days are needed?",34,41,38,36,36,Puzzle,Easy
What is 20 + 28?,48,46,51,55,48,Quantitative,Medium
What is the square of 17?,289,288,290,294,289,Quantitative,Medium
"Find the next letter in the series: A, B, C, ?",C,E,D,F,D,Logical,Medium
Choose the synonym of 'bright'.,late,smart,small,weak,smart,Verbal,Medium
"If 7 workers finish a task in 6 days, how many worker-days are needed?",44,42,40,47,42,Puzzle,Medium
What is 54 + 91?,143,148,152,145,145,Quantitative,Medium
What is the square of 14?,196,195,201,197,196,Quantitative,Medium
"Find the next letter in the series: H, I, J, ?",K,L,J,M,K,Logical,Medium
Choose the synonym of 'bright'.,late,smart,small,weak,smart,Verbal,Easy
"If 4 workers finish a task in 5 days, how many worker-days are needed?",18,22,25,20,20,Puzzle,Easy
What is 43 + 36?,77,86,79,82,79,Quantitative,Hard
What is the square of 18?,323,329,324,325,324,Quantitative,Easy
"Find the next letter in the series: T, U, V, ?",V,X,W,Y,W,Logical,Hard
Choose the synonym of 'benefit'.,late,weak,advantage,small,advantage,Verbal,Hard
"If 9 workers finish a task in 9 days, how many worker-days are needed?",86,83,81,79,81,Puzzle,Hard
What is 64 + 92?,156,163,159,154,156,Quantitative,Easy
What is the square of 19?,360,362,361,366,361,Quantitative,Hard
"Find the next letter in the series: F, G, H, ?",K,H,J,I,I,Logical,Hard
Choose the synonym of 'ancient'.,late,small,weak,old,old,Verbal,Easy
"If 3 workers finish a task in 7 days, how many worker-days are needed?",21,26,23,19,21,Puzzle,Easy
What is 65 + 91?,154,159,156,163,156,Quantitative,Medium
What is the square of 6?,36,41,35,37,36,Quantitative,Easy
"Find the next letter in the series: E, F, G, ?",I,H,G,J,H,Logical,Hard
Choose the synonym of 'bright'.,small,late,weak,smart,smart,Verbal,Medium
"If 10 workers finish a task in 9 days, how many worker-days are needed?",90,88,95,92,90,Puzzle,Hard
What is 20 + 16?,36,43,39,34,36,Quantitative,Medium
What is the square of 16?,261,257,255,256,256,Quantitative,Hard
"Find the next letter in the series: M, N, O, ?",P,Q,R,O,P,Logical,Easy
Choose the synonym of 'bright'.,weak,smart,small,late,smart,Verbal,Medium
"If 4 workers finish a task in 3 days, how many worker-days are needed?",10,14,17,12,12,Puzzle,Medium
What is 38 + 98?,143,136,134,139,136,Quantitative,Hard
What is the square of 20?,401,400,399,405,400,Quantitative,Medium
"Find the next letter in the series: B, C, D, ?",G,D,E,F,E,Logical,Easy
Choose the synonym of 'ancient'.,late,weak,small,old,old,Verbal,Hard
"If 5 workers finish a task in 7 days, how many worker-days are needed?",33,40,35,37,35,Puzzle,Hard
What is 36 + 41?,80,75,84,77,77,Quantitative,Medium
What is the square of 13?,168,170,169,174,169,Quantitative,Easy
"Find the next letter in the series: R, S, T, ?",U,V,W,T,U,Logical,Medium
Choose the synonym of 'rapid'.,small,late,weak,fast,fast,Verbal,Hard
"If 10 workers finish a task in 6 days, how many worker-days are needed?",62,58,65,60,60,Puzzle,Medium
What is 34 + 52?,89,86,84,93,86,Quantitative,Easy
What is the square of 3?,10,14,9,8,9,Quantitative,Hard
"Find the next letter in the series: N, O, P, ?",S,P,R,Q,Q,Logical,Hard
Choose the synonym of 'benefit'.,late,weak,advantage,small,advantage,Verbal,Medium
"If 7 workers finish a task in 8 days, how many worker-days are needed?",58,54,56,61,56,Puzzle,Medium
What is 66 + 36?,102,100,109,105,102,Quantitative,Medium
What is the square of 4?,17,21,15,16,16,Quantitative,Easy
"Find the next letter in the series: P, Q, R, ?",S,T,R,U,S,Logical,Easy
Choose the synonym of 'honest'.,weak,small,late,truthful,truthful,Verbal,Medium
"If 6 workers finish a task in 6 days, how many worker-days are needed?",38,36,41,34,36,Puzzle,Easy
What is 18 + 31?,56,49,47,52,49,Quantitative,Medium
What is the square of 13?,168,169,174,170,169,Quantitative,Hard
"Find the next letter in the series: G, H, I, ?",I,L,J,K,J,Logical,Hard
Choose the synonym of 'honest'.,late,small,weak,truthful,truthful,Verbal,Hard
"If 9 workers finish a task in 4 days, how many worker-days are needed?",41,38,34,36,36,Puzzle,Hard
What is 69 + 91?,163,158,160,167,160,Quantitative,Medium
What is the square of 7?,49,50,48,54,49,Quantitative,Hard
"Find the next letter in the series: S, T, U, ?",W,X,V,U,V,Logical,Hard
Choose the synonym of 'rapid'.,fast,small,weak,late,fast,Verbal,Hard
"If 4 workers finish a task in 3 days, how many worker-days are needed?",14,10,12,17,12,Puzzle,Easy
What is 24 + 23?,47,54,45,50,47,Quantitative,Easy
What is the square of 4?,21,15,17,16,16,Quantitative,Hard
"Find the next letter in the series: J, K, L, ?",L,N,M,O,M,Logical,Easy
Choose the synonym of 'rapid'.,small,weak,late,fast,fast,Verbal,Hard
"If 5 workers finish a task in 3 days, how many worker-days are needed?",17,13,20,15,15,Puzzle,Medium
What is 11 + 63?,72,74,77,81,74,Quantitative,Easy
What is the square of 18?,324,323,325,329,324,Quantitative,Hard
"Find the next letter in the series: N, O, P, ?",S,R,P,Q,Q,Logical,Hard
Choose the synonym of 'bright'.,weak,small,smart,late,smart,Verbal,Medium
"If 7 workers finish a task in 9 days, how many worker-days are needed?",68,63,61,65,63,Puzzle,Medium
What is 40 + 43?,90,86,83,81,83,Quantitative,Medium
What is the square of 19?,360,366,361,362,361,Quantitative,Hard
"Find the next letter in the series: P, Q, R, ?",T,U,S,R,S,Logical,Medium
Choose the synonym of 'ancient'.,small,late,old,weak,old,Verbal,Hard
"If 6 workers finish a task in 3 days, how many worker-days are needed?",16,20,23,18,18,Puzzle,Hard
What is 48 + 52?,107,100,98,103,100,Quantitative,Easy
What is the square of 12?,144,145,143,149,144,Quantitative,Easy
"Find the next letter in the series: R, S, T, ?",T,U,W,V,U,Logical,Hard
Choose the synonym of 'benefit'.,late,weak,advantage,small,advantage,Verbal,Medium
"If 4 workers finish a task in 7 days, how many worker-days are needed?",33,30,26,28,28,Puzzle,Hard
What is 82 + 64?,146,153,149,144,146,Quantitative,Easy
What is the square of 4?,15,17,16,21,16,Quantitative,Medium
"Find the next letter in the series: F, G, H, ?",K,I,J,H,I,Logical,Easy
Choose the synonym of 'rapid'.,fast,small,weak,late,fast,Verbal,Hard
"If 4 workers finish a task in 10 days, how many worker-days are needed?",45,42,38,40,40,Puzzle,Medium
What is 71 + 85?,163,156,159,154,156,Quantitative,Easy
What is the square of 18?,329,325,323,324,324,Quantitative,Easy
"Find the next letter in the series: D, E, F, ?",F,I,G,H,G,Logical,Medium
Choose the synonym of 'bright'.,smart,late,weak,small,smart,Verbal,Easy
"If 2 workers finish a task in 2 days, how many worker-days are needed?",9,6,4,2,4,Puzzle,Medium
What is 48 + 17?,63,68,72,65,65,Quantitative,Hard
What is the square of 11?,120,121,126,122,121,Quantitative,Easy
"Find the next letter in the series: N, O, P, ?",P,R,S,Q,Q,Logical,Medium
Choose the synonym of 'bright'.,smart,late,weak,small,smart,Verbal,Medium
"If 5 workers finish a task in 6 days, how many worker-days are needed?",28,35,32,30,30,Puzzle,Easy
What is 15 + 88?,103,106,101,110,103,Quantitative,Medium
What is the square of 12?,149,145,144,143,144,Quantitative,Easy
"Find the next letter in the series: M, N, O, ?",Q,P,R,O,P,Logical,Easy
Choose the synonym of 'benefit'.,weak,small,late,advantage,advantage,Verbal,Medium
"If 5 workers finish a task in 4 days, how many worker-days are needed?",18,20,25,22,20,Puzzle,Easy
What is 38 + 85?,123,126,121,130,123,Quantitative,Medium
What is the square of 17?,288,289,290,294,289,Quantitative,Medium
"Find the next letter in the series: R, S, T, ?",V,T,U,W,U,Logical,Hard
Choose the synonym of 'ancient'.,weak,late,old,small,old,Verbal,Medium
"If 2 workers finish a task in 7 days, how many worker-days are needed?",16,19,14,12,14,Puzzle,Medium
What is 80 + 66?,153,149,144,146,146,Quantitative,Medium
What is the square of 17?,288,289,290,294,289,Quantitative,Easy
"Find the next letter in the series: R, S, T, ?",U,W,V,T,U,Logical,Medium
Choose the synonym of 'rapid'.,weak,late,fast,small,fast,Verbal,Hard
"If 7 workers finish a task in 2 days, how many worker-days are needed?",19,12,16,14,14,Puzzle,Easy
What is 71 + 32?,101,106,110,103,103,Quantitative,Easy
What is the square of 9?,80,81,82,86,81,Quantitative,Hard
"Find the next letter in the series: T, U, V, ?",W,X,V,Y,W,Logical,Hard
Choose the synonym of 'ancient'.,small,weak,late,old,old,Verbal,Hard
"If 5 workers finish a task in 2 days, how many worker-days are needed?",10,8,15,12,10,Puzzle,Medium
What is 39 + 14?,56,60,53,51,53,Quantitative,Hard
What is the square of 9?,80,82,81,86,81,Quantitative,Hard
"Find the next letter in the series: K, L, M, ?",O,N,M,P,N,Logical,Easy
Choose the synonym of 'rapid'.,small,late,weak,fast,fast,Verbal,Medium
"If 10 workers finish a task in 3 days, how many worker-days are needed?",30,28,35,32,30,Puzzle,Easy
What is 10 + 97?,105,107,110,114,107,Quantitative,Medium
What is the square of 6?,37,41,35,36,36,Quantitative,Hard
"Find the next letter in the series: A, B, C, ?",C,E,F,D,D,Logical,Easy
Choose the synonym of 'ancient'.,weak,small,late,old,old,Verbal,Easy
"If 6 workers finish a task in 2 days, how many worker-days are needed?",12,14,10,17,12,Puzzle,Easy
What is 38 + 79?,117,124,115,120,117,Quantitative,Medium
What is the square of 12?,145,143,144,149,144,Quantitative,Hard
"Find the next letter in the series: L, M, N, ?",P,O,N,Q,O,Logical,Medium
Choose the synonym of 'bright'.,weak,small,smart,late,smart,Verbal,Easy
"If 7 workers finish a task in 5 days, how many worker-days are needed?",40,35,33,37,35,Puzzle,Medium
What is 37 + 96?,140,133,136,131,133,Quantitative,Hard
What is the square of 11?,126,122,120,121,121,Quantitative,Medium
"Find the next letter in the series: B, C, D, ?",F,G,E,D,E,Logical,Medium
Choose the synonym of 'benefit'.,weak,advantage,small,late,advantage,Verbal,Hard
"If 7 workers finish a task in 2 days, how many worker-days are needed?",14,19,16,12,14,Puzzle,Hard
What is 91 + 60?,154,149,151,158,151,Quantitative,Easy
What is the square of 12?,144,149,143,145,144,Quantitative,Easy
"Find the next letter in the series: S, T, U, ?",V,X,U,W,V,Logical,Hard
Choose the synonym of 'benefit'.,advantage,small,weak,late,advantage,Verbal,Medium
"If 7 workers finish a task in 7 days, how many worker-days are needed?",47,51,49,54,49,Puzzle,Medium
What is 82 + 73?,153,158,155,162,155,Quantitative,Easy
What is the square of 20?,401,399,405,400,400,Quantitative,Medium
"Find the next letter in the series: N, O, P, ?",Q,R,P,S,Q,Logical,Easy
Choose the synonym of 'ancient'.,late,weak,old,small,old,Verbal,Easy
"If 9 workers finish a task in 3 days, how many worker-days are needed?",25,27,29,32,27,Puzzle,Hard
What is 93 + 33?,129,133,124,126,126,Quantitative,Hard
What is the square of 19?,362,361,360,366,361,Quantitative,Medium
"Find the next letter in the series: D, E, F, ?",F,H,I,G,G,Logical,Easy
Choose the synonym of 'ancient'.,weak,late,small,old,old,Verbal,Medium
"If 2 workers finish a task in 9 days, how many worker-days are needed?",16,20,18,23,18,Puzzle,Hard
What is 39 + 19?,61,58,56,65,58,Quantitative,Easy
What is the square of 13?,170,174,169,168,169,Quantitative,Easy
"Find the next letter in the series: N, O, P, ?",R,P,Q,S,Q,Logical,Easy
Choose the synonym of 'ancient'.,old,small,late,weak,old,Verbal,Easy
"If 5 workers finish a task in 9 days, how many worker-days are needed?",50,43,47,45,45,Puzzle,Easy
What is 37 + 26?,70,61,63,66,63,Quantitative,Hard
What is the square of 9?,81,80,86,82,81,Quantitative,Hard
"Find the next letter in the series: J, K, L, ?",O,L,M,N,M,Logical,Medium
Choose the synonym of 'bright'.,late,weak,small,smart,smart,Verbal,Medium
"If 2 workers finish a task in 10 days, how many worker-days are needed?",22,18,25,20,20,Puzzle,Medium
What is 10 + 17?,27,25,34,30,27,Quantitative,Easy
What is the square of 10?,101,105,99,100,100,Quantitative,Easy
"Find the next letter in the series: R, S, T, ?",T,V,W,U,U,Logical,Easy
Choose the synonym of 'bright'.,small,late,weak,smart,smart,Verbal,Medium
"If 7 workers finish a task in 9 days, how many worker-days are needed?",61,65,68,63,63,Puzzle,Hard
What is 81 + 83?,164,162,167,171,164,Quantitative,Hard
What is the square of 18?,325,329,324,323,324,Quantitative,Hard
"Find the next letter in the series: J, K, L, ?",L,N,M,O,M,Logical,Easy
Choose the synonym of 'benefit'.,weak,late,small,advantage,advantage,Verbal,Medium
"If 9 workers finish a task in 7 days, how many worker-days are needed?",61,68,63,65,63,Puzzle,Easy
What is 27 + 96?,126,130,123,121,123,Quantitative,Hard
What is the square of 4?,17,21,16,15,16,Quantitative,Medium
"Find the next letter in the series: D, E, F, ?",H,I,G,F,G,Logical,Medium
Choose the synonym of 'ancient'.,weak,old,small,late,old,Verbal,Easy
"If 6 workers finish a task in 9 days, how many worker-days are needed?",52,54,56,59,54,Puzzle,Hard
What is 77 + 66?,150,143,146,141,143,Quantitative,Hard
What is the square of 9?,82,81,80,86,81,Quantitative,Medium
"Find the next letter in the series: G, H, I, ?",K,L,I,J,J,Logical,Medium
Choose the synonym of 'bright'.,small,smart,weak,late,smart,Verbal,Hard
"If 2 workers finish a task in 8 days, how many worker-days are needed?",21,16,14,18,16,Puzzle,Hard
What is 17 + 39?,54,59,63,56,56,Quantitative,Easy
What is the square of 17?,289,294,288,290,289,Quantitative,Hard
"Find the next letter in the series: C, D, E, ?",H,E,F,G,F,Logical,Medium
Choose the synonym of 'rapid'.,fast,weak,small,late,fast,Verbal,Hard
"If 2 workers finish a task in 7 days, how many worker-days are needed?",12,19,14,16,14,Puzzle,Hard
What is 55 + 70?,123,132,125,128,125,Quantitative,Easy
What is the square of 20?,399,401,400,405,400,Quantitative,Hard
"Find the next letter in the series: E, F, G, ?",J,H,I,G,H,Logical,Medium
Choose the synonym of 'benefit'.,advantage,weak,late,small,advantage,Verbal,Medium
"If 9 workers finish a task in 10 days, how many worker-days are needed?",92,90,95,88,90,Puzzle,Hard
What is 34 + 93?,130,125,127,134,127,Quantitative,Medium
What is the square of 11?,126,120,122,121,121,Quantitative,Medium
"Find the next letter in the series: T, U, V, ?",V,W,X,Y,W,Logical,Hard
Choose the synonym of 'honest'.,truthful,small,late,weak,truthful,Verbal,Easy
"If 7 workers finish a task in 3 days, how many worker-days are needed?",21,26,19,23,21,Puzzle,Medium
What is 41 + 98?,146,137,139,142,139,Quantitative,Hard
What is the square of 7?,54,50,48,49,49,Quantitative,Medium
"Find the next letter in the series: P, Q, R, ?",S,U,T,R,S,Logical,Hard
Choose the synonym of 'bright'.,weak,small,late,smart,smart,Verbal,Hard
"If 5 workers finish a task in 8 days, how many worker-days are needed?",38,45,40,42,40,Puzzle,Hard
What is 58 + 72?,137,128,130,133,130,Quantitative,Easy
What is the square of 6?,41,37,35,36,36,Quantitative,Easy
"Find the next letter in the series: M, N, O, ?",O,P,R,Q,P,Logical,Easy
Choose the synonym of 'bright'.,weak,smart,small,late,smart,Verbal,Hard
"If 10 workers finish a task in 6 days, how many worker-days are needed?",62,65,58,60,60,Puzzle,Medium
What is 18 + 87?,105,108,112,103,105,Quantitative,Hard
What is the square of 5?,24,26,30,25,25,Quantitative,Medium
"Find the next letter in the series: F, G, H, ?",K,I,J,H,I,Logical,Hard
Choose the synonym of 'ancient'.,weak,late,old,small,old,Verbal,Hard
"If 4 workers finish a task in 10 days, how many worker-days are needed?",45,38,40,42,40,Puzzle,Medium
What is 91 + 86?,184,175,177,180,177,Quantitative,Easy
What is the square of 3?,10,8,14,9,9,Quantitative,Hard
"Find the next letter in the series: N, O, P, ?",S,Q,P,R,Q,Logical,Hard
Choose the synonym of 'bright'.,smart,small,late,weak,smart,Verbal,Hard
"If 4 workers finish a task in 3 days, how many worker-days are needed?",14,10,12,17,12,Puzzle,Medium
What is 53 + 53?,109,104,106,113,106,Quantitative,Medium
What is the square of 17?,290,294,289,288,289,Quantitative,Hard
"Find the next letter in the series: J, K, L, ?",L,M,N,O,M,Logical,Easy
Choose the synonym of 'honest'.,truthful,small,late,weak,truthful,Verbal,Hard
"If 7 workers finish a task in 5 days, how many worker-days are needed?",33,37,35,40,35,Puzzle,Hard
What is 39 + 10?,49,52,47,56,49,Quantitative,Medium
What is the square of 19?,362,360,366,361,361,Quantitative,Easy
"Find the next letter in the series: E, F, G, ?",H,J,I,G,H,Logical,Easy
Choose the synonym of 'rapid'.,fast,small,weak,late,fast,Verbal,Easy
"If 4 workers finish a task in 3 days, how many worker-days are needed?",10,17,12,14,12,Puzzle,Hard
What is 74 + 28?,100,109,102,105,102,Quantitative,Easy
What is the square of 19?,360,361,362,366,361,Quantitative,Medium
"Find the next letter in the series: M, N, O, ?",Q,R,P,O,P,Logical,Medium
Choose the synonym of 'rapid'.,weak,fast,small,late,fast,Verbal,Easy
"If 5 workers finish a task in 8 days, how many worker-days are needed?",45,42,40,38,40,Puzzle,Easy
What is 55 + 69?,127,122,131,124,124,Quantitative,Easy
What is the square of 3?,10,14,9,8,9,Quantitative,Hard
"Find the next letter in the series: T, U, V, ?",Y,X,W,V,W,Logical,Hard
Choose the synonym of 'benefit'.,late,advantage,small,weak,advantage,Verbal,Easy
"If 6 workers finish a task in 3 days, how many worker-days are needed?",18,16,23,20,18,Puzzle,Easy
What is 90 + 88?,178,176,185,181,178,Quantitative,Hard
What is the square of 18?,329,324,323,325,324,Quantitative,Hard
"Find the next letter in the series: I, J, K, ?",K,N,M,L,L,Logical,Easy
Choose the synonym of 'honest'.,late,weak,small,truthful,truthful,Verbal,Easy
"If 3 workers finish a task in 4 days, how many worker-days are needed?",10,14,17,12,12,Puzzle,Hard
What is 43 + 47?,97,90,88,93,90,Quantitative,Easy
What is the square of 19?,366,360,362,361,361,Quantitative,Easy
"Find the next letter in the series: S, T, U, ?",W,X,U,V,V,Logical,Easy
Choose the synonym of 'ancient'.,weak,late,small,old,old,Verbal,Hard
"If 4 workers finish a task in 7 days, how many worker-days are needed?",28,26,30,33,28,Puzzle,Hard
What is 74 + 22?,99,94,103,96,96,Quantitative,Hard
What is the square of 15?,230,225,224,226,225,Quantitative,Easy
"Find the next letter in the series: H, I, J, ?",L,J,M,K,K,Logical,Easy
Choose the synonym of 'benefit'.,advantage,weak,small,late,advantage,Verbal,Easy
"If 3 workers finish a task in 10 days, how many worker-days are needed?",30,35,28,32,30,Puzzle,Hard
What is 10 + 91?,99,101,108,104,101,Quantitative,Medium
What is the square of 20?,400,405,399,401,400,Quantitative,Hard
"Find the next letter in the series: S, T, U, ?",U,V,W,X,V,Logical,Hard
Choose the synonym of 'ancient'.,late,small,old,weak,old,Verbal,Medium
"If 10 workers finish a task in 9 days, how many worker-days are needed?",90,95,88,92,90,Puzzle,Medium
What is 60 + 14?,72,74,77,81,74,Quantitative,Medium
What is the square of 18?,329,323,325,324,324,Quantitative,Medium
"Find the next letter in the series: M, N, O, ?",O,R,Q,P,P,Logical,Easy
Choose the synonym of 'bright'.,late,weak,smart,small,smart,Verbal,Hard
"If 5 workers finish a task in 4 days, how many worker-days are needed?",20,22,25,18,20,Puzzle,Medium
What is 28 + 63?,89,91,94,98,91,Quantitative,Easy
What is the square of 13?,174,168,170,169,169,Quantitative,Medium
"Find the next letter in the series: S, T, U, ?",U,X,W,V,V,Logical,Hard
Choose the synonym of 'benefit'.,weak,late,small,advantage,advantage,Verbal,Medium
"If 2 workers finish a task in 7 days, how many worker-days are needed?",12,14,16,19,14,Puzzle,Easy
What is 98 + 53?,149,151,158,154,151,Quantitative,Easy
What is the square of 5?,24,25,26,30,25,Quantitative,Hard
"Find the next letter in the series: H, I, J, ?",J,M,L,K,K,Logical,Medium
Choose the synonym of 'bright'.,smart,small,weak,late,smart,Verbal,Hard
"If 4 workers finish a task in 7 days, how many worker-days are needed?",30,28,33,26,28,Puzzle,Easy
What is 79 + 88?,167,165,170,174,167,Quantitative,Easy
What is the square of 7?,54,50,48,49,49,Quantitative,Medium
"Find the next letter in the series: L, M, N, ?",P,O,N,Q,O,Logical,Hard
Choose the synonym of 'bright'.,late,weak,small,smart,smart,Verbal,Hard
"If 5 workers finish a task in 6 days, how many worker-days are needed?",30,35,28,32,30,Puzzle,Medium
What is 71 + 75?,153,146,144,149,146,Quantitative,Hard
What is the square of 11?,120,121,126,122,121,Quantitative,Easy
"Find the next letter in the series: K, L, M, ?",M,N,P,O,N,Logical,Easy
Choose the synonym of 'benefit'.,late,advantage,weak,small,advantage,Verbal,Easy
"If 8 workers finish a task in 6 days, how many worker-days are needed?",50,53,46,48,48,Puzzle,Easy
What is 62 + 97?,157,166,159,162,159,Quantitative,Medium
What is the square of 10?,99,105,101,100,100,Quantitative,Easy
"Find the next letter in the series: O, P, Q, ?",Q,S,T,R,R,Logical,Hard
Choose the synonym of 'ancient'.,old,small,weak,late,old,Verbal,Hard
"If 10 workers finish a task in 8 days, how many worker-days are needed?",85,78,82,80,80,Puzzle,Hard
What is 62 + 33?,95,102,93,98,95,Quantitative,Hard
What is the square of 3?,9,10,8,14,9,Quantitative,Medium
"Find the next letter in the series: B, C, D, ?",G,D,E,F,E,Logical,Easy
Choose the synonym of 'rapid'.,small,fast,weak,late,fast,Verbal,Easy
"If 6 workers finish a task in 8 days, how many worker-days are needed?",46,53,50,48,48,Puzzle,Easy
What is 89 + 50?,139,137,146,142,139,Quantitative,Hard
What is the square of 3?,10,9,8,14,9,Quantitative,Hard
"Find the next letter in the series: D, E, F, ?",I,F,H,G,G,Logical,Hard
Choose the synonym of 'rapid'.,small,weak,fast,late,fast,Verbal,Hard
"If 4 workers finish a task in 5 days, how many worker-days are needed?",25,20,22,18,20,Puzzle,Hard
What is 55 + 32?,94,87,90,85,87,Quantitative,Hard
What is the square of 12?,145,144,149,143,144,Quantitative,Medium
"Find the next letter in the series: B, C, D, ?",D,G,E,F,E,Logical,Easy
Choose the synonym of 'bright'.,weak,smart,late,small,smart,Verbal,Medium
"If 6 workers finish a task in 2 days, how many worker-days are needed?",14,12,17,10,12,Puzzle,Medium
What is 99 + 34?,136,131,140,133,133,Quantitative,Hard
What is the square of 15?,226,224,230,225,225,Quantitative,Hard
"Find the next letter in the series: I, J, K, ?",L,K,M,N,L,Logical,Easy
Choose the synonym of 'bright'.,weak,late,smart,small,smart,Verbal,Easy
"If 5 workers finish a task in 5 days, how many worker-days are needed?",30,23,27,25,25,Puzzle,Hard
What is 84 + 33?,124,115,117,120,117,Quantitative,Hard
What is the square of 17?,288,289,294,290,289,Quantitative,Medium
"Find the next letter in the series: O, P, Q, ?",T,S,Q,R,R,Logical,Hard
Choose the synonym of 'rapid'.,fast,small,late,weak,fast,Verbal,Hard
"If 5 workers finish a task in 5 days, how many worker-days are needed?",30,23,25,27,25,Puzzle,Hard
What is 45 + 43?,91,88,95,86,88,Quantitative,Medium
What is the square of 19?,361,366,362,360,361,Quantitative,Medium
"Find the next letter in the series: J, K, L, ?",O,L,M,N,M,Logical,Easy
Choose the synonym of 'honest'.,truthful,late,weak,small,truthful,Verbal,Medium
"If 2 workers finish a task in 9 days, how many worker-days are needed?",20,16,23,18,18,Puzzle,Medium
What is 31 + 78?,112,107,109,116,109,Quantitative,Hard
What is the square of 20?,401,399,405,400,400,Quantitative,Easy
"Find the next letter in the series: P, Q, R, ?",R,T,U,S,S,Logical,Easy
Choose the synonym of 'rapid'.,fast,small,weak,late,fast,Verbal,Medium
"If 3 workers finish a task in 3 days, how many worker-days are needed?",7,9,14,11,9,Puzzle,Medium
What is 50 + 44?,97,92,94,101,94,Quantitative,Hard
What is the square of 4?,15,17,21,16,16,Quantitative,Medium
"Find the next letter in the series: A, B, C, ?",E,C,D,F,D,Logical,Easy
Choose the synonym of 'benefit'.,advantage,small,late,weak,advantage,Verbal,Medium
"If 7 workers finish a task in 5 days, how many worker-days are needed?",35,37,33,40,35,Puzzle,Easy
What is 42 + 53?,98,95,102,93,95,Quantitative,Hard
What is the square of 17?,289,288,294,290,289,Quantitative,Easy
"Find the next letter in the series: I, J, K, ?",N,M,L,K,L,Logical,Easy
Choose the synonym of 'bright'.,late,smart,weak,small,smart,Verbal,Medium
"If 3 workers finish a task in 6 days, how many worker-days are needed?",23,16,18,20,18,Puzzle,Medium
What is 84 + 55?,146,137,142,139,139,Quantitative,Hard
What is the square of 10?,105,101,100,99,100,Quantitative,Medium
"Find the next letter in the series: L, M, N, ?",O,Q,N,P,O,Logical,Medium
Choose the synonym of 'ancient'.,old,weak,small,late,old,Verbal,Easy
"If 9 workers finish a task in 5 days, how many worker-days are needed?",50,47,45,43,45,Puzzle,Medium
What is 73 + 73?,149,146,153,144,146,Quantitative,Hard
What is the square of 14?,197,201,195,196,196,Quantitative,Medium
"Find the next letter in the series: C, D, E, ?",G,E,H,F,F,Logical,Easy
Choose the synonym of 'ancient'.,late,old,small,weak,old,Verbal,Medium
"If 6 workers finish a task in 5 days, how many worker-days are needed?",32,30,35,28,30,Puzzle,Hard
What is 68 + 12?,87,83,80,78,80,Quantitative,Easy
What is the square of 20?,401,405,400,399,400,Quantitative,Easy
"Find the next letter in the series: S, T, U, ?",X,U,V,W,V,Logical,Easy
Choose the synonym of 'ancient'.,small,old,late,weak,old,Verbal,Medium
"If 5 workers finish a task in 8 days, how many worker-days are needed?",38,40,45,42,40,Puzzle,Easy
What is 36 + 78?,112,121,114,117,114,Quantitative,Easy
What is the square of 8?,69,63,65,64,64,Quantitative,Easy
"Find the next letter in the series: R, S, T, ?",W,T,U,V,U,Logical,Hard
Choose the synonym of 'ancient'.,late,old,small,weak,old,Verbal,Medium
"If 9 workers finish a task in 7 days, how many worker-days are needed?",65,63,61,68,63,Puzzle,Medium
What is 74 + 98?,170,172,179,175,172,Quantitative,Medium
What is the square of 3?,9,8,14,10,9,Quantitative,Medium
"Find the next letter in the series: O, P, Q, ?",R,S,T,Q,R,Logical,Medium
Choose the synonym of 'honest'.,truthful,late,weak,small,truthful,Verbal,Hard
"If 5 workers finish a task in 2 days, how many worker-days are needed?",15,10,8,12,10,Puzzle,Easy
What is 53 + 52?,108,112,103,105,105,Quantitative,Easy
What is the square of 8?,69,63,64,65,64,Quantitative,Easy
"Find the next letter in the series: A, B, C, ?",E,D,C,F,D,Logical,Hard
Choose the synonym of 'benefit'.,small,weak,advantage,late,advantage,Verbal,Easy
"If 7 workers finish a task in 6 days, how many worker-days are needed?",47,40,42,44,42,Puzzle,Easy
What is 15 + 64?,79,86,82,77,79,Quantitative,Medium
What is the square of 15?,230,226,224,225,225,Quantitative,Medium
"Find the next letter in the series: K, L, M, ?",O,N,M,P,N,Logical,Easy
Choose the synonym of 'rapid'.,weak,late,small,fast,fast,Verbal,Medium
"If 2 workers finish a task in 2 days, how many worker-days are needed?",4,9,2,6,4,Puzzle,Hard
What is 37 + 20?,55,60,64,57,57,Quantitative,Hard
What is the square of 5?,26,25,24,30,25,Quantitative,Medium
"Find the next letter in the series: H, I, J, ?",M,L,K,J,K,Logical,Easy
Choose the synonym of 'bright'.,late,small,weak,smart,smart,Verbal,Easy
"If 4 workers finish a task in 8 days, how many worker-days are needed?",34,37,32,30,32,Puzzle,Medium
What is 95 + 49?,142,147,144,151,144,Quantitative,Easy
What is the square of 5?,30,24,25,26,25,Quantitative,Easy
"Find the next letter in the series: C, D, E, ?",G,E,H,F,F,Logical,Easy
Choose the synonym of 'bright'.,late,smart,weak,small,smart,Verbal,Easy
"If 7 workers finish a task in 2 days, how many worker-days are needed?",14,19,12,16,14,Puzzle,Medium
What is 46 + 90?,139,134,143,136,136,Quantitative,Easy
What is the square of 20?,399,405,401,400,400,Quantitative,Easy
"Find the next letter in the series: L, M, N, ?",N,Q,P,O,O,Logical,Hard
Choose the synonym of 'rapid'.,fast,late,small,weak,fast,Verbal,Medium
"If 8 workers finish a task in 8 days, how many worker-days are needed?",66,62,69,64,64,Puzzle,Easy
What is 27 + 83?,113,108,110,117,110,Quantitative,Hard
What is the square of 16?,256,255,257,261,256,Quantitative,Hard
"Find the next letter in the series: K, L, M, ?",P,M,N,O,N,Logical,Medium
Choose the synonym of 'benefit'.,weak,late,small,advantage,advantage,Verbal,Medium
"If 7 workers finish a task in 8 days, how many worker-days are needed?",58,54,61,56,56,Puzzle,Easy
What is 43 + 94?,144,140,135,137,137,Quantitative,Easy
What is the square of 20?,399,400,405,401,400,Quantitative,Hard
"Find the next letter in the series: Q, R, S, ?",T,V,S,U,T,Logical,Hard
Choose the synonym of 'ancient'.,small,late,old,weak,old,Verbal,Medium
"If 3 workers finish a task in 10 days, how many worker-days are needed?",30,28,35,32,30,Puzzle,Medium
What is 87 + 73?,167,163,160,158,160,Quantitative,Hard
What is the square of 6?,41,37,36,35,36,Quantitative,Easy
"Find the next letter in the series: G, H, I, ?",J,I,K,L,J,Logical,Easy
Choose the synonym of 'bright'.,late,smart,weak,small,smart,Verbal,Easy
"If 2 workers finish a task in 7 days, how many worker-days are needed?",16,12,14,19,14,Puzzle,Hard
What is 22 + 79?,104,101,99,108,101,Quantitative,Medium
What is the square of 10?,99,101,100,105,100,Quantitative,Medium
"Find the next letter in the series: S, T, U, ?",V,W,U,X,V,Logical,Medium
Choose the synonym of 'ancient'.,weak,small,late,old,old,Verbal,Easy
"If 10 workers finish a task in 2 days, how many worker-days are needed?",25,22,20,18,20,Puzzle,Medium
What is 37 + 96?,131,136,140,133,133,Quantitative,Medium
What is the square of 20?,399,405,400,401,400,Quantitative,Hard
"Find the next letter in the series: J, K, L, ?",M,O,N,L,M,Logical,Easy
Choose the synonym of 'rapid'.,weak,small,late,fast,fast,Verbal,Hard
"If 5 workers finish a task in 9 days, how many worker-days are needed?",43,50,47,45,45,Puzzle,Medium
What is 69 + 69?,145,138,141,136,138,Quantitative,Easy
What is the square of 13?,170,168,174,169,169,Quantitative,Hard
"Find the next letter in the series: N, O, P, ?",S,P,Q,R,Q,Logical,Easy
Choose the synonym of 'rapid'.,small,weak,late,fast,fast,Verbal,Hard
"If 4 workers finish a task in 2 days, how many worker-days are needed?",10,6,13,8,8,Puzzle,Medium
What is 48 + 79?,125,134,127,130,127,Quantitative,Medium
What is the square of 4?,17,21,16,15,16,Quantitative,Medium
"Find the next letter in the series: O, P, Q, ?",S,R,T,Q,R,Logical,Medium
Choose the synonym of 'benefit'.,small,advantage,weak,late,advantage,Verbal,Medium
"If 8 workers finish a task in 9 days, how many worker-days are needed?",70,72,74,77,72,Puzzle,Hard
What is 54 + 42?,94,99,96,103,96,Quantitative,Medium
What is the square of 7?,49,48,50,54,49,Quantitative,Medium
"Find the next letter in the series: T, U, V, ?",W,X,V,Y,W,Logical,Medium
Choose the synonym of 'bright'.,smart,small,weak,late,smart,Verbal,Hard
"If 10 workers finish a task in 8 days, how many worker-days are needed?",85,80,78,82,80,Puzzle,Hard
What is 14 + 94?,111,108,115,106,108,Quantitative,Medium
What is the square of 10?,99,100,105,101,100,Quantitative,Hard
"Find the next letter in the series: R, S, T, ?",U,T,W,V,U,Logical,Hard
Choose the synonym of 'benefit'.,small,advantage,weak,late,advantage,Verbal,Easy
"If 3 workers finish a task in 6 days, how many worker-days are needed?",18,23,20,16,18,Puzzle,Hard
What is 33 + 98?,134,129,131,138,131,Quantitative,Easy
What is the square of 7?,48,50,49,54,49,Quantitative,Hard
"Find the next letter in the series: J, K, L, ?",N,L,M,O,M,Logical,Hard
Choose the synonym of 'bright'.,small,weak,smart,late,smart,Verbal,Easy
"If 8 workers finish a task in 8 days, how many worker-days are needed?",62,69,66,64,64,Puzzle,Medium
What is 24 + 29?,53,56,60,51,53,Quantitative,Hard
What is the square of 13?,174,170,169,168,169,Quantitative,Hard
"Find the next letter in the series: T, U, V, ?",W,V,X,Y,W,Logical,Easy
Choose the synonym of 'rapid'.,fast,weak,small,late,fast,Verbal,Hard
"If 3 workers finish a task in 2 days, how many worker-days are needed?",8,6,4,11,6,Puzzle,Medium
What is 26 + 87?,113,111,116,120,113,Quantitative,Hard
What is the square of 18?,324,323,329,325,324,Quantitative,Hard
"Find the next letter in the series: F, G, H, ?",K,I,J,H,I,Logical,Hard
Choose the synonym of 'honest'.,late,truthful,weak,small,truthful,Verbal,Easy
"If 7 workers finish a task in 7 days, how many worker-days are needed?",54,51,47,49,49,Puzzle,Hard
What is 30 + 68?,96,105,101,98,98,Quantitative,Easy
What is the square of 6?,41,35,36,37,36,Quantitative,Hard
"Find the next letter in the series: N, O, P, ?",R,Q,S,P,Q,Logical,Hard
Choose the synonym of 'honest'.,small,weak,truthful,late,truthful,Verbal,Hard
"If 3 workers finish a task in 7 days, how many worker-days are needed?",23,26,21,19,21,Puzzle,Medium
What is 44 + 68?,119,110,112,115,112,Quantitative,Hard
What is the square of 15?,224,225,230,226,225,Quantitative,Medium
"Find the next letter in the series: U, V, W, ?",Z,W,Y,X,X,Logical,Hard
Choose the synonym of 'bright'.,late,weak,small,smart,smart,Verbal,Medium
"If 8 workers finish a task in 9 days, how many worker-days are needed?",74,72,70,77,72,Puzzle,Medium
What is 84 + 32?,123,116,114,119,116,Quantitative,Medium
What is the square of 4?,17,21,15,16,16,Quantitative,Easy
"Find the next letter in the series: J, K, L, ?",O,L,M,N,M,Logical,Easy
Choose the synonym of 'honest'.,small,weak,late,truthful,truthful,Verbal,Hard
"If 3 workers finish a task in 9 days, how many worker-days are needed?",25,27,32,29,27,Puzzle,Hard
What is 71 + 23?,94,92,101,97,94,Quantitative,Hard
What is the square of 19?,366,361,360,362,361,Quantitative,Hard
"Find the next letter in the series: O, P, Q, ?",S,T,R,Q,R,Logical,Easy
Choose the synonym of 'bright'.,small,late,weak,smart,smart,Verbal,Hard
"If 8 workers finish a task in 9 days, how many worker-days are needed?",72,70,74,77,72,Puzzle,Easy
What is 10 + 53?,66,70,63,61,63,Quantitative,Easy
What is the square of 3?,9,14,10,8,9,Quantitative,Hard
"Find the next letter in the series: M, N, O, ?",P,R,Q,O,P,Logical,Medium
Choose the synonym of 'benefit'.,late,small,advantage,weak,advantage,Verbal,Medium
"If 4 workers finish a task in 3 days, how many worker-days are needed?",12,10,17,14,12,Puzzle,Medium
What is 17 + 29?,46,49,53,44,46,Quantitative,Medium
What is the square of 20?,401,399,405,400,400,Quantitative,Medium
"Find the next letter in the series: N, O, P, ?",Q,R,S,P,Q,Logical,Hard
Choose the synonym of 'bright'.,weak,smart,small,late,smart,Verbal,Easy
"If 9 workers finish a task in 2 days, how many worker-days are needed?",20,18,16,23,18,Puzzle,Easy
What is 98 + 34?,130,139,132,135,132,Quantitative,Easy
What is the square of 12?,143,149,145,144,144,Quantitative,Easy
"Find the next letter in the series: U, V, W, ?",X,Y,Z,W,X,Logical,Medium
Choose the synonym of 'bright'.,smart,late,weak,small,smart,Verbal,Medium
"If 7 workers finish a task in 2 days, how many worker-days are needed?",19,14,12,16,14,Puzzle,Hard
What is 78 + 40?,125,116,118,121,118,Quantitative,Hard
What is the square of 7?,50,54,49,48,49,Quantitative,Medium
"Find the next letter in the series: N, O, P, ?",S,P,R,Q,Q,Logical,Hard
Choose the synonym of 'benefit'.,advantage,late,small,weak,advantage,Verbal,Hard
"If 7 workers finish a task in 6 days, how many worker-days are needed?",40,42,44,47,42,Puzzle,Easy
What is 79 + 62?,141,144,148,139,141,Quantitative,Medium
What is the square of 5?,26,25,24,30,25,Quantitative,Easy
"Find the next letter in the series: A, B, C, ?",D,C,E,F,D,Logical,Easy
Choose the synonym of 'honest'.,truthful,weak,small,late,truthful,Verbal,Medium
"If 6 workers finish a task in 3 days, how many worker-days are needed?",16,18,20,23,18,Puzzle,Easy
What is 35 + 63?,105,98,101,96,98,Quantitative,Medium
What is the square of 16?,256,257,255,261,256,Quantitative,Hard
"Find the next letter in the series: T, U, V, ?",V,X,Y,W,W,Logical,Easy
Choose the synonym of 'benefit'.,advantage,weak,small,late,advantage,Verbal,Easy
"If 6 workers finish a task in 2 days, how many worker-days are needed?",14,17,12,10,12,Puzzle,Medium
What is 90 + 25?,115,113,122,118,115,Quantitative,Medium
What is the square of 16?,261,257,256,255,256,Quantitative,Hard
"Find the next letter in the series: E, F, G, ?",G,J,H,I,H,Logical,Easy
Choose the synonym of 'benefit'.,advantage,weak,late,small,advantage,Verbal,Medium
"If 4 workers finish a task in 10 days, how many worker-days are needed?",42,45,38,40,40,Puzzle,Hard
What is 23 + 43?,69,64,73,66,66,Quantitative,Easy
What is the square of 10?,99,105,101,100,100,Quantitative,Medium
"Find the next letter in the series: F, G, H, ?",H,I,J,K,I,Logical,Hard
Choose the synonym of 'bright'.,small,late,weak,smart,smart,Verbal,Medium
"If 2 workers finish a task in 2 days, how many worker-days are needed?",6,9,4,2,4,Puzzle,Easy
What is 51 + 57?,108,111,115,106,108,Quantitative,Hard
What is the square of 11?,121,120,122,126,121,Quantitative,Hard
"Find the next letter in the series: A, B, C, ?",C,E,F,D,D,Logical,Medium
Choose the synonym of 'honest'.,truthful,late,small,weak,truthful,Verbal,Medium
"If 4 workers finish a task in 5 days, how many worker-days are needed?",22,20,25,18,20,Puzzle,Easy
What is 53 + 11?,62,67,71,64,64,Quantitative,Easy
What is the square of 18?,329,323,325,324,324,Quantitative,Easy
"Find the next letter in the series: B, C, D, ?",D,G,F,E,E,Logical,Medium
Choose the synonym of 'benefit'.,small,late,weak,advantage,advantage,Verbal,Easy
"If 6 workers finish a task in 10 days, how many worker-days are needed?",58,60,65,62,60,Puzzle,Easy
What is 51 + 90?,148,144,141,139,141,Quantitative,Hard
What is the square of 5?,25,24,26,30,25,Quantitative,Hard
"Find the next letter in the series: G, H, I, ?",L,K,I,J,J,Logical,Hard
Choose the synonym of 'benefit'.,advantage,weak,late,small,advantage,Verbal,Hard
"If 8 workers finish a task in 5 days, how many worker-days are needed?",45,40,38,42,40,Puzzle,Medium
What is 68 + 47?,113,122,118,115,115,Quantitative,Medium
What is the square of 16?,256,261,257,255,256,Quantitative,Hard
"Find the next letter in the series: S, T, U, ?",W,X,U,V,V,Logical,Easy
Choose the synonym of 'honest'.,late,weak,small,truthful,truthful,Verbal,Hard
"If 9 workers finish a task in 4 days, how many worker-days are needed?",34,36,41,38,36,Puzzle,Hard
What is 64 + 46?,117,110,113,108,110,Quantitative,Easy
What is the square of 8?,69,65,64,63,64,Quantitative,Hard
"Find the next letter in the series: D, E, F, ?",G,I,F,H,G,Logical,Easy
Choose the synonym of 'honest'.,truthful,weak,late,small,truthful,Verbal,Easy
"If 2 workers finish a task in 2 days, how many worker-days are needed?",4,2,6,9,4,Puzzle,Hard
What is 58 + 81?,142,139,146,137,139,Quantitative,Easy
What is the square of 6?,35,37,36,41,36,Quantitative,Hard
"Find the next letter in the series: I, J, K, ?",M,K,L,N,L,Logical,Medium
Choose the synonym of 'rapid'.,late,small,weak,fast,fast,Verbal,Medium
"If 2 workers finish a task in 7 days, how many worker-days are needed?",16,12,14,19,14,Puzzle,Medium
What is 36 + 13?,56,47,52,49,49,Quantitative,Easy
What is the square of 5?,24,25,26,30,25,Quantitative,Easy
"Find the next letter in the series: A, B, C, ?",D,C,E,F,D,Logical,Easy
Choose the synonym of 'honest'.,truthful,late,small,weak,truthful,Verbal,Easy
"If 7 workers finish a task in 8 days, how many worker-days are needed?",61,58,54,56,56,Puzzle,Hard
What is 62 + 34?,96,94,103,99,96,Quantitative,Easy
What is the square of 9?,80,86,82,81,81,Quantitative,Easy
"Find the next letter in the series: G, H, I, ?",K,J,I,L,J,Logical,Hard
Choose the synonym of 'ancient'.,old,weak,small,late,old,Verbal,Medium
"If 5 workers finish a task in 7 days, how many worker-days are needed?",35,37,33,40,35,Puzzle,Hard
What is 76 + 94?,168,173,170,177,170,Quantitative,Easy
What is the square of 4?,17,21,16,15,16,Quantitative,Easy
"Find the next letter in the series: L, M, N, ?",P,O,N,Q,O,Logical,Medium
Choose the synonym of 'honest'.,weak,late,small,truthful,truthful,Verbal,Medium
"If 7 workers finish a task in 7 days, how many worker-days are needed?",49,51,54,47,49,Puzzle,Easy
What is 53 + 96?,152,147,156,149,149,Quantitative,Easy
What is the square of 3?,14,9,10,8,9,Quantitative,Hard
"Find the next letter in the series: T, U, V, ?",W,Y,V,X,W,Logical,Medium
Choose the synonym of 'benefit'.,late,small,advantage,weak,advantage,Verbal,Medium
"If 6 workers finish a task in 6 days, how many worker-days are needed?",34,41,36,38,36,Puzzle,Hard
What is 79 + 45?,127,131,124,122,124,Quantitative,Easy
What is the square of 6?,35,41,36,37,36,Quantitative,Medium
"Find the next letter in the series: O, P, Q, ?",S,Q,R,T,R,Logical,Medium
Choose the synonym of 'honest'.,truthful,weak,small,late,truthful,Verbal,Medium
"If 2 workers finish a task in 9 days, how many worker-days are needed?",18,16,20,23,18,Puzzle,Easy
What is 61 + 39?,98,103,107,100,100,Quantitative,Medium
What is the square of 16?,261,257,256,255,256,Quantitative,Hard
"Find the next letter in the series: R, S, T, ?",W,T,V,U,U,Logical,Easy
Choose the synonym of 'ancient'.,old,late,small,weak,old,Verbal,Hard
"If 6 workers finish a task in 9 days, how many worker-days are needed?",52,59,54,56,54,Puzzle,Easy
What is 46 + 52?,101,105,98,96,98,Quantitative,Medium
What is the square of 15?,225,224,226,230,225,Quantitative,Hard
"Find the next letter in the series: T, U, V, ?",Y,W,X,V,W,Logical,Easy
Choose the synonym of 'ancient'.,late,weak,old,small,old,Verbal,Hard
"If 10 workers finish a task in 10 days, how many worker-days are needed?",102,100,105,98,100,Puzzle,Easy
What is 34 + 74?,115,108,106,111,108,Quantitative,Easy
What is the square of 16?,256,261,255,257,256,Quantitative,Hard
"Find the next letter in the series: S, T, U, ?",U,V,W,X,V,Logical,Easy
Choose the synonym of 'bright'.,weak,smart,late,small,smart,Verbal,Hard
"If 5 workers finish a task in 10 days, how many worker-days are needed?",48,50,55,52,50,Puzzle,Hard
What is 21 + 16?,35,40,37,44,37,Quantitative,Medium
What is the square of 20?,399,401,405,400,400,Quantitative,Hard
"Find the next letter in the series: G, H, I, ?",I,L,J,K,J,Logical,Hard
Choose the synonym of 'honest'.,late,small,weak,truthful,truthful,Verbal,Medium
"If 6 workers finish a task in 4 days, how many worker-days are needed?",22,29,26,24,24,Puzzle,Medium
What is 85 + 75?,167,158,163,160,160,Quantitative,Easy
What is the square of 20?,401,405,399,400,400,Quantitative,Medium
"Find the next letter in the series: G, H, I, ?",K,J,I,L,J,Logical,Hard
Choose the synonym of 'benefit'.,advantage,weak,small,late,advantage,Verbal,Medium
"If 7 workers finish a task in 3 days, how many worker-days are needed?",19,21,26,23,21,Puzzle,Easy
What is 19 + 19?,41,36,45,38,38,Quantitative,Medium
What is the square of 7?,50,49,48,54,49,Quantitative,Hard
"Find the next letter in the series: E, F, G, ?",G,J,H,I,H,Logical,Easy
Choose the synonym of 'honest'.,small,weak,truthful,late,truthful,Verbal,Easy
"If 3 workers finish a task in 2 days, how many worker-days are needed?",6,11,8,4,6,Puzzle,Hard
What is 48 + 56?,102,104,107,111,104,Quantitative,Hard
What is the square of 16?,256,261,255,257,256,Quantitative,Easy
"Find the next letter in the series: I, J, K, ?",M,L,K,N,L,Logical,Medium
Choose the synonym of 'ancient'.,small,late,weak,old,old,Verbal,Hard
"If 3 workers finish a task in 7 days, how many worker-days are needed?",21,23,26,19,21,Puzzle,Hard
What is 38 + 10?,46,55,48,51,48,Quantitative,Easy
What is the square of 4?,15,17,16,21,16,Quantitative,Easy
"Find the next letter in the series: C, D, E, ?",H,F,G,E,F,Logical,Easy
Choose the synonym of 'rapid'.,weak,small,fast,late,fast,Verbal,Hard
"If 10 workers finish a task in 9 days, how many worker-days are needed?",92,90,88,95,90,Puzzle,Easy
What is 80 + 26?,113,109,104,106,106,Quantitative,Medium
What is the square of 4?,16,15,21,17,16,Quantitative,Medium
"Find the next letter in the series: T, U, V, ?",X,W,Y,V,W,Logical,Easy
Choose the synonym of 'bright'.,smart,small,weak,late,smart,Verbal,Medium
"If 6 workers finish a task in 4 days, how many worker-days are needed?",22,26,24,29,24,Puzzle,Hard
What is 95 + 80?,175,173,178,182,175,Quantitative,Hard
What is the square of 9?,86,82,81,80,81,Quantitative,Easy
"Find the next letter in the series: I, J, K, ?",K,M,N,L,L,Logical,Medium
Choose the synonym of 'bright'.,small,weak,smart,late,smart,Verbal,Medium
"If 4 workers finish a task in 10 days, how many worker-days are needed?",40,45,42,38,40,Puzzle,Easy
What is 68 + 37?,105,112,108,103,105,Quantitative,Easy
What is the square of 17?,288,289,294,290,289,Quantitative,Hard
"Find the next letter in the series: Q, R, S, ?",U,S,T,V,T,Logical,Easy
Choose the synonym of 'benefit'.,small,advantage,weak,late,advantage,Verbal,Medium
"If 5 workers finish a task in 4 days, how many worker-days are needed?",22,20,18,25,20,Puzzle,Easy
What is 10 + 42?,52,59,50,55,52,Quantitative,Easy
What is the square of 7?,49,54,50,48,49,Quantitative,Hard
"Find the next letter in the series: F, G, H, ?",I,H,K,J,I,Logical,Hard
Choose the synonym of 'rapid'.,weak,fast,late,small,fast,Verbal,Hard
"If 3 workers finish a task in 10 days, how many worker-days are needed?",32,35,28,30,30,Puzzle,Easy
What is 70 + 22?,99,92,95,90,92,Quantitative,Medium
What is the square of 9?,81,80,82,86,81,Quantitative,Medium
"Find the next letter in the series: L, M, N, ?",P,N,O,Q,O,Logical,Medium
Choose the synonym of 'honest'.,truthful,weak,late,small,truthful,Verbal,Medium
"If 7 workers finish a task in 9 days, how many worker-days are needed?",68,65,61,63,63,Puzzle,Easy
What is 11 + 29?,38,47,43,40,40,Quantitative,Medium
What is the square of 19?,360,366,362,361,361,Quantitative,Hard
"Find the next letter in the series: M, N, O, ?",P,Q,R,O,P,Logical,Medium
Choose the synonym of 'ancient'.,old,late,small,weak,old,Verbal,Hard
"If 5 workers finish a task in 3 days, how many worker-days are needed?",13,20,17,15,15,Puzzle,Medium
What is 18 + 32?,53,57,48,50,50,Quantitative,Hard
What is the square of 5?,30,24,26,25,25,Quantitative,Easy
"Find the next letter in the series: N, O, P, ?",S,P,Q,R,Q,Logical,Easy
Choose the synonym of 'benefit'.,weak,small,advantage,late,advantage,Verbal,Hard
"If 6 workers finish a task in 4 days, how many worker-days are needed?",29,26,24,22,24,Puzzle,Easy
What is 98 + 94?,199,195,190,192,192,Quantitative,Medium
What is the square of 15?,226,224,225,230,225,Quantitative,Easy
"Find the next letter in the series: T, U, V, ?",Y,W,V,X,W,Logical,Medium
Choose the synonym of 'benefit'.,late,small,advantage,weak,advantage,Verbal,Medium
"If 5 workers finish a task in 7 days, how many worker-days are needed?",33,37,35,40,35,Puzzle,Easy
What is 18 + 36?,54,57,52,61,54,Quantitative,Hard
What is the square of 4?,16,21,17,15,16,Quantitative,Medium
"Find the next letter in the series: F, G, H, ?",K,I,H,J,I,Logical,Medium
Choose the synonym of 'ancient'.,late,old,small,weak,old,Verbal,Medium
"If 7 workers finish a task in 4 days, how many worker-days are needed?",26,28,30,33,28,Puzzle,Medium
What is 89 + 78?,170,174,165,167,167,Quantitative,Easy
What is the square of 15?,226,225,224,230,225,Quantitative,Medium
"Find the next letter in the series: K, L, M, ?",P,M,N,O,N,Logical,Easy
Choose the synonym of 'benefit'.,late,small,advantage,weak,advantage,Verbal,Easy
"If 4 workers finish a task in 10 days, how many worker-days are needed?",45,40,42,38,40,Puzzle,Hard
What is 34 + 34?,75,71,66,68,68,Quantitative,Hard
What is the square of 6?,41,37,35,36,36,Quantitative,Easy
"Find the next letter in the series: N, O, P, ?",P,S,R,Q,Q,Logical,Easy
Choose the synonym of 'bright'.,weak,small,smart,late,smart,Verbal,Easy
"If 7 workers finish a task in 2 days, how many worker-days are needed?",12,19,16,14,14,Puzzle,Medium
What is 76 + 55?,138,129,134,131,131,Quantitative,Easy
What is the square of 10?,105,101,99,100,100,Quantitative,Medium
"Find the next letter in the series: T, U, V, ?",W,Y,V,X,W,Logical,Easy
Choose the synonym of 'rapid'.,late,weak,fast,small,fast,Verbal,Easy
"If 5 workers finish a task in 4 days, how many worker-days are needed?",18,25,22,20,20,Puzzle,Easy
What is 18 + 60?,81,85,78,76,78,Quantitative,Hard
What is the square of 11?,121,126,120,122,121,Quantitative,Hard
"Find the next letter in the series: A, B, C, ?",F,C,D,E,D,Logical,Easy
Choose the synonym of 'rapid'.,small,weak,fast,late,fast,Verbal,Easy
"If 3 workers finish a task in 10 days, how many worker-days are needed?",28,32,35,30,30,Puzzle,Medium
What is 69 + 83?,155,159,150,152,152,Quantitative,Medium
What is the square of 17?,290,288,289,294,289,Quantitative,Easy
"Find the next letter in the series: T, U, V, ?",V,X,Y,W,W,Logical,Medium
Choose the synonym of 'rapid'.,small,weak,late,fast,fast,Verbal,Medium
"If 10 workers finish a task in 2 days, how many worker-days are needed?",25,22,18,20,20,Puzzle,Medium
What is 71 + 63?,141,134,132,137,134,Quantitative,Hard
What is the square of 20?,405,400,399,401,400,Quantitative,Medium
"Find the next letter in the series: M, N, O, ?",P,Q,R,O,P,Logical,Medium
Choose the synonym of 'ancient'.,weak,late,old,small,old,Verbal,Hard
"If 9 workers finish a task in 4 days, how many worker-days are needed?",34,36,38,41,36,Puzzle,Easy
What is 54 + 35?,92,96,89,87,89,Quantitative,Hard
What is the square of 5?,24,25,26,30,25,Quantitative,Easy
"Find the next letter in the series: F, G, H, ?",J,K,H,I,I,Logical,Easy
Choose the synonym of 'ancient'.,old,small,late,weak,old,Verbal,Easy
"If 9 workers finish a task in 7 days, how many worker-days are needed?",63,68,65,61,63,Puzzle,Medium
What is 42 + 39?,81,88,79,84,81,Quantitative,Hard
What is the square of 13?,174,168,169,170,169,Quantitative,Hard
"Find the next letter in the series: E, F, G, ?",I,J,G,H,H,Logical,Medium
Choose the synonym of 'bright'.,smart,weak,late,small,smart,Verbal,Hard
"If 6 workers finish a task in 6 days, how many worker-days are needed?",38,36,34,41,36,Puzzle,Medium
What is 41 + 33?,74,72,81,77,74,Quantitative,Hard
What is the square of 19?,366,360,361,362,361,Quantitative,Medium
"Find the next letter in the series: B, C, D, ?",D,E,F,G,E,Logical,Medium
Choose the synonym of 'honest'.,weak,small,truthful,late,truthful,Verbal,Medium
"If 6 workers finish a task in 10 days, how many worker-days are needed?",62,60,65,58,60,Puzzle,Medium
What is 69 + 15?,84,91,82,87,84,Quantitative,Hard
What is the square of 3?,9,8,14,10,9,Quantitative,Hard
"Find the next letter in the series: R, S, T, ?",W,U,V,T,U,Logical,Easy
Choose the synonym of 'honest'.,weak,late,small,truthful,truthful,Verbal,Easy
"If 10 workers finish a task in 5 days, how many worker-days are needed?",50,55,48,52,50,Puzzle,Easy
What is 81 + 93?,172,181,177,174,174,Quantitative,Hard
What is the square of 5?,24,26,30,25,25,Quantitative,Medium
"Find the next letter in the series: E, F, G, ?",J,G,H,I,H,Logical,Easy
Choose the synonym of 'rapid'.,late,small,weak,fast,fast,Verbal,Medium
"If 2 workers finish a task in 5 days, how many worker-days are needed?",15,10,12,8,10,Puzzle,Easy
What is 22 + 89?,114,118,111,109,111,Quantitative,Hard
What is the square of 15?,230,225,226,224,225,Quantitative,Hard
"Find the next letter in the series: S, T, U, ?",V,W,X,U,V,Logical,Hard
Choose the synonym of 'ancient'.,weak,old,late,small,old,Verbal,Medium
"If 8 workers finish a task in 5 days, how many worker-days are needed?",45,38,42,40,40,Puzzle,Easy
What is 85 + 14?,102,97,106,99,99,Quantitative,Hard
What is the square of 3?,10,9,14,8,9,Quantitative,Hard
"Find the next letter in the series: O, P, Q, ?",S,R,Q,T,R,Logical,Easy
Choose the synonym of 'rapid'.,weak,late,small,fast,fast,Verbal,Medium
"If 4 workers finish a task in 6 days, how many worker-days are needed?",26,22,24,29,24,Puzzle,Medium
What is 70 + 80?,148,153,157,150,150,Quantitative,Easy
What is the square of 5?,25,30,26,24,25,Quantitative,Medium
"Find the next letter in the series: G, H, I, ?",I,K,J,L,J,Logical,Easy
Choose the synonym of 'bright'.,weak,small,late,smart,smart,Verbal,Easy
"If 6 workers finish a task in 2 days, how many worker-days are needed?",14,12,17,10,12,Puzzle,Easy
What is 79 + 19?,96,101,105,98,98,Quantitative,Easy
What is the square of 15?,230,225,226,224,225,Quantitative,Hard
"Find the next letter in the series: M, N, O, ?",O,R,Q,P,P,Logical,Easy
Choose the synonym of 'benefit'.,weak,advantage,small,late,advantage,Verbal,Easy
"If 3 workers finish a task in 3 days, how many worker-days are needed?",9,7,14,11,9,Puzzle,Hard
What is 92 + 71?,161,163,166,170,163,Quantitative,Hard
What is the square of 6?,41,36,37,35,36,Quantitative,Easy
"Find the next letter in the series: Q, R, S, ?",T,V,S,U,T,Logical,Easy
Choose the synonym of 'bright'.,weak,smart,late,small,smart,Verbal,Medium
"If 4 workers finish a task in 2 days, how many worker-days are needed?",13,10,8,6,8,Puzzle,Medium
What is 18 + 59?,75,80,84,77,77,Quantitative,Hard
What is the square of 4?,17,21,16,15,16,Quantitative,Medium
"Find the next letter in the series: B, C, D, ?",E,G,F,D,E,Logical,Hard
Choose the synonym of 'benefit'.,small,late,weak,advantage,advantage,Verbal,Easy
"If 9 workers finish a task in 2 days, how many worker-days are needed?",23,16,18,20,18,Puzzle,Hard
What is 24 + 65?,87,92,96,89,89,Quantitative,Easy
What is the square of 13?,170,174,169,168,169,Quantitative,Medium
"Find the next letter in the series: B, C, D, ?",F,D,E,G,E,Logical,Easy
Choose the synonym of 'bright'.,weak,small,smart,late,smart,Verbal,Medium
"If 6 workers finish a task in 8 days, how many worker-days are needed?",50,46,53,48,48,Puzzle,Hard
What is 74 + 34?,111,108,115,106,108,Quantitative,Easy
What is the square of 18?,323,325,324,329,324,Quantitative,Easy
"Find the next letter in the series: U, V, W, ?",Y,W,Z,X,X,Logical,Easy
Choose the synonym of 'honest'.,weak,late,truthful,small,truthful,Verbal,Medium
"If 6 workers finish a task in 6 days, how many worker-days are needed?",34,36,41,38,36,Puzzle,Hard
What is 92 + 32?,124,127,122,131,124,Quantitative,Easy
What is the square of 10?,99,101,105,100,100,Quantitative,Medium
"Find the next letter in the series: A, B, C, ?",D,E,C,F,D,Logical,Easy
Choose the synonym of 'bright'.,smart,late,small,weak,smart,Verbal,Medium
"If 10 workers finish a task in 6 days, how many worker-days are needed?",65,60,62,58,60,Puzzle,Easy
What is 67 + 92?,157,162,159,166,159,Quantitative,Medium
What is the square of 11?,121,122,120,126,121,Quantitative,Easy
"Find the next letter in the series: T, U, V, ?",V,Y,X,W,W,Logical,Easy
Choose the synonym of 'honest'.,weak,late,truthful,small,truthful,Verbal,Hard
"If 6 workers finish a task in 7 days, how many worker-days are needed?",42,44,40,47,42,Puzzle,Easy
What is 61 + 28?,87,96,89,92,89,Quantitative,Hard
What is the square of 3?,10,8,9,14,9,Quantitative,Hard
"Find the next letter in the series: O, P, Q, ?",Q,R,T,S,R,Logical,Medium
Choose the synonym of 'bright'.,smart,late,small,weak,smart,Verbal,Medium
"If 3 workers finish a task in 6 days, how many worker-days are needed?",20,18,16,23,18,Puzzle,Medium
What is 12 + 95?,107,105,114,110,107,Quantitative,Medium
What is the square of 17?,289,290,288,294,289,Quantitative,Hard
"Find the next letter in the series: L, M, N, ?",P,Q,N,O,O,Logical,Hard
Choose the synonym of 'bright'.,weak,late,small,smart,smart,Verbal,Hard
"If 7 workers finish a task in 8 days, how many worker-days are needed?",54,56,61,58,56,Puzzle,Easy
What is 34 + 24?,65,58,61,56,58,Quantitative,Hard
What is the square of 13?,169,170,168,174,169,Quantitative,Easy
"Find the next letter in the series: M, N, O, ?",R,O,Q,P,P,Logical,Easy
Choose the synonym of 'benefit'.,advantage,small,weak,late,advantage,Verbal,Hard
"If 6 workers finish a task in 10 days, how many worker-days are needed?",58,60,65,62,60,Puzzle,Easy
What is 92 + 57?,156,147,152,149,149,Quantitative,Medium
What is the square of 17?,290,294,288,289,289,Quantitative,Hard
"Find the next letter in the series: Q, R, S, ?",S,V,U,T,T,Logical,Easy
Choose the synonym of 'bright'.,small,late,smart,weak,smart,Verbal,Easy
"If 10 workers finish a task in 5 days, how many worker-days are needed?",50,55,52,48,50,Puzzle,Hard
What is 40 + 74?,112,117,121,114,114,Quantitative,Medium
What is the square of 16?,256,261,257,255,256,Quantitative,Medium
"Find the next letter in the series: F, G, H, ?",H,J,I,K,I,Logical,Easy
Choose the synonym of 'benefit'.,late,small,weak,advantage,advantage,Verbal,Hard
"If 9 workers finish a task in 10 days, how many worker-days are needed?",88,90,92,95,90,Puzzle,Hard
What is 54 + 12?,64,69,73,66,66,Quantitative,Hard
What is the square of 8?,65,63,64,69,64,Quantitative,Hard
"Find the next letter in the series: C, D, E, ?",E,G,F,H,F,Logical,Easy
Choose the synonym of 'rapid'.,late,small,weak,fast,fast,Verbal,Easy
"If 5 workers finish a task in 7 days, how many worker-days are needed?",35,33,37,40,35,Puzzle,Medium
What is 95 + 28?,121,126,123,130,123,Quantitative,Easy
What is the square of 6?,35,41,37,36,36,Quantitative,Hard
"Find the next letter in the series: A, B, C, ?",F,C,E,D,D,Logical,Hard
Choose the synonym of 'honest'.,weak,truthful,small,late,truthful,Verbal,Medium
"If 9 workers finish a task in 3 days, how many worker-days are needed?",25,32,27,29,27,Puzzle,Medium
What is 67 + 46?,113,120,116,111,113,Quantitative,Medium
What is the square of 20?,401,405,399,400,400,Quantitative,Hard
"Find the next letter in the series: L, M, N, ?",O,Q,P,N,O,Logical,Medium
Choose the synonym of 'bright'.,small,late,smart,weak,smart,Verbal,Easy
"If 8 workers finish a task in 9 days, how many worker-days are needed?",74,72,77,70,72,Puzzle,Hard
What is 60 + 31?,98,89,91,94,91,Quantitative,Medium
What is the square of 17?,294,290,289,288,289,Quantitative,Medium
"Find the next letter in the series: A, B, C, ?",C,D,F,E,D,Logical,Hard
Choose the synonym of 'honest'.,truthful,weak,small,late,truthful,Verbal,Hard
"If 5 workers finish a task in 2 days, how many worker-days are needed?",15,8,10,12,10,Puzzle,Hard
What is 88 + 34?,129,120,125,122,122,Quantitative,Hard
What is the square of 17?,290,288,294,289,289,Quantitative,Medium
"Find the next letter in the series: T, U, V, ?",X,V,Y,W,W,Logical,Medium
Choose the synonym of 'rapid'.,small,late,weak,fast,fast,Verbal,Hard
"If 7 workers finish a task in 9 days, how many worker-days are needed?",61,68,63,65,63,Puzzle,Easy
What is 82 + 10?,90,99,95,92,92,Quantitative,Medium
What is the square of 16?,261,256,257,255,256,Quantitative,Medium
"Find the next letter in the series: P, Q, R, ?",R,S,U,T,S,Logical,Easy
Choose the synonym of 'honest'.,weak,late,truthful,small,truthful,Verbal,Easy
"If 5 workers finish a task in 2 days, how many worker-days are needed?",15,8,12,10,10,Puzzle,Easy
What is 60 + 83?,150,141,146,143,143,Quantitative,Medium
What is the square of 5?,30,24,26,25,25,Quantitative,Medium
"Find the next letter in the series: G, H, I, ?",J,I,L,K,J,Logical,Hard
Choose the synonym of 'ancient'.,small,old,late,weak,old,Verbal,Medium
"If 6 workers finish a task in 10 days, how many worker-days are needed?",62,65,60,58,60,Puzzle,Hard
What is 80 + 46?,126,124,133,129,126,Quantitative,Hard
What is the square of 7?,50,54,48,49,49,Quantitative,Medium
"Find the next letter in the series: F, G, H, ?",K,J,I,H,I,Logical,Medium
Choose the synonym of 'rapid'.,fast,small,late,weak,fast,Verbal,Medium
"If 10 workers finish a task in 10 days, how many worker-days are needed?",105,98,100,102,100,Puzzle,Hard
What is 20 + 28?,55,51,48,46,48,Quantitative,Easy
What is the square of 13?,168,174,169,170,169,Quantitative,Hard
"Find the next letter in the series: F, G, H, ?",I,J,H,K,I,Logical,Easy
Choose the synonym of 'ancient'.,late,old,small,weak,old,Verbal,Hard
"If 2 workers finish a task in 2 days, how many worker-days are needed?",4,9,6,2,4,Puzzle,Hard
What is 53 + 44?,97,100,104,95,97,Quantitative,Easy
What is the square of 19?,362,360,361,366,361,Quantitative,Medium
"Find the next letter in the series: I, J, K, ?",K,L,M,N,L,Logical,Medium
Choose the synonym of 'bright'.,weak,small,late,smart,smart,Verbal,Hard
"If 9 workers finish a task in 6 days, how many worker-days are needed?",56,54,59,52,54,Puzzle,Medium
What is 92 + 33?,125,123,128,132,125,Quantitative,Hard
What is the square of 4?,16,17,15,21,16,Quantitative,Hard
"Find the next letter in the series: C, D, E, ?",E,G,H,F,F,Logical,Medium
Choose the synonym of 'ancient'.,weak,late,small,old,old,Verbal,Hard
"If 10 workers finish a task in 8 days, how many worker-days are needed?",82,80,85,78,80,Puzzle,Easy
What is 36 + 52?,91,86,95,88,88,Quantitative,Hard
What is the square of 11?,121,120,126,122,121,Quantitative,Easy
"Find the next letter in the series: K, L, M, ?",O,P,N,M,N,Logical,Easy
Choose the synonym of 'benefit'.,advantage,late,small,weak,advantage,Verbal,Medium
"If 9 workers finish a task in 2 days, how many worker-days are needed?",16,20,23,18,18,Puzzle,Easy
What is 23 + 57?,80,87,78,83,80,Quantitative,Hard
What is the square of 8?,65,63,69,64,64,Quantitative,Hard
"Find the next letter in the series: H, I, J, ?",J,M,L,K,K,Logical,Easy
Choose the synonym of 'honest'.,truthful,late,weak,small,truthful,Verbal,Hard
"If 8 workers finish a task in 2 days, how many worker-days are needed?",18,21,14,16,16,Puzzle,Easy
What is 43 + 18?,68,64,61,59,61,Quantitative,Easy
What is the square of 13?,168,170,174,169,169,Quantitative,Easy
"Find the next letter in the series: J, K, L, ?",M,L,O,N,M,Logical,Medium
Choose the synonym of 'bright'.,late,small,weak,smart,smart,Verbal,Easy
"If 6 workers finish a task in 9 days, how many worker-days are needed?",59,52,56,54,54,Puzzle,Hard
What is 69 + 21?,88,90,93,97,90,Quantitative,Hard
What is the square of 14?,201,195,197,196,196,Quantitative,Hard
"Find the next letter in the series: C, D, E, ?",F,H,E,G,F,Logical,Medium
Choose the synonym of 'honest'.,late,truthful,small,weak,truthful,Verbal,Hard
"If 4 workers finish a task in 7 days, how many worker-days are needed?",26,28,33,30,28,Puzzle,Medium
What is 49 + 30?,86,77,79,82,79,Quantitative,Hard
What is the square of 9?,82,86,80,81,81,Quantitative,Hard
"Find the next letter in the series: R, S, T, ?",W,T,U,V,U,Logical,Easy
Choose the synonym of 'bright'.,small,weak,late,smart,smart,Verbal,Medium
"If 9 workers finish a task in 9 days, how many worker-days are needed?",86,83,79,81,81,Puzzle,Hard
What is 90 + 77?,170,167,174,165,167,Quantitative,Medium
What is the square of 9?,80,81,86,82,81,Quantitative,Medium
"Find the next letter in the series: P, Q, R, ?",T,R,U,S,S,Logical,Easy
Choose the synonym of 'rapid'.,late,weak,fast,small,fast,Verbal,Medium
"If 2 workers finish a task in 9 days, how many worker-days are needed?",23,20,16,18,18,Puzzle,Medium
What is 79 + 12?,94,89,98,91,91,Quantitative,Easy
What is the square of 19?,360,366,361,362,361,Quantitative,Medium
"Find the next letter in the series: J, K, L, ?",N,M,L,O,M,Logical,Medium
Choose the synonym of 'bright'.,weak,late,small,smart,smart,Verbal,Hard
"If 8 workers finish a task in 3 days, how many worker-days are needed?",22,24,29,26,24,Puzzle,Easy
What is 60 + 96?,154,156,163,159,156,Quantitative,Easy
What is the square of 17?,290,289,288,294,289,Quantitative,Medium
"Find the next letter in the series: K, L, M, ?",O,N,M,P,N,Logical,Easy
Choose the synonym of 'ancient'.,small,late,weak,old,old,Verbal,Hard
"If 4 workers finish a task in 10 days, how many worker-days are needed?",45,38,42,40,40,Puzzle,Medium
What is 37 + 58?,98,102,95,93,95,Quantitative,Easy
What is the square of 6?,35,36,41,37,36,Quantitative,Medium
"Find the next letter in the series: N, O, P, ?",P,S,Q,R,Q,Logical,Easy
Choose the synonym of 'honest'.,truthful,late,weak,small,truthful,Verbal,Hard
"If 7 workers finish a task in 5 days, how many worker-days are needed?",37,33,40,35,35,Puzzle,Medium
What is 17 + 50?,70,67,65,74,67,Quantitative,Medium
What is the square of 10?,105,100,99,101,100,Quantitative,Easy
"Find the next letter in the series: T, U, V, ?",Y,V,X,W,W,Logical,Hard
Choose the synonym of 'rapid'.,small,fast,weak,late,fast,Verbal,Easy
"If 6 workers finish a task in 5 days, how many worker-days are needed?",28,30,35,32,30,Puzzle,Hard
What is 94 + 19?,120,111,113,116,113,Quantitative,Easy
What is the square of 9?,82,86,80,81,81,Quantitative,Easy
"Find the next letter in the series: J, K, L, ?",M,O,L,N,M,Logical,Medium
Choose the synonym of 'benefit'.,late,small,advantage,weak,advantage,Verbal,Hard
"If 4 workers finish a task in 7 days, how many worker-days are needed?",33,30,26,28,28,Puzzle,Easy
What is 96 + 19?,118,115,122,113,115,Quantitative,Easy
What is the square of 12?,145,143,149,144,144,Quantitative,Hard
"Find the next letter in the series: R, S, T, ?",T,U,V,W,U,Logical,Hard
Choose the synonym of 'honest'.,truthful,late,weak,small,truthful,Verbal,Easy
"If 8 workers finish a task in 7 days, how many worker-days are needed?",58,61,54,56,56,Puzzle,Medium
What is 49 + 95?,147,142,144,151,144,Quantitative,Easy
What is the square of 16?,257,256,261,255,256,Quantitative,Hard
"Find the next letter in the series: D, E, F, ?",H,I,G,F,G,Logical,Medium
Choose the synonym of 'rapid'.,fast,weak,small,late,fast,Verbal,Hard
"If 3 workers finish a task in 10 days, how many worker-days are needed?",30,35,32,28,30,Puzzle,Medium
What is 12 + 21?,36,33,31,40,33,Quantitative,Easy
What is the square of 3?,9,14,8,10,9,Quantitative,Easy
"Find the next letter in the series: N, O, P, ?",S,Q,P,R,Q,Logical,Hard
Choose the synonym of 'bright'.,late,smart,weak,small,smart,Verbal,Hard
"If 3 workers finish a task in 4 days, how many worker-days are needed?",14,17,10,12,12,Puzzle,Hard
What is 59 + 84?,150,141,146,143,143,Quantitative,Medium
What is the square of 11?,122,121,120,126,121,Quantitative,Hard
"Find the next letter in the series: L, M, N, ?",N,P,O,Q,O,Logical,Medium
Choose the synonym of 'honest'.,small,weak,late,truthful,truthful,Verbal,Easy
"If 8 workers finish a task in 4 days, how many worker-days are needed?",30,37,34,32,32,Puzzle,Easy
What is 54 + 51?,103,112,108,105,105,Quantitative,Medium
What is the square of 3?,14,10,8,9,9,Quantitative,Medium
"Find the next letter in the series: B, C, D, ?",D,F,E,G,E,Logical,Easy
Choose the synonym of 'ancient'.,small,old,weak,late,old,Verbal,Hard
"If 9 workers finish a task in 2 days, how many worker-days are needed?",18,23,20,16,18,Puzzle,Easy
What is 64 + 99?,166,161,163,170,163,Quantitative,Hard
What is the square of 9?,86,80,82,81,81,Quantitative,Easy
"Find the next letter in the series: P, Q, R, ?",S,R,U,T,S,Logical,Medium
Choose the synonym of 'benefit'.,small,weak,late,advantage,advantage,Verbal,Medium
"If 7 workers finish a task in 3 days, how many worker-days are needed?",19,26,21,23,21,Puzzle,Medium
What is 92 + 83?,173,178,175,182,175,Quantitative,Easy
What is the square of 18?,325,329,323,324,324,Quantitative,Easy
"Find the next letter in the series: D, E, F, ?",I,F,G,H,G,Logical,Hard
Choose the synonym of 'rapid'.,small,fast,late,weak,fast,Verbal,Hard
"If 2 workers finish a task in 8 days, how many worker-days are needed?",14,18,21,16,16,Puzzle,Medium
What is 70 + 37?,105,114,110,107,107,Quantitative,Hard
What is the square of 3?,9,8,10,14,9,Quantitative,Medium
"Find the next letter in the series: L, M, N, ?",O,N,P,Q,O,Logical,Medium
Choose the synonym of 'benefit'.,advantage,weak,small,late,advantage,Verbal,Easy
"If 6 workers finish a task in 2 days, how many worker-days are needed?",12,10,14,17,12,Puzzle,Hard
What is 66 + 46?,110,119,112,115,112,Quantitative,Hard
What is the square of 14?,197,195,196,201,196,Quantitative,Medium
"Find the next letter in the series: R, S, T, ?",W,T,V,U,U,Logical,Hard
Choose the synonym of 'rapid'.,small,fast,weak,late,fast,Verbal,Medium
"If 2 workers finish a task in 9 days, how many worker-days are needed?",16,18,20,23,18,Puzzle,Medium
What is 56 + 96?,150,152,155,159,152,Quantitative,Hard
What is the square of 8?,63,64,69,65,64,Quantitative,Hard
"Find the next letter in the series: B, C, D, ?",D,G,E,F,E,Logical,Easy
Choose the synonym of 'rapid'.,small,fast,weak,late,fast,Verbal,Easy
"If 4 workers finish a task in 9 days, how many worker-days are needed?",34,36,41,38,36,Puzzle,Medium
What is 72 + 28?,103,98,100,107,100,Quantitative,Easy
What is the square of 14?,195,196,197,201,196,Quantitative,Medium
"Find the next letter in the series: N, O, P, ?",Q,R,P,S,Q,Logical,Medium
Choose the synonym of 'honest'.,small,weak,truthful,late,truthful,Verbal,Easy
"If 6 workers finish a task in 8 days, how many worker-days are needed?",53,50,48,46,48,Puzzle,Medium
What is 63 + 49?,115,119,110,112,112,Quantitative,Medium
What is the square of 6?,41,36,37,35,36,Quantitative,Hard
"Find the next letter in the series: R, S, T, ?",W,U,T,V,U,Logical,Hard
Choose the synonym of 'ancient'.,weak,late,small,old,old,Verbal,Medium
"If 6 workers finish a task in 8 days, how many worker-days are needed?",46,53,48,50,48,Puzzle,Easy
What is 43 + 73?,114,119,116,123,116,Quantitative,Hard
What is the square of 6?,36,41,35,37,36,Quantitative,Easy
"Find the next letter in the series: E, F, G, ?",J,H,G,I,H,Logical,Medium
Choose the synonym of 'bright'.,small,smart,weak,late,smart,Verbal,Hard
"If 7 workers finish a task in 2 days, how many worker-days are needed?",14,12,19,16,14,Puzzle,Hard
What is 56 + 81?,135,140,144,137,137,Quantitative,Hard
What is the square of 3?,9,14,10,8,9,Quantitative,Easy
"Find the next letter in the series: C, D, E, ?",H,F,G,E,F,Logical,Medium
Choose the synonym of 'ancient'.,old,late,small,weak,old,Verbal,Hard
"If 5 workers finish a task in 2 days, how many worker-days are needed?",8,12,10,15,10,Puzzle,Medium
What is 19 + 97?,123,116,114,119,116,Quantitative,Hard
What is the square of 15?,224,226,225,230,225,Quantitative,Medium
"Find the next letter in the series: S, T, U, ?",U,X,V,W,V,Logical,Medium
Choose the synonym of 'benefit'.,small,weak,late,advantage,advantage,Verbal,Hard
"If 8 workers finish a task in 7 days, how many worker-days are needed?",56,58,61,54,56,Puzzle,Hard
What is 60 + 44?,104,107,111,102,104,Quantitative,Medium
What is the square of 13?,168,169,174,170,169,Quantitative,Medium
"Find the next letter in the series: H, I, J, ?",M,L,K,J,K,Logical,Easy
Choose the synonym of 'rapid'.,fast,small,weak,late,fast,Verbal,Hard
"If 4 workers finish a task in 10 days, how many worker-days are needed?",45,42,38,40,40,Puzzle,Hard
What is 13 + 73?,93,89,86,84,86,Quantitative,Easy
What is the square of 7?,49,48,54,50,49,Quantitative,Easy
"Find the next letter in the series: D, E, F, ?",G,H,I,F,G,Logical,Medium
Choose the synonym of 'bright'.,small,smart,weak,late,smart,Verbal,Hard
"If 4 workers finish a task in 3 days, how many worker-days are needed?",12,10,14,17,12,Puzzle,Hard
What is 48 + 72?,127,118,123,120,120,Quantitative,Medium
What is the square of 20?,399,400,405,401,400,Quantitative,Medium
"Find the next letter in the series: F, G, H, ?",H,K,I,J,I,Logical,Easy
Choose the synonym of 'rapid'.,fast,small,weak,late,fast,Verbal,Medium
"If 4 workers finish a task in 6 days, how many worker-days are needed?",24,29,26,22,24,Puzzle,Easy
What is 74 + 58?,139,135,130,132,132,Quantitative,Easy
What is the square of 13?,170,174,168,169,169,Quantitative,Hard
"Find the next letter in the series: K, L, M, ?",P,M,N,O,N,Logical,Easy
Choose the synonym of 'bright'.,late,small,weak,smart,smart,Verbal,Easy
"If 10 workers finish a task in 10 days, how many worker-days are needed?",100,105,98,102,100,Puzzle,Easy
What is 44 + 10?,52,57,54,61,54,Quantitative,Hard
What is the square of 3?,10,14,9,8,9,Quantitative,Hard
"Find the next letter in the series: J, K, L, ?",O,L,N,M,M,Logical,Hard
Choose the synonym of 'honest'.,truthful,small,weak,late,truthful,Verbal,Medium
"If 7 workers finish a task in 3 days, how many worker-days are needed?",19,26,21,23,21,Puzzle,Medium
What is 28 + 93?,128,121,124,119,121,Quantitative,Hard
What is the square of 20?,405,401,399,400,400,Quantitative,Hard
"Find the next letter in the series: K, L, M, ?",N,O,P,M,N,Logical,Easy
Choose the synonym of 'rapid'.,fast,small,weak,late,fast,Verbal,Hard
"If 3 workers finish a task in 6 days, how many worker-days are needed?",18,16,23,20,18,Puzzle,Medium
What is 51 + 10?,64,68,59,61,61,Quantitative,Hard
What is the square of 14?,201,196,195,197,196,Quantitative,Easy
"Find the next letter in the series: A, B, C, ?",D,C,E,F,D,Logical,Medium
Choose the synonym of 'honest'.,late,truthful,small,weak,truthful,Verbal,Medium
"If 7 workers finish a task in 8 days, how many worker-days are needed?",56,58,61,54,56,Puzzle,Medium
What is 48 + 10?,58,56,61,65,58,Quantitative,Easy
What is the square of 8?,65,69,63,64,64,Quantitative,Easy
"Find the next letter in the series: J, K, L, ?",M,O,L,N,M,Logical,Easy
Choose the synonym of 'rapid'.,fast,small,late,weak,fast,Verbal,Easy
"If 7 workers finish a task in 7 days, how many worker-days are needed?",49,54,51,47,49,Puzzle,Medium
What is 97 + 84?,181,184,188,179,181,Quantitative,Hard
What is the square of 10?,105,101,99,100,100,Quantitative,Medium
"Find the next letter in the series: E, F, G, ?",H,J,G,I,H,Logical,Easy
Choose the synonym of 'benefit'.,weak,small,advantage,late,advantage,Verbal,Hard
"If 6 workers finish a task in 4 days, how many worker-days are needed?",24,22,29,26,24,Puzzle,Hard
What is 56 + 48?,104,111,102,107,104,Quantitative,Medium
What is the square of 15?,224,230,226,225,225,Quantitative,Medium
"Find the next letter in the series: A, B, C, ?",F,D,C,E,D,Logical,Hard
Choose the synonym of 'bright'.,small,late,smart,weak,smart,Verbal,Easy
"If 5 workers finish a task in 5 days, how many worker-days are needed?",30,27,23,25,25,Puzzle,Hard
What is 95 + 59?,161,157,154,152,154,Quantitative,Medium
What is the square of 5?,25,30,26,24,25,Quantitative,Medium
"Find the next letter in the series: Q, R, S, ?",T,U,V,S,T,Logical,Medium
Choose the synonym of 'honest'.,late,truthful,weak,small,truthful,Verbal,Medium
"If 9 workers finish a task in 8 days, how many worker-days are needed?",72,77,70,74,72,Puzzle,Hard
What is 37 + 47?,82,87,84,91,84,Quantitative,Easy
What is the square of 13?,174,170,169,168,169,Quantitative,Easy
"Find the next letter in the series: R, S, T, ?",U,T,W,V,U,Logical,Easy
Choose the synonym of 'ancient'.,old,small,weak,late,old,Verbal,Hard
"If 2 workers finish a task in 5 days, how many worker-days are needed?",8,15,10,12,10,Puzzle,Medium
What is 87 + 18?,105,108,103,112,105,Quantitative,Easy
What is the square of 11?,120,122,126,121,121,Quantitative,Easy
"Find the next letter in the series: U, V, W, ?",X,Z,W,Y,X,Logical,Easy
Choose the synonym of 'benefit'.,advantage,late,weak,small,advantage,Verbal,Easy
"If 8 workers finish a task in 9 days, how many worker-days are needed?",72,77,74,70,72,Puzzle,Easy
What is 34 + 42?,83,76,79,74,76,Quantitative,Medium
What is the square of 10?,99,105,101,100,100,Quantitative,Hard
"Find the next letter in the series: O, P, Q, ?",Q,R,T,S,R,Logical,Hard
Choose the synonym of 'rapid'.,small,late,weak,fast,fast,Verbal,Medium
"If 3 workers finish a task in 8 days, how many worker-days are needed?",29,22,26,24,24,Puzzle,Hard
What is 71 + 65?,136,139,134,143,136,Quantitative,Easy
What is the square of 16?,261,257,255,256,256,Quantitative,Hard
"Find the next letter in the series: D, E, F, ?",F,I,G,H,G,Logical,Hard
Choose the synonym of 'honest'.,weak,late,truthful,small,truthful,Verbal,Hard
"If 9 workers finish a task in 5 days, how many worker-days are needed?",47,43,45,50,45,Puzzle,Easy
What is 93 + 14?,110,114,105,107,107,Quantitative,Medium
What is the square of 19?,362,360,366,361,361,Quantitative,Medium
"Find the next letter in the series: G, H, I, ?",I,K,J,L,J,Logical,Hard
Choose the synonym of 'benefit'.,small,late,advantage,weak,advantage,Verbal,Hard
"If 4 workers finish a task in 10 days, how many worker-days are needed?",40,38,42,45,40,Puzzle,Hard
What is 49 + 59?,108,111,115,106,108,Quantitative,Medium
What is the square of 11?,121,122,126,120,121,Quantitative,Hard
"Find the next letter in the series: L, M, N, ?",P,O,N,Q,O,Logical,Easy
Choose the synonym of 'rapid'.,small,weak,late,fast,fast,Verbal,Medium
"If 4 workers finish a task in 10 days, how many worker-days are needed?",40,45,42,38,40,Puzzle,Medium
What is 98 + 66?,164,171,162,167,164,Quantitative,Hard
What is the square of 17?,288,290,294,289,289,Quantitative,Medium
"Find the next letter in the series: E, F, G, ?",G,H,J,I,H,Logical,Hard
Choose the synonym of 'ancient'.,weak,late,small,old,old,Verbal,Medium
"If 6 workers finish a task in 3 days, how many worker-days are needed?",23,16,20,18,18,Puzzle,Easy
What is 85 + 64?,149,152,147,156,149,Quantitative,Easy
What is the square of 16?,261,255,257,256,256,Quantitative,Medium
"Find the next letter in the series: A, B, C, ?",F,D,C,E,D,Logical,Easy
Choose the synonym of 'ancient'.,small,late,old,weak,old,Verbal,Hard
"If 6 workers finish a task in 4 days, how many worker-days are needed?",24,26,29,22,24,Puzzle,Hard
What is 81 + 88?,169,167,172,176,169,Quantitative,Easy
What is the square of 11?,121,126,120,122,121,Quantitative,Hard
"Find the next letter in the series: D, E, F, ?",I,F,G,H,G,Logical,Hard
Choose the synonym of 'ancient'.,late,small,weak,old,old,Verbal,Easy
"If 2 workers finish a task in 10 days, how many worker-days are needed?",18,22,25,20,20,Puzzle,Hard
What is 93 + 72?,163,172,168,165,165,Quantitative,Medium
What is the square of 7?,50,54,48,49,49,Quantitative,Easy
"Find the next letter in the series: T, U, V, ?",V,W,X,Y,W,Logical,Hard
Choose the synonym of 'bright'.,weak,smart,small,late,smart,Verbal,Easy
"If 4 workers finish a task in 3 days, how many worker-days are needed?",10,12,14,17,12,Puzzle,Hard
What is 74 + 32?,109,113,104,106,106,Quantitative,Hard
What is the square of 17?,289,294,288,290,289,Quantitative,Medium
"Find the next letter in the series: T, U, V, ?",V,Y,X,W,W,Logical,Medium
Choose the synonym of 'honest'.,late,truthful,small,weak,truthful,Verbal,Medium
"If 2 workers finish a task in 5 days, how many worker-days are needed?",8,10,12,15,10,Puzzle,Hard
What is 61 + 60?,121,124,128,119,121,Quantitative,Hard
What is the square of 18?,329,325,324,323,324,Quantitative,Hard
"Find the next letter in the series: O, P, Q, ?",Q,R,S,T,R,Logical,Hard
Choose the synonym of 'ancient'.,old,late,weak,small,old,Verbal,Medium
"If 5 workers finish a task in 7 days, how many worker-days are needed?",37,40,35,33,35,Puzzle,Hard
What is 15 + 12?,30,25,27,34,27,Quantitative,Medium
What is the square of 14?,197,195,196,201,196,Quantitative,Easy
"Find the next letter in the series: T, U, V, ?",Y,X,W,V,W,Logical,Medium
Choose the synonym of 'ancient'.,small,weak,late,old,old,Verbal,Easy
"If 6 workers finish a task in 2 days, how many worker-days are needed?",17,14,12,10,12,Puzzle,Easy
What is 67 + 79?,146,149,144,153,146,Quantitative,Medium
What is the square of 3?,10,9,14,8,9,Quantitative,Hard
"Find the next letter in the series: M, N, O, ?",P,Q,R,O,P,Logical,Hard
Choose the synonym of 'benefit'.,late,small,advantage,weak,advantage,Verbal,Easy
"If 8 workers finish a task in 8 days, how many worker-days are needed?",64,69,62,66,64,Puzzle,Easy
What is 46 + 43?,87,92,89,96,89,Quantitative,Hard
What is the square of 12?,144,143,149,145,144,Quantitative,Medium
"Find the next letter in the series: J, K, L, ?",L,O,N,M,M,Logical,Easy
Choose the synonym of 'benefit'.,weak,advantage,late,small,advantage,Verbal,Hard
"If 3 workers finish a task in 2 days, how many worker-days are needed?",4,11,8,6,6,Puzzle,Medium
What is 75 + 50?,123,128,125,132,125,Quantitative,Easy
What is the square of 3?,8,14,9,10,9,Quantitative,Easy
"Find the next letter in the series: L, M, N, ?",N,P,O,Q,O,Logical,Medium
Choose the synonym of 'honest'.,truthful,weak,small,late,truthful,Verbal,Easy
"If 3 workers finish a task in 4 days, how many worker-days are needed?",17,10,12,14,12,Puzzle,Medium
What is 41 + 18?,66,59,57,62,59,Quantitative,Easy
What is the square of 17?,294,288,290,289,289,Quantitative,Medium
"Find the next letter in the series: P, Q, R, ?",S,T,U,R,S,Logical,Easy
Choose the synonym of 'honest'.,small,weak,late,truthful,truthful,Verbal,Hard
"If 7 workers finish a task in 8 days, how many worker-days are needed?",56,58,61,54,56,Puzzle,Easy
What is 14 + 14?,35,26,31,28,28,Quantitative,Medium
What is the square of 13?,168,174,170,169,169,Quantitative,Hard
"Find the next letter in the series: C, D, E, ?",H,F,G,E,F,Logical,Easy
Choose the synonym of 'ancient'.,late,small,weak,old,old,Verbal,Easy
"If 9 workers finish a task in 9 days, how many worker-days are needed?",83,81,79,86,81,Puzzle,Medium
What is 11 + 85?,96,103,94,99,96,Quantitative,Hard
What is the square of 6?,37,35,36,41,36,Quantitative,Easy
"Find the next letter in the series: U, V, W, ?",Y,X,Z,W,X,Logical,Hard
Choose the synonym of 'benefit'.,weak,small,advantage,late,advantage,Verbal,Medium
"If 8 workers finish a task in 9 days, how many worker-days are needed?",70,74,72,77,72,Puzzle,Hard
What is 38 + 68?,106,109,104,113,106,Quantitative,Medium
What is the square of 18?,324,329,323,325,324,Quantitative,Medium
"Find the next letter in the series: K, L, M, ?",O,N,M,P,N,Logical,Easy
Choose the synonym of 'rapid'.,weak,small,late,fast,fast,Verbal,Hard
"If 3 workers finish a task in 6 days, how many worker-days are needed?",20,23,18,16,18,Puzzle,Medium
What is 40 + 29?,72,76,67,69,69,Quantitative,Hard
What is the square of 11?,122,126,121,120,121,Quantitative,Medium
"Find the next letter in the series: S, T, U, ?",V,U,X,W,V,Logical,Easy
Choose the synonym of 'rapid'.,weak,small,fast,late,fast,Verbal,Medium
"If 8 workers finish a task in 4 days, how many worker-days are needed?",32,30,37,34,32,Puzzle,Easy
What is 23 + 20?,46,50,41,43,43,Quantitative,Easy
What is the square of 11?,122,121,126,120,121,Quantitative,Hard
"Find the next letter in the series: M, N, O, ?",O,Q,R,P,P,Logical,Easy
Choose the synonym of 'ancient'.,old,weak,small,late,old,Verbal,Easy
"If 10 workers finish a task in 5 days, how many worker-days are needed?",55,48,50,52,50,Puzzle,Medium
What is 52 + 95?,147,150,145,154,147,Quantitative,Easy
What is the square of 10?,100,101,105,99,100,Quantitative,Medium
"Find the next letter in the series: H, I, J, ?",J,L,K,M,K,Logical,Hard
Choose the synonym of 'rapid'.,fast,late,weak,small,fast,Verbal,Easy
"If 6 workers finish a task in 7 days, how many worker-days are needed?",42,47,44,40,42,Puzzle,Medium
What is 88 + 22?,117,110,108,113,110,Quantitative,Medium
What is the square of 11?,122,121,126,120,121,Quantitative,Medium
"Find the next letter in the series: L, M, N, ?",O,N,P,Q,O,Logical,Hard
Choose the synonym of 'bright'.,smart,late,weak,small,smart,Verbal,Easy
"If 9 workers finish a task in 7 days, how many worker-days are needed?",63,61,68,65,63,Puzzle,Medium
What is 45 + 97?,149,140,145,142,142,Quantitative,Hard
What is the square of 20?,405,399,401,400,400,Quantitative,Medium
"Find the next letter in the series: Q, R, S, ?",T,U,S,V,T,Logical,Easy
Choose the synonym of 'ancient'.,old,small,weak,late,old,Verbal,Easy
"If 6 workers finish a task in 6 days, how many worker-days are needed?",34,41,36,38,36,Puzzle,Hard
What is 92 + 94?,186,193,184,189,186,Quantitative,Medium
What is the square of 16?,255,257,261,256,256,Quantitative,Easy
"Find the next letter in the series: E, F, G, ?",H,I,G,J,H,Logical,Hard
Choose the synonym of 'honest'.,small,weak,truthful,late,truthful,Verbal,Hard
"If 6 workers finish a task in 4 days, how many worker-days are needed?",26,24,22,29,24,Puzzle,Hard
What is 17 + 60?,80,75,77,84,77,Quantitative,Medium
What is the square of 15?,230,224,226,225,225,Quantitative,Medium
"Find the next letter in the series: H, I, J, ?",K,M,J,L,K,Logical,Medium
Choose the synonym of 'honest'.,truthful,small,late,weak,truthful,Verbal,Easy
"If 2 workers finish a task in 8 days, how many worker-days are needed?",16,21,18,14,16,Puzzle,Medium
What is 25 + 84?,109,116,107,112,109,Quantitative,Medium
What is the square of 10?,99,100,105,101,100,Quantitative,Hard
"Find the next letter in the series: O, P, Q, ?",T,Q,R,S,R,Logical,Medium
Choose the synonym of 'bright'.,late,small,weak,smart,smart,Verbal,Medium
"If 10 workers finish a task in 6 days, how many worker-days are needed?",60,58,62,65,60,Puzzle,Hard
What is 87 + 35?,125,129,122,120,122,Quantitative,Medium
What is the square of 12?,144,145,143,149,144,Quantitative,Medium
"Find the next letter in the series: Q, R, S, ?",T,U,S,V,T,Logical,Easy
Choose the synonym of 'rapid'.,late,fast,small,weak,fast,Verbal,Easy
"If 2 workers finish a task in 6 days, how many worker-days are needed?",12,17,14,10,12,Puzzle,Hard
What is 90 + 65?,162,155,158,153,155,Quantitative,Medium
What is the square of 20?,405,400,399,401,400,Quantitative,Hard
"Find the next letter in the series: E, F, G, ?",H,G,I,J,H,Logical,Easy
Choose the synonym of 'benefit'.,weak,small,late,advantage,advantage,Verbal,Hard
"If 6 workers finish a task in 6 days, how many worker-days are needed?",41,34,36,38,36,Puzzle,Medium
What is 15 + 91?,113,104,109,106,106,Quantitative,Easy
What is the square of 7?,49,54,50,48,49,Quantitative,Easy
"Find the next letter in the series: H, I, J, ?",K,L,M,J,K,Logical,Medium
Choose the synonym of 'honest'.,small,truthful,weak,late,truthful,Verbal,Easy
"If 8 workers finish a task in 6 days, how many worker-days are needed?",53,46,48,50,48,Puzzle,Hard
What is 45 + 90?,142,135,133,138,135,Quantitative,Hard
What is the square of 20?,400,401,399,405,400,Quantitative,Hard
"Find the next letter in the series: G, H, I, ?",I,L,J,K,J,Logical,Hard
Choose the synonym of 'rapid'.,weak,small,late,fast,fast,Verbal,Easy
"If 2 workers finish a task in 2 days, how many worker-days are needed?",4,6,2,9,4,Puzzle,Medium
What is 36 + 38?,81,77,74,72,74,Quantitative,Easy
What is the square of 18?,329,325,324,323,324,Quantitative,Medium
"Find the next letter in the series: E, F, G, ?",I,G,H,J,H,Logical,Easy
Choose the synonym of 'bright'.,late,smart,weak,small,smart,Verbal,Easy
"If 6 workers finish a task in 4 days, how many worker-days are needed?",26,22,24,29,24,Puzzle,Medium
What is 59 + 71?,128,137,130,133,130,Quantitative,Hard
What is the square of 6?,41,37,36,35,36,Quantitative,Easy
"Find the next letter in the series: Q, R, S, ?",S,T,V,U,T,Logical,Hard
Choose the synonym of 'honest'.,truthful,weak,small,late,truthful,Verbal,Hard
"If 2 workers finish a task in 4 days, how many worker-days are needed?",13,6,10,8,8,Puzzle,Hard
What is 33 + 67?,100,103,107,98,100,Quantitative,Medium
What is the square of 5?,30,24,25,26,25,Quantitative,Medium
"Find the next letter in the series: K, L, M, ?",M,P,N,O,N,Logical,Hard
Choose the synonym of 'honest'.,small,weak,truthful,late,truthful,Verbal,Medium
"If 5 workers finish a task in 8 days, how many worker-days are needed?",40,38,42,45,40,Puzzle,Hard
What is 54 + 14?,68,71,66,75,68,Quantitative,Easy
What is the square of 5?,26,30,25,24,25,Quantitative,Easy
"Find the next letter in the series: G, H, I, ?",I,J,L,K,J,Logical,Easy
Choose the synonym of 'honest'.,small,late,weak,truthful,truthful,Verbal,Medium
"If 4 workers finish a task in 7 days, how many worker-days are needed?",28,33,26,30,28,Puzzle,Medium
What is 54 + 10?,67,64,71,62,64,Quantitative,Easy
What is the square of 7?,49,50,48,54,49,Quantitative,Hard
"Find the next letter in the series: P, Q, R, ?",R,S,U,T,S,Logical,Hard
Choose the synonym of 'bright'.,weak,small,smart,late,smart,Verbal,Easy
"If 3 workers finish a task in 6 days, how many worker-days are needed?",16,23,20,18,18,Puzzle,Medium
What is 69 + 52?,124,119,121,128,121,Quantitative,Hard
What is the square of 20?,405,399,401,400,400,Quantitative,Hard
"Find the next letter in the series: R, S, T, ?",T,W,V,U,U,Logical,Easy
Choose the synonym of 'ancient'.,small,late,old,weak,old,Verbal,Hard
"If 9 workers finish a task in 8 days, how many worker-days are needed?",70,74,72,77,72,Puzzle,Hard
What is 45 + 43?,88,86,91,95,88,Quantitative,Hard
What is the square of 11?,122,120,121,126,121,Quantitative,Hard
"Find the next letter in the series: O, P, Q, ?",R,T,Q,S,R,Logical,Hard
Choose the synonym of 'benefit'.,late,advantage,small,weak,advantage,Verbal,Medium
"If 8 workers finish a task in 10 days, how many worker-days are needed?",78,85,80,82,80,Puzzle,Medium
What is 76 + 56?,135,132,130,139,132,Quantitative,Hard
What is the square of 15?,224,226,225,230,225,Quantitative,Medium
"Find the next letter in the series: D, E, F, ?",I,G,F,H,G,Logical,Medium
Choose the synonym of 'rapid'.,small,fast,weak,late,fast,Verbal,Easy
"If 10 workers finish a task in 3 days, how many worker-days are needed?",28,35,32,30,30,Puzzle,Hard
What is 56 + 74?,137,130,133,128,130,Quantitative,Hard
What is the square of 5?,26,24,30,25,25,Quantitative,Hard
"Find the next letter in the series: L, M, N, ?",O,Q,P,N,O,Logical,Easy
Choose the synonym of 'rapid'.,fast,late,weak,small,fast,Verbal,Hard
"If 2 workers finish a task in 8 days, how many worker-days are needed?",16,18,14,21,16,Puzzle,Easy
What is 64 + 54?,125,121,116,118,118,Quantitative,Hard
What is the square of 11?,122,121,126,120,121,Quantitative,Medium
"Find the next letter in the series: O, P, Q, ?",Q,T,R,S,R,Logical,Medium
Choose the synonym of 'bright'.,late,small,weak,smart,smart,Verbal,Hard
"If 4 workers finish a task in 8 days, how many worker-days are needed?",34,30,37,32,32,Puzzle,Hard
What is 16 + 49?,72,68,63,65,65,Quantitative,Medium
What is the square of 9?,82,81,86,80,81,Quantitative,Hard
"Find the next letter in the series: O, P, Q, ?",Q,T,R,S,R,Logical,Hard
Choose the synonym of 'honest'.,late,small,truthful,weak,truthful,Verbal,Hard
"If 3 workers finish a task in 5 days, how many worker-days are needed?",15,13,20,17,15,Puzzle,Hard
What is 31 + 76?,110,107,114,105,107,Quantitative,Hard
What is the square of 3?,10,14,8,9,9,Quantitative,Medium
"Find the next letter in the series: B, C, D, ?",G,F,D,E,E,Logical,Medium
Choose the synonym of 'honest'.,weak,truthful,small,late,truthful,Verbal,Hard
"If 5 workers finish a task in 8 days, how many worker-days are needed?",40,38,42,45,40,Puzzle,Hard
What is 96 + 38?,134,137,132,141,134,Quantitative,Medium
What is the square of 16?,257,261,256,255,256,Quantitative,Hard
"Find the next letter in the series: M, N, O, ?",O,Q,R,P,P,Logical,Easy
Choose the synonym of 'ancient'.,old,small,weak,late,old,Verbal,Medium
"If 4 workers finish a task in 10 days, how many worker-days are needed?",38,42,45,40,40,Puzzle,Easy
What is 51 + 14?,68,72,65,63,65,Quantitative,Easy
What is the square of 15?,225,224,230,226,225,Quantitative,Hard
"Find the next letter in the series: Q, R, S, ?",U,S,T,V,T,Logical,Medium
Choose the synonym of 'benefit'.,late,advantage,small,weak,advantage,Verbal,Medium
"If 7 workers finish a task in 8 days, how many worker-days are needed?",58,61,56,54,56,Puzzle,Easy
What is 24 + 37?,59,68,64,61,61,Quantitative,Medium
What is the square of 9?,82,80,81,86,81,Quantitative,Easy
"Find the next letter in the series: M, N, O, ?",R,P,O,Q,P,Logical,Easy
Choose the synonym of 'rapid'.,small,weak,late,fast,fast,Verbal,Hard
"If 7 workers finish a task in 7 days, how many worker-days are needed?",47,51,54,49,49,Puzzle,Medium
What is 75 + 88?,163,166,170,161,163,Quantitative,Medium
What is the square of 10?,99,101,100,105,100,Quantitative,Hard
"Find the next letter in the series: A, B, C, ?",D,C,E,F,D,Logical,Easy
Choose the synonym of 'bright'.,small,smart,late,weak,smart,Verbal,Hard
"If 9 workers finish a task in 7 days, how many worker-days are needed?",63,61,68,65,63,Puzzle,Hard
What is 11 + 57?,68,75,66,71,68,Quantitative,Medium
What is the square of 18?,324,329,325,323,324,Quantitative,Medium
"Find the next letter in the series: U, V, W, ?",W,Y,X,Z,X,Logical,Hard
Choose the synonym of 'honest'.,late,truthful,weak,small,truthful,Verbal,Easy
"If 7 workers finish a task in 9 days, how many worker-days are needed?",61,68,65,63,63,Puzzle,Hard
What is 89 + 94?,190,186,183,181,183,Quantitative,Medium
What is the square of 5?,24,25,30,26,25,Quantitative,Medium
"Find the next letter in the series: G, H, I, ?",J,K,L,I,J,Logical,Medium
Choose the synonym of 'rapid'.,small,weak,late,fast,fast,Verbal,Hard
"If 5 workers finish a task in 8 days, how many worker-days are needed?",45,42,38,40,40,Puzzle,Medium
What is 20 + 96?,119,116,114,123,116,Quantitative,Medium
What is the square of 11?,121,126,120,122,121,Quantitative,Easy
"Find the next letter in the series: R, S, T, ?",V,W,U,T,U,Logical,Hard
Choose the synonym of 'bright'.,smart,late,small,weak,smart,Verbal,Hard
"If 4 workers finish a task in 5 days, how many worker-days are needed?",25,18,20,22,20,Puzzle,Easy
What is 35 + 51?,89,93,84,86,86,Quantitative,Medium
What is the square of 5?,24,26,30,25,25,Quantitative,Medium
"Find the next letter in the series: Q, R, S, ?",V,S,T,U,T,Logical,Easy
Choose the synonym of 'honest'.,truthful,weak,late,small,truthful,Verbal,Medium
"If 8 workers finish a task in 6 days, how many worker-days are needed?",50,53,48,46,48,Puzzle,Hard
What is 38 + 24?,60,65,62,69,62,Quantitative,Easy
What is the square of 19?,360,362,361,366,361,Quantitative,Hard
"Find the next letter in the series: S, T, U, ?",V,X,W,U,V,Logical,Medium
Choose the synonym of 'bright'.,small,weak,smart,late,smart,Verbal,Easy
"If 7 workers finish a task in 5 days, how many worker-days are needed?",33,40,37,35,35,Puzzle,Easy
What is 33 + 40?,80,71,73,76,73,Quantitative,Hard
What is the square of 18?,325,324,329,323,324,Quantitative,Hard
"Find the next letter in the series: U, V, W, ?",X,Y,W,Z,X,Logical,Medium
Choose the synonym of 'honest'.,truthful,weak,late,small,truthful,Verbal,Medium
"If 6 workers finish a task in 9 days, how many worker-days are needed?",52,59,56,54,54,Puzzle,Easy
What is 18 + 77?,95,98,102,93,95,Quantitative,Easy
What is the square of 16?,257,255,256,261,256,Quantitative,Hard
"Find the next letter in the series: N, O, P, ?",P,R,S,Q,Q,Logical,Easy
Choose the synonym of 'ancient'.,weak,old,late,small,old,Verbal,Hard
"If 8 workers finish a task in 5 days, how many worker-days are needed?",45,42,38,40,40,Puzzle,Easy
What is 64 + 54?,125,116,118,121,118,Quantitative,Easy
What is the square of 8?,65,63,69,64,64,Quantitative,Medium
"Find the next letter in the series: O, P, Q, ?",Q,S,T,R,R,Logical,Easy
Choose the synonym of 'bright'.,weak,small,smart,late,smart,Verbal,Easy
"If 10 workers finish a task in 10 days, how many worker-days are needed?",100,98,105,102,100,Puzzle,Medium
What is 60 + 29?,87,96,89,92,89,Quantitative,Medium
What is the square of 16?,261,256,255,257,256,Quantitative,Hard
"Find the next letter in the series: C, D, E, ?",E,H,G,F,F,Logical,Medium
Choose the synonym of 'rapid'.,late,fast,small,weak,fast,Verbal,Medium
"If 9 workers finish a task in 10 days, how many worker-days are needed?",88,95,92,90,90,Puzzle,Easy
What is 34 + 64?,101,96,98,105,98,Quantitative,Medium
What is the square of 18?,323,329,325,324,324,Quantitative,Hard
"Find the next letter in the series: H, I, J, ?",J,L,M,K,K,Logical,Easy
Choose the synonym of 'ancient'.,old,weak,late,small,old,Verbal,Hard
"If 6 workers finish a task in 4 days, how many worker-days are needed?",29,24,22,26,24,Puzzle,Hard
What is 81 + 23?,102,107,104,111,104,Quantitative,Easy
What is the square of 13?,174,170,168,169,169,Quantitative,Easy
"Find the next letter in the series: F, G, H, ?",K,H,J,I,I,Logical,Easy
Choose the synonym of 'ancient'.,weak,late,old,small,old,Verbal,Medium
"If 9 workers finish a task in 3 days, how many worker-days are needed?",29,27,32,25,27,Puzzle,Easy
What is 50 + 55?,103,108,105,112,105,Quantitative,Easy
What is the square of 5?,24,25,30,26,25,Quantitative,Hard
"Find the next letter in the series: K, L, M, ?",M,P,N,O,N,Logical,Easy
Choose the synonym of 'rapid'.,late,fast,small,weak,fast,Verbal,Medium
"If 4 workers finish a task in 3 days, how many worker-days are needed?",12,17,14,10,12,Puzzle,Medium
What is 28 + 53?,79,84,81,88,81,Quantitative,Hard
What is the square of 7?,50,48,49,54,49,Quantitative,Medium
"Find the next letter in the series: H, I, J, ?",L,M,K,J,K,Logical,Hard
Choose the synonym of 'benefit'.,weak,small,late,advantage,advantage,Verbal,Hard
"If 10 workers finish a task in 4 days, how many worker-days are needed?",38,42,40,45,40,Puzzle,Hard
What is 87 + 48?,135,133,138,142,135,Quantitative,Easy
What is the square of 19?,361,360,362,366,361,Quantitative,Hard
"Find the next letter in the series: O, P, Q, ?",S,T,Q,R,R,Logical,Medium
Choose the synonym of 'rapid'.,weak,fast,late,small,fast,Verbal,Easy
"If 2 workers finish a task in 7 days, how many worker-days are needed?",14,19,16,12,14,Puzzle,Hard
What is 55 + 87?,142,140,145,149,142,Quantitative,Hard
What is the square of 20?,405,399,400,401,400,Quantitative,Hard
"Find the next letter in the series: B, C, D, ?",D,G,F,E,E,Logical,Hard
Choose the synonym of 'bright'.,late,smart,small,weak,smart,Verbal,Easy
"If 2 workers finish a task in 4 days, how many worker-days are needed?",6,8,13,10,8,Puzzle,Easy
What is 76 + 95?,171,178,169,174,171,Quantitative,Hard
What is the square of 6?,36,37,35,41,36,Quantitative,Easy
"Find the next letter in the series: B, C, D, ?",F,D,G,E,E,Logical,Medium
Choose the synonym of 'honest'.,truthful,late,weak,small,truthful,Verbal,Hard
"If 5 workers finish a task in 5 days, how many worker-days are needed?",30,27,25,23,25,Puzzle,Easy
What is 83 + 67?,150,153,148,157,150,Quantitative,Hard
What is the square of 10?,99,101,105,100,100,Quantitative,Easy
"Find the next letter in the series: E, F, G, ?",H,J,I,G,H,Logical,Medium
Choose the synonym of 'bright'.,weak,small,smart,late,smart,Verbal,Hard
"If 6 workers finish a task in 10 days, how many worker-days are needed?",58,65,60,62,60,Puzzle,Hard
What is 82 + 63?,152,148,143,145,145,Quantitative,Easy
What is the square of 20?,401,399,405,400,400,Quantitative,Medium
"Find the next letter in the series: G, H, I, ?",K,L,J,I,J,Logical,Hard
Choose the synonym of 'honest'.,small,late,weak,truthful,truthful,Verbal,Hard
"If 9 workers finish a task in 2 days, how many worker-days are needed?",20,23,18,16,18,Puzzle,Medium
What is 24 + 32?,59,54,63,56,56,Quantitative,Medium
What is the square of 4?,17,21,16,15,16,Quantitative,Easy
"Find the next letter in the series: R, S, T, ?",V,U,W,T,U,Logical,Medium
Choose the synonym of 'honest'.,weak,late,truthful,small,truthful,Verbal,Medium
"If 9 workers finish a task in 2 days, how many worker-days are needed?",20,18,23,16,18,Puzzle,Easy
What is 75 + 72?,145,154,147,150,147,Quantitative,Medium
What is the square of 15?,226,224,230,225,225,Quantitative,Easy
"Find the next letter in the series: J, K, L, ?",N,L,M,O,M,Logical,Medium
Choose the synonym of 'benefit'.,late,weak,advantage,small,advantage,Verbal,Medium
"If 7 workers finish a task in 7 days, how many worker-days are needed?",51,49,47,54,49,Puzzle,Hard
What is 45 + 57?,100,105,109,102,102,Quantitative,Medium
What is the square of 17?,288,289,294,290,289,Quantitative,Hard
"Find the next letter in the series: O, P, Q, ?",S,Q,R,T,R,Logical,Medium
Choose the synonym of 'honest'.,weak,late,small,truthful,truthful,Verbal,Medium
"If 2 workers finish a task in 3 days, how many worker-days are needed?",6,11,8,4,6,Puzzle,Medium
What is 87 + 61?,148,146,155,151,148,Quantitative,Easy
What is the square of 7?,48,54,49,50,49,Quantitative,Easy
"Find the next letter in the series: N, O, P, ?",S,Q,P,R,Q,Logical,Medium
Choose the synonym of 'bright'.,late,weak,smart,small,smart,Verbal,Hard
"If 9 workers finish a task in 5 days, how many worker-days are needed?",43,50,47,45,45,Puzzle,Medium
What is 31 + 19?,48,53,57,50,50,Quantitative,Hard
What is the square of 13?,169,170,168,174,169,Quantitative,Easy
"Find the next letter in the series: P, Q, R, ?",T,U,S,R,S,Logical,Easy
Choose the synonym of 'rapid'.,late,fast,small,weak,fast,Verbal,Hard
"If 2 workers finish a task in 6 days, how many worker-days are needed?",14,10,17,12,12,Puzzle,Medium
What is 31 + 48?,86,82,79,77,79,Quantitative,Hard
What is the square of 18?,324,329,325,323,324,Quantitative,Hard
"Find the next letter in the series: Q, R, S, ?",S,T,V,U,T,Logical,Medium
Choose the synonym of 'bright'.,weak,smart,small,late,smart,Verbal,Easy
"If 5 workers finish a task in 5 days, how many worker-days are needed?",30,27,25,23,25,Puzzle,Hard
What is 56 + 29?,92,85,88,83,85,Quantitative,Easy
What is the square of 16?,257,255,261,256,256,Quantitative,Hard
"Find the next letter in the series: J, K, L, ?",M,L,O,N,M,Logical,Medium
Choose the synonym of 'benefit'.,small,weak,advantage,late,advantage,Verbal,Hard
"If 8 workers finish a task in 5 days, how many worker-days are needed?",38,40,45,42,40,Puzzle,Medium
What is 99 + 82?,179,184,181,188,181,Quantitative,Hard
What is the square of 6?,37,36,41,35,36,Quantitative,Medium
"Find the next letter in the series: K, L, M, ?",O,N,P,M,N,Logical,Medium
Choose the synonym of 'benefit'.,weak,advantage,late,small,advantage,Verbal,Hard
"If 2 workers finish a task in 5 days, how many worker-days are needed?",10,12,15,8,10,Puzzle,Hard
What is 34 + 63?,104,95,100,97,97,Quantitative,Hard
What is the square of 4?,16,17,15,21,16,Quantitative,Medium
"Find the next letter in the series: O, P, Q, ?",T,R,S,Q,R,Logical,Medium
Choose the synonym of 'ancient'.,weak,late,small,old,old,Verbal,Medium
"If 3 workers finish a task in 4 days, how many worker-days are needed?",17,14,10,12,12,Puzzle,Hard
What is 32 + 95?,134,127,125,130,127,Quantitative,Easy
What is the square of 20?,399,400,405,401,400,Quantitative,Easy
"Find the next letter in the series: O, P, Q, ?",S,R,T,Q,R,Logical,Easy
Choose the synonym of 'honest'.,late,small,weak,truthful,truthful,Verbal,Easy
"If 9 workers finish a task in 8 days, how many worker-days are needed?",74,70,77,72,72,Puzzle,Easy
What is 59 + 53?,110,119,115,112,112,Quantitative,Medium
What is the square of 16?,256,257,261,255,256,Quantitative,Hard
"Find the next letter in the series: T, U, V, ?",W,Y,X,V,W,Logical,Medium
Choose the synonym of 'honest'.,small,late,truthful,weak,truthful,Verbal,Medium
"If 5 workers finish a task in 3 days, how many worker-days are needed?",20,17,13,15,15,Puzzle,Medium
What is 52 + 24?,76,83,74,79,76,Quantitative,Easy
What is the square of 3?,9,14,8,10,9,Quantitative,Easy
"Find the next letter in the series: D, E, F, ?",F,G,H,I,G,Logical,Medium
Choose the synonym of 'ancient'.,small,late,weak,old,old,Verbal,Hard
"If 9 workers finish a task in 3 days, how many worker-days are needed?",25,27,32,29,27,Puzzle,Hard
What is 85 + 86?,171,174,169,178,171,Quantitative,Hard
What is the square of 17?,288,290,289,294,289,Quantitative,Easy
"Find the next letter in the series: F, G, H, ?",H,K,J,I,I,Logical,Medium
Choose the synonym of 'honest'.,weak,truthful,small,late,truthful,Verbal,Hard
"If 10 workers finish a task in 9 days, how many worker-days are needed?",88,92,90,95,90,Puzzle,Hard
What is 20 + 23?,41,43,46,50,43,Quantitative,Medium
What is the square of 13?,168,169,174,170,169,Quantitative,Hard
"Find the next letter in the series: N, O, P, ?",Q,P,S,R,Q,Logical,Medium
Choose the synonym of 'bright'.,small,weak,smart,late,smart,Verbal,Hard
"If 2 workers finish a task in 5 days, how many worker-days are needed?",10,8,12,15,10,Puzzle,Easy
What is 96 + 96?,199,192,195,190,192,Quantitative,Medium
What is the square of 18?,324,325,323,329,324,Quantitative,Medium
"Find the next letter in the series: Q, R, S, ?",V,T,S,U,T,Logical,Hard
Choose the synonym of 'rapid'.,fast,weak,late,small,fast,Verbal,Easy
"If 6 workers finish a task in 7 days, how many worker-days are needed?",47,40,44,42,42,Puzzle,Hard
What is 73 + 31?,107,111,102,104,104,Quantitative,Hard
What is the square of 7?,54,50,49,48,49,Quantitative,Easy
"Find the next letter in the series: F, G, H, ?",H,K,J,I,I,Logical,Easy
Choose the synonym of 'ancient'.,weak,small,late,old,old,Verbal,Hard
"If 4 workers finish a task in 6 days, how many worker-days are needed?",26,22,29,24,24,Puzzle,Hard
What is 41 + 40?,84,81,88,79,81,Quantitative,Easy
What is the square of 12?,145,144,149,143,144,Quantitative,Medium
"Find the next letter in the series: M, N, O, ?",R,P,Q,O,P,Logical,Hard
Choose the synonym of 'honest'.,truthful,small,late,weak,truthful,Verbal,Medium
"If 5 workers finish a task in 5 days, how many worker-days are needed?",23,25,27,30,25,Puzzle,Medium
What is 14 + 70?,91,84,87,82,84,Quantitative,Easy
What is the square of 4?,21,17,15,16,16,Quantitative,Hard
"Find the next letter in the series: H, I, J, ?",M,L,J,K,K,Logical,Medium
Choose the synonym of 'bright'.,late,smart,weak,small,smart,Verbal,Medium
"If 4 workers finish a task in 10 days, how many worker-days are needed?",45,42,38,40,40,Puzzle,Hard
What is 93 + 14?,114,107,110,105,107,Quantitative,Easy
What is the square of 5?,26,25,30,24,25,Quantitative,Easy
"Find the next letter in the series: R, S, T, ?",T,W,U,V,U,Logical,Easy
Choose the synonym of 'bright'.,smart,late,small,weak,smart,Verbal,Easy
"If 6 workers finish a task in 5 days, how many worker-days are needed?",30,32,35,28,30,Puzzle,Easy
What is 76 + 35?,114,111,118,109,111,Quantitative,Medium
What is the square of 6?,35,41,37,36,36,Quantitative,Hard
"Find the next letter in the series: C, D, E, ?",G,H,F,E,F,Logical,Easy
Choose the synonym of 'honest'.,small,truthful,weak,late,truthful,Verbal,Easy
"If 4 workers finish a task in 6 days, how many worker-days are needed?",22,29,26,24,24,Puzzle,Medium
What is 19 + 35?,52,54,57,61,54,Quantitative,Easy
What is the square of 15?,225,224,226,230,225,Quantitative,Hard
"Find the next letter in the series: C, D, E, ?",E,G,H,F,F,Logical,Easy
Choose the synonym of 'benefit'.,late,small,weak,advantage,advantage,Verbal,Hard
"If 5 workers finish a task in 9 days, how many worker-days are needed?",43,45,50,47,45,Puzzle,Hard
What is 66 + 76?,142,149,145,140,142,Quantitative,Easy
What is the square of 3?,8,10,14,9,9,Quantitative,Medium
"Find the next letter in the series: G, H, I, ?",K,L,J,I,J,Logical,Medium
Choose the synonym of 'ancient'.,small,weak,old,late,old,Verbal,Easy
"If 8 workers finish a task in 7 days, how many worker-days are needed?",61,54,56,58,56,Puzzle,Easy
What is 32 + 54?,86,89,93,84,86,Quantitative,Easy
What is the square of 14?,196,201,197,195,196,Quantitative,Hard
"Find the next letter in the series: P, Q, R, ?",T,S,R,U,S,Logical,Easy
Choose the synonym of 'benefit'.,advantage,small,weak,late,advantage,Verbal,Hard
"If 6 workers finish a task in 8 days, how many worker-days are needed?",48,46,50,53,48,Puzzle,Medium
What is 86 + 99?,192,185,188,183,185,Quantitative,Hard
What is the square of 20?,400,405,399,401,400,Quantitative,Hard
"Find the next letter in the series: E, F, G, ?",G,H,J,I,H,Logical,Hard
Choose the synonym of 'ancient'.,old,small,weak,late,old,Verbal,Medium
"If 4 workers finish a task in 3 days, how many worker-days are needed?",14,10,12,17,12,Puzzle,Easy
What is 28 + 35?,61,63,70,66,63,Quantitative,Hard
What is the square of 18?,323,329,324,325,324,Quantitative,Easy
"Find the next letter in the series: O, P, Q, ?",T,Q,R,S,R,Logical,Hard
Choose the synonym of 'ancient'.,weak,late,small,old,old,Verbal,Hard
"If 3 workers finish a task in 10 days, how many worker-days are needed?",35,32,28,30,30,Puzzle,Easy
What is 26 + 21?,45,50,47,54,47,Quantitative,Medium
What is the square of 8?,65,69,64,63,64,Quantitative,Easy
"Find the next letter in the series: T, U, V, ?",X,V,Y,W,W,Logical,Medium
Choose the synonym of 'rapid'.,fast,weak,small,late,fast,Verbal,Medium
"If 9 workers finish a task in 6 days, how many worker-days are needed?",52,59,56,54,54,Puzzle,Medium
What is 46 + 31?,75,84,80,77,77,Quantitative,Hard
What is the square of 18?,324,323,329,325,324,Quantitative,Medium
"Find the next letter in the series: S, T, U, ?",V,U,W,X,V,Logical,Easy
Choose the synonym of 'honest'.,small,weak,late,truthful,truthful,Verbal,Medium
"If 4 workers finish a task in 6 days, how many worker-days are needed?",26,24,29,22,24,Puzzle,Hard
What is 32 + 49?,84,79,81,88,81,Quantitative,Medium
What is the square of 3?,10,8,14,9,9,Quantitative,Medium
"Find the next letter in the series: D, E, F, ?",F,G,H,I,G,Logical,Hard
Choose the synonym of 'honest'.,small,weak,truthful,late,truthful,Verbal,Medium
"If 3 workers finish a task in 10 days, how many worker-days are needed?",28,32,30,35,30,Puzzle,Easy
What is 37 + 45?,89,80,85,82,82,Quantitative,Hard
What is the square of 19?,360,366,361,362,361,Quantitative,Easy
"Find the next letter in the series: J, K, L, ?",M,O,N,L,M,Logical,Easy
Choose the synonym of 'bright'.,late,smart,weak,small,smart,Verbal,Medium
"If 9 workers finish a task in 3 days, how many worker-days are needed?",27,29,25,32,27,Puzzle,Easy
What is 22 + 83?,105,103,112,108,105,Quantitative,Medium
What is the square of 17?,289,290,294,288,289,Quantitative,Easy
"Find the next letter in the series: L, M, N, ?",O,P,N,Q,O,Logical,Easy
Choose the synonym of 'rapid'.,late,fast,small,weak,fast,Verbal,Hard
"If 5 workers finish a task in 10 days, how many worker-days are needed?",50,55,48,52,50,Puzzle,Easy
What is 13 + 57?,70,73,77,68,70,Quantitative,Hard
What is the square of 10?,101,100,105,99,100,Quantitative,Medium
"Find the next letter in the series: H, I, J, ?",M,K,L,J,K,Logical,Medium
Choose the synonym of 'honest'.,weak,small,truthful,late,truthful,Verbal,Easy
"If 4 workers finish a task in 10 days, how many worker-days are needed?",40,38,42,45,40,Puzzle,Medium
What is 71 + 55?,124,133,126,129,126,Quantitative,Medium
What is the square of 8?,63,69,65,64,64,Quantitative,Hard
"Find the next letter in the series: G, H, I, ?",L,K,J,I,J,Logical,Easy
Choose the synonym of 'honest'.,truthful,small,weak,late,truthful,Verbal,Easy
"If 9 workers finish a task in 10 days, how many worker-days are needed?",95,92,90,88,90,Puzzle,Hard
What is 56 + 97?,156,151,160,153,153,Quantitative,Easy
What is the square of 13?,169,168,174,170,169,Quantitative,Hard
"Find the next letter in the series: G, H, I, ?",I,L,K,J,J,Logical,Easy
Choose the synonym of 'rapid'.,fast,small,late,weak,fast,Verbal,Hard
"If 8 workers finish a task in 6 days, how many worker-days are needed?",46,50,53,48,48,Puzzle,Easy
What is 78 + 74?,155,159,150,152,152,Quantitative,Easy
What is the square of 4?,21,16,15,17,16,Quantitative,Medium
"Find the next letter in the series: D, E, F, ?",H,F,G,I,G,Logical,Hard
Choose the synonym of 'rapid'.,fast,late,small,weak,fast,Verbal,Medium
"If 3 workers finish a task in 6 days, how many worker-days are needed?",16,18,20,23,18,Puzzle,Easy
What is 21 + 52?,76,73,80,71,73,Quantitative,Hard
What is the square of 10?,101,105,99,100,100,Quantitative,Medium
"Find the next letter in the series: N, O, P, ?",P,Q,S,R,Q,Logical,Hard
Choose the synonym of 'honest'.,small,truthful,late,weak,truthful,Verbal,Medium
"If 6 workers finish a task in 9 days, how many worker-days are needed?",59,54,52,56,54,Puzzle,Easy
What is 77 + 78?,162,155,158,153,155,Quantitative,Easy
What is the square of 19?,366,362,361,360,361,Quantitative,Medium
"Find the next letter in the series: U, V, W, ?",Z,W,Y,X,X,Logical,Hard
Choose the synonym of 'bright'.,late,weak,smart,small,smart,Verbal,Hard
"If 2 workers finish a task in 3 days, how many worker-days are needed?",4,11,6,8,6,Puzzle,Easy
What is 81 + 82?,170,166,161,163,163,Quantitative,Medium
What is the square of 7?,49,54,48,50,49,Quantitative,Hard
"Find the next letter in the series: M, N, O, ?",O,R,Q,P,P,Logical,Hard
Choose the synonym of 'rapid'.,weak,late,fast,small,fast,Verbal,Easy
"If 10 workers finish a task in 6 days, how many worker-days are needed?",65,58,62,60,60,Puzzle,Medium
What is 31 + 34?,68,63,65,72,65,Quantitative,Hard
What is the square of 13?,170,168,174,169,169,Quantitative,Medium
"Find the next letter in the series: B, C, D, ?",G,F,D,E,E,Logical,Hard
Choose the synonym of 'honest'.,weak,late,small,truthful,truthful,Verbal,Hard
"If 6 workers finish a task in 9 days, how many worker-days are needed?",56,52,59,54,54,Puzzle,Medium
What is 12 + 35?,45,50,54,47,47,Quantitative,Hard
What is the square of 3?,14,10,8,9,9,Quantitative,Easy
"Find the next letter in the series: N, O, P, ?",R,S,P,Q,Q,Logical,Medium
Choose the synonym of 'ancient'.,small,late,old,weak,old,Verbal,Easy
"If 4 workers finish a task in 3 days, how many worker-days are needed?",14,10,17,12,12,Puzzle,Hard
What is 31 + 74?,103,105,112,108,105,Quantitative,Medium
What is the square of 14?,195,196,197,201,196,Quantitative,Medium
"Find the next letter in the series: C, D, E, ?",F,H,G,E,F,Logical,Hard
Choose the synonym of 'rapid'.,weak,late,fast,small,fast,Verbal,Medium
"If 5 workers finish a task in 6 days, how many worker-days are needed?",35,28,32,30,30,Puzzle,Medium
What is 99 + 69?,171,168,166,175,168,Quantitative,Hard
What is the square of 14?,196,197,195,201,196,Quantitative,Easy
"Find the next letter in the series: I, J, K, ?",K,L,M,N,L,Logical,Easy
Choose the synonym of 'honest'.,truthful,late,weak,small,truthful,Verbal,Easy
"If 9 workers finish a task in 2 days, how many worker-days are needed?",20,16,23,18,18,Puzzle,Easy
What is 38 + 97?,133,135,138,142,135,Quantitative,Easy
What is the square of 10?,105,99,101,100,100,Quantitative,Medium
"Find the next letter in the series: T, U, V, ?",W,X,V,Y,W,Logical,Easy
Choose the synonym of 'bright'.,weak,late,small,smart,smart,Verbal,Medium
"If 4 workers finish a task in 2 days, how many worker-days are needed?",13,10,8,6,8,Puzzle,Easy
What is 61 + 14?,82,75,78,73,75,Quantitative,Hard
What is the square of 11?,121,126,120,122,121,Quantitative,Easy
"Find the next letter in the series: B, C, D, ?",D,E,F,G,E,Logical,Medium
Choose the synonym of 'bright'.,late,smart,small,weak,smart,Verbal,Medium
"If 7 workers finish a task in 7 days, how many worker-days are needed?",47,49,54,51,49,Puzzle,Medium
What is 70 + 95?,165,163,172,168,165,Quantitative,Medium
What is the square of 9?,81,80,82,86,81,Quantitative,Easy
"Find the next letter in the series: N, O, P, ?",S,P,Q,R,Q,Logical,Easy
Choose the synonym of 'rapid'.,late,small,weak,fast,fast,Verbal,Medium
"If 4 workers finish a task in 4 days, how many worker-days are needed?",18,16,21,14,16,Puzzle,Medium
What is 54 + 51?,108,105,112,103,105,Quantitative,Medium
What is the square of 6?,35,37,36,41,36,Quantitative,Easy
"Find the next letter in the series: I, J, K, ?",L,M,K,N,L,Logical,Medium
Choose the synonym of 'honest'.,late,small,truthful,weak,truthful,Verbal,Hard
"If 9 workers finish a task in 9 days, how many worker-days are needed?",81,79,86,83,81,Puzzle,Hard
What is 81 + 26?,110,107,114,105,107,Quantitative,Hard
What is the square of 14?,201,196,195,197,196,Quantitative,Hard
"Find the next letter in the series: R, S, T, ?",T,W,V,U,U,Logical,Hard
Choose the synonym of 'honest'.,weak,late,small,truthful,truthful,Verbal,Hard
"If 6 workers finish a task in 2 days, how many worker-days are needed?",14,10,17,12,12,Puzzle,Easy
What is 64 + 62?,124,129,126,133,126,Quantitative,Hard
What is the square of 12?,144,143,149,145,144,Quantitative,Easy
"Find the next letter in the series: H, I, J, ?",K,J,M,L,K,Logical,Easy
Choose the synonym of 'honest'.,small,truthful,weak,late,truthful,Verbal,Medium
"If 8 workers finish a task in 10 days, how many worker-days are needed?",78,85,80,82,80,Puzzle,Hard
What is 28 + 57?,83,88,85,92,85,Quantitative,Medium
What is the square of 12?,149,144,145,143,144,Quantitative,Hard
"Find the next letter in the series: F, G, H, ?",K,I,H,J,I,Logical,Easy
Choose the synonym of 'benefit'.,weak,advantage,late,small,advantage,Verbal,Hard
"If 9 workers finish a task in 3 days, how many worker-days are needed?",29,27,25,32,27,Puzzle,Hard
What is 11 + 20?,34,38,31,29,31,Quantitative,Easy
What is the square of 11?,121,122,126,120,121,Quantitative,Medium
"Find the next letter in the series: E, F, G, ?",H,G,J,I,H,Logical,Hard
Choose the synonym of 'benefit'.,late,small,advantage,weak,advantage,Verbal,Medium
"If 7 workers finish a task in 5 days, how many worker-days are needed?",40,35,33,37,35,Puzzle,Hard
What is 16 + 96?,110,112,119,115,112,Quantitative,Easy
What is the square of 8?,65,63,64,69,64,Quantitative,Medium
"Find the next letter in the series: J, K, L, ?",O,M,L,N,M,Logical,Medium
Choose the synonym of 'ancient'.,small,weak,late,old,old,Verbal,Easy
"If 4 workers finish a task in 2 days, how many worker-days are needed?",6,10,8,13,8,Puzzle,Hard
What is 97 + 35?,130,139,132,135,132,Quantitative,Hard
What is the square of 5?,26,30,24,25,25,Quantitative,Medium
"Find the next letter in the series: R, S, T, ?",V,U,W,T,U,Logical,Medium
Choose the synonym of 'honest'.,truthful,late,weak,small,truthful,Verbal,Medium
"If 4 workers finish a task in 5 days, how many worker-days are needed?",20,18,25,22,20,Puzzle,Medium
What is 16 + 38?,54,52,57,61,54,Quantitative,Hard
What is the square of 11?,120,121,122,126,121,Quantitative,Easy
"Find the next letter in the series: T, U, V, ?",V,W,Y,X,W,Logical,Easy
Choose the synonym of 'honest'.,late,weak,small,truthful,truthful,Verbal,Easy
"If 4 workers finish a task in 4 days, how many worker-days are needed?",21,16,18,14,16,Puzzle,Medium
What is 87 + 25?,110,112,115,119,112,Quantitative,Hard
What is the square of 11?,122,126,121,120,121,Quantitative,Hard
"Find the next letter in the series: U, V, W, ?",X,Y,Z,W,X,Logical,Medium
Choose the synonym of 'ancient'.,late,weak,small,old,old,Verbal,Hard
"If 2 workers finish a task in 2 days, how many worker-days are needed?",6,9,2,4,4,Puzzle,Hard
What is 32 + 74?,109,106,104,113,106,Quantitative,Hard
What is the square of 3?,10,8,9,14,9,Quantitative,Easy
"Find the next letter in the series: Q, R, S, ?",S,T,U,V,T,Logical,Medium
Choose the synonym of 'bright'.,late,smart,weak,small,smart,Verbal,Medium
"If 8 workers finish a task in 3 days, how many worker-days are needed?",22,24,26,29,24,Puzzle,Medium
What is 98 + 39?,140,137,135,144,137,Quantitative,Medium
What is the square of 20?,400,399,405,401,400,Quantitative,Medium
"Find the next letter in the series: E, F, G, ?",J,I,G,H,H,Logical,Hard
Choose the synonym of 'honest'.,late,weak,small,truthful,truthful,Verbal,Medium
"If 4 workers finish a task in 10 days, how many worker-days are needed?",38,45,40,42,40,Puzzle,Easy
What is 10 + 99?,107,116,109,112,109,Quantitative,Hard
What is the square of 19?,361,366,362,360,361,Quantitative,Easy
"Find the next letter in the series: L, M, N, ?",O,N,P,Q,O,Logical,Easy
Choose the synonym of 'benefit'.,small,weak,advantage,late,advantage,Verbal,Easy
"If 2 workers finish a task in 8 days, how many worker-days are needed?",14,21,16,18,16,Puzzle,Medium
What is 11 + 95?,106,113,104,109,106,Quantitative,Medium
What is the square of 17?,290,289,294,288,289,Quantitative,Medium
"Find the next letter in the series: D, E, F, ?",F,G,I,H,G,Logical,Easy
Choose the synonym of 'ancient'.,weak,small,late,old,old,Verbal,Easy
"If 2 workers finish a task in 3 days, how many worker-days are needed?",11,4,6,8,6,Puzzle,Medium
What is 75 + 57?,132,139,135,130,132,Quantitative,Easy
What is the square of 19?,366,362,361,360,361,Quantitative,Easy
"Find the next letter in the series: A, B, C, ?",E,C,D,F,D,Logical,Medium
Choose the synonym of 'honest'.,small,weak,truthful,late,truthful,Verbal,Hard
"If 10 workers finish a task in 10 days, how many worker-days are needed?",100,98,105,102,100,Puzzle,Hard
What is 52 + 44?,94,103,99,96,96,Quantitative,Medium
What is the square of 10?,101,99,100,105,100,Quantitative,Easy
"Find the next letter in the series: S, T, U, ?",X,U,W,V,V,Logical,Medium
Choose the synonym of 'ancient'.,small,late,weak,old,old,Verbal,Easy
"If 3 workers finish a task in 8 days, how many worker-days are needed?",22,24,26,29,24,Puzzle,Hard
What is 22 + 10?,30,35,32,39,32,Quantitative,Hard
What is the square of 12?,144,143,149,145,144,Quantitative,Hard
"Find the next letter in the series: I, J, K, ?",L,K,N,M,L,Logical,Medium
Choose the synonym of 'ancient'.,late,weak,old,small,old,Verbal,Hard
"If 8 workers finish a task in 5 days, how many worker-days are needed?",40,38,42,45,40,Puzzle,Medium
What is 63 + 71?,141,132,134,137,134,Quantitative,Easy
What is the square of 15?,225,226,230,224,225,Quantitative,Easy
"Find the next letter in the series: P, Q, R, ?",T,S,U,R,S,Logical,Easy
Choose the synonym of 'benefit'.,weak,advantage,small,late,advantage,Verbal,Easy
"If 9 workers finish a task in 8 days, how many worker-days are needed?",72,74,77,70,72,Puzzle,Hard
What is 45 + 53?,96,105,98,101,98,Quantitative,Hard
What is the square of 13?,170,169,168,174,169,Quantitative,Hard
"Find the next letter in the series: L, M, N, ?",N,Q,O,P,O,Logical,Hard
Choose the synonym of 'bright'.,smart,late,weak,small,smart,Verbal,Medium
"If 9 workers finish a task in 3 days, how many worker-days are needed?",29,27,25,32,27,Puzzle,Medium
What is 34 + 51?,88,92,85,83,85,Quantitative,Medium
What is the square of 9?,80,82,81,86,81,Quantitative,Medium
"Find the next letter in the series: A, B, C, ?",F,E,C,D,D,Logical,Medium
Choose the synonym of 'rapid'.,weak,late,small,fast,fast,Verbal,Medium
"If 6 workers finish a task in 8 days, how many worker-days are needed?",46,50,53,48,48,Puzzle,Easy
What is 91 + 78?,176,169,172,167,169,Quantitative,Easy
What is the square of 4?,15,16,21,17,16,Quantitative,Medium
"Find the next letter in the series: Q, R, S, ?",S,V,T,U,T,Logical,Medium
Choose the synonym of 'benefit'.,advantage,small,weak,late,advantage,Verbal,Hard
"If 4 workers finish a task in 8 days, how many worker-days are needed?",37,34,30,32,32,Puzzle,Hard
What is 36 + 54?,88,97,93,90,90,Quantitative,Medium
What is the square of 6?,37,41,35,36,36,Quantitative,Medium
"Find the next letter in the series: J, K, L, ?",L,O,M,N,M,Logical,Easy
Choose the synonym of 'benefit'.,late,advantage,weak,small,advantage,Verbal,Hard
"If 9 workers finish a task in 5 days, how many worker-days are needed?",45,43,50,47,45,Puzzle,Hard
What is 95 + 97?,190,192,195,199,192,Quantitative,Hard
What is the square of 17?,294,289,288,290,289,Quantitative,Easy
"Find the next letter in the series: F, G, H, ?",I,J,K,H,I,Logical,Easy
Choose the synonym of 'benefit'.,small,late,advantage,weak,advantage,Verbal,Easy
"If 8 workers finish a task in 10 days, how many worker-days are needed?",78,80,82,85,80,Puzzle,Hard
What is 47 + 28?,75,82,73,78,75,Quantitative,Medium
What is the square of 20?,405,401,400,399,400,Quantitative,Easy
"Find the next letter in the series: I, J, K, ?",L,N,K,M,L,Logical,Medium
Choose the synonym of 'benefit'.,small,advantage,weak,late,advantage,Verbal,Easy
"If 3 workers finish a task in 2 days, how many worker-days are needed?",6,8,11,4,6,Puzzle,Easy
What is 67 + 37?,102,107,111,104,104,Quantitative,Hard
What is the square of 15?,230,226,224,225,225,Quantitative,Hard
"Find the next letter in the series: O, P, Q, ?",S,Q,R,T,R,Logical,Easy
Choose the synonym of 'honest'.,small,late,truthful,weak,truthful,Verbal,Easy
"If 10 workers finish a task in 6 days, how many worker-days are needed?",60,58,65,62,60,Puzzle,Hard
What is 76 + 80?,159,163,154,156,156,Quantitative,Easy
What is the square of 16?,261,256,257,255,256,Quantitative,Hard
"Find the next letter in the series: A, B, C, ?",E,F,D,C,D,Logical,Easy
Choose the synonym of 'benefit'.,small,advantage,weak,late,advantage,Verbal,Medium
"If 5 workers finish a task in 3 days, how many worker-days are needed?",17,15,20,13,15,Puzzle,Medium
What is 92 + 81?,180,171,173,176,173,Quantitative,Medium
What is the square of 14?,201,196,195,197,196,Quantitative,Medium
"Find the next letter in the series: M, N, O, ?",R,O,P,Q,P,Logical,Hard
Choose the synonym of 'benefit'.,late,small,advantage,weak,advantage,Verbal,Hard
"If 2 workers finish a task in 4 days, how many worker-days are needed?",8,6,13,10,8,Puzzle,Hard
What is 28 + 13?,41,48,39,44,41,Quantitative,Easy
What is the square of 14?,195,201,197,196,196,Quantitative,Hard
"Find the next letter in the series: O, P, Q, ?",R,S,Q,T,R,Logical,Hard
Choose the synonym of 'benefit'.,late,small,advantage,weak,advantage,Verbal,Easy
"If 3 workers finish a task in 3 days, how many worker-days are needed?",11,14,9,7,9,Puzzle,Hard
What is 54 + 49?,101,106,110,103,103,Quantitative,Hard
What is the square of 15?,224,226,230,225,225,Quantitative,Easy
"Find the next letter in the series: P, Q, R, ?",T,S,R,U,S,Logical,Medium
Choose the synonym of 'bright'.,small,smart,weak,late,smart,Verbal,Hard
"If 10 workers finish a task in 3 days, how many worker-days are needed?",32,28,30,35,30,Puzzle,Medium
What is 80 + 76?,156,163,154,159,156,Quantitative,Medium
What is the square of 7?,54,49,50,48,49,Quantitative,Hard
"Find the next letter in the series: P, Q, R, ?",S,R,U,T,S,Logical,Easy
Choose the synonym of 'benefit'.,advantage,small,late,weak,advantage,Verbal,Hard
"If 6 workers finish a task in 10 days, how many worker-days are needed?",65,62,60,58,60,Puzzle,Medium
What is 26 + 60?,89,93,86,84,86,Quantitative,Hard
What is the square of 7?,50,54,49,48,49,Quantitative,Medium
"Find the next letter in the series: M, N, O, ?",R,P,O,Q,P,Logical,Hard
Choose the synonym of 'ancient'.,small,late,weak,old,old,Verbal,Easy
"If 7 workers finish a task in 6 days, how many worker-days are needed?",40,42,47,44,42,Puzzle,Medium
What is 42 + 93?,142,133,138,135,135,Quantitative,Medium
What is the square of 9?,80,81,86,82,81,Quantitative,Easy
"Find the next letter in the series: J, K, L, ?",M,L,O,N,M,Logical,Hard
Choose the synonym of 'honest'.,weak,small,truthful,late,truthful,Verbal,Hard
"If 6 workers finish a task in 6 days, how many worker-days are needed?",36,34,38,41,36,Puzzle,Easy
What is 78 + 75?,160,156,151,153,153,Quantitative,Hard
What is the square of 3?,10,8,9,14,9,Quantitative,Easy
"Find the next letter in the series: P, Q, R, ?",S,T,U,R,S,Logical,Medium
Choose the synonym of 'benefit'.,weak,advantage,small,late,advantage,Verbal,Easy
"If 3 workers finish a task in 10 days, how many worker-days are needed?",35,30,32,28,30,Puzzle,Easy
What is 16 + 84?,98,103,100,107,100,Quantitative,Medium
What is the square of 15?,230,226,224,225,225,Quantitative,Easy
"Find the next letter in the series: A, B, C, ?",E,F,D,C,D,Logical,Easy
Choose the synonym of 'honest'.,small,late,truthful,weak,truthful,Verbal,Medium
"If 9 workers finish a task in 7 days, how many worker-days are needed?",68,65,63,61,63,Puzzle,Hard
What is 85 + 68?,153,151,156,160,153,Quantitative,Medium
What is the square of 9?,86,80,82,81,81,Quantitative,Medium
"Find the next letter in the series: S, T, U, ?",U,W,V,X,V,Logical,Easy
Choose the synonym of 'benefit'.,small,late,advantage,weak,advantage,Verbal,Easy
"If 10 workers finish a task in 5 days, how many worker-days are needed?",52,55,48,50,50,Puzzle,Easy
What is 34 + 14?,46,48,51,55,48,Quantitative,Medium
What is the square of 18?,325,323,324,329,324,Quantitative,Easy
"Find the next letter in the series: R, S, T, ?",T,U,V,W,U,Logical,Hard
Choose the synonym of 'bright'.,smart,late,small,weak,smart,Verbal,Hard
"If 2 workers finish a task in 7 days, how many worker-days are needed?",16,12,14,19,14,Puzzle,Hard
What is 13 + 22?,38,42,33,35,35,Quantitative,Hard
What is the square of 18?,324,323,329,325,324,Quantitative,Medium
"Find the next letter in the series: E, F, G, ?",I,J,H,G,H,Logical,Hard
Choose the synonym of 'honest'.,truthful,late,weak,small,truthful,Verbal,Medium
"If 7 workers finish a task in 5 days, how many worker-days are needed?",35,37,40,33,35,Puzzle,Medium
What is 58 + 60?,118,125,116,121,118,Quantitative,Hard
What is the square of 9?,86,82,81,80,81,Quantitative,Medium
"Find the next letter in the series: A, B, C, ?",C,F,E,D,D,Logical,Easy
Choose the synonym of 'honest'.,late,weak,small,truthful,truthful,Verbal,Hard
"If 5 workers finish a task in 3 days, how many worker-days are needed?",17,20,13,15,15,Puzzle,Medium
What is 60 + 12?,75,70,79,72,72,Quantitative,Medium
What is the square of 19?,361,360,362,366,361,Quantitative,Hard
"Find the next letter in the series: E, F, G, ?",H,G,J,I,H,Logical,Hard
Choose the synonym of 'honest'.,small,truthful,late,weak,truthful,Verbal,Easy
"If 10 workers finish a task in 8 days, how many worker-days are needed?",85,80,78,82,80,Puzzle,Hard
What is 18 + 74?,92,99,90,95,92,Quantitative,Medium
What is the square of 11?,121,126,120,122,121,Quantitative,Hard
"Find the next letter in the series: G, H, I, ?",I,K,L,J,J,Logical,Medium
Choose the synonym of 'rapid'.,fast,small,late,weak,fast,Verbal,Medium
"If 10 workers finish a task in 4 days, how many worker-days are needed?",42,45,38,40,40,Puzzle,Easy
What is 51 + 22?,80,71,76,73,73,Quantitative,Hard
What is the square of 4?,17,16,15,21,16,Quantitative,Hard
"Find the next letter in the series: F, G, H, ?",I,H,K,J,I,Logical,Medium
Choose the synonym of 'rapid'.,late,fast,small,weak,fast,Verbal,Hard
"If 10 workers finish a task in 5 days, how many worker-days are needed?",50,52,55,48,50,Puzzle,Easy
What is 14 + 46?,67,63,58,60,60,Quantitative,Easy
What is the square of 3?,14,8,10,9,9,Quantitative,Medium
"Find the next letter in the series: U, V, W, ?",W,Z,Y,X,X,Logical,Hard
Choose the synonym of 'rapid'.,late,small,fast,weak,fast,Verbal,Hard
"If 8 workers finish a task in 9 days, how many worker-days are needed?",77,72,74,70,72,Puzzle,Medium
What is 69 + 63?,135,139,132,130,132,Quantitative,Easy
What is the square of 18?,323,325,329,324,324,Quantitative,Hard
"Find the next letter in the series: D, E, F, ?",H,F,I,G,G,Logical,Easy
Choose the synonym of 'ancient'.,small,late,old,weak,old,Verbal,Medium
"If 8 workers finish a task in 7 days, how many worker-days are needed?",56,58,61,54,56,Puzzle,Medium
What is 25 + 68?,96,93,100,91,93,Quantitative,Medium
What is the square of 7?,49,50,48,54,49,Quantitative,Medium
"Find the next letter in the series: L, M, N, ?",N,Q,P,O,O,Logical,Easy
Choose the synonym of 'rapid'.,late,weak,small,fast,fast,Verbal,Medium
"If 7 workers finish a task in 10 days, how many worker-days are needed?",75,68,72,70,70,Puzzle,Easy
What is 22 + 77?,97,102,99,106,99,Quantitative,Easy
What is the square of 10?,100,105,99,101,100,Quantitative,Hard
"Find the next letter in the series: I, J, K, ?",N,L,M,K,L,Logical,Easy
Choose the synonym of 'ancient'.,old,late,weak,small,old,Verbal,Hard
"If 9 workers finish a task in 5 days, how many worker-days are needed?",45,50,43,47,45,Puzzle,Medium
What is 46 + 68?,114,121,112,117,114,Quantitative,Easy
What is the square of 14?,201,196,197,195,196,Quantitative,Hard
"Find the next letter in the series: M, N, O, ?",P,O,R,Q,P,Logical,Easy
Choose the synonym of 'bright'.,weak,small,smart,late,smart,Verbal,Medium
"If 2 workers finish a task in 5 days, how many worker-days are needed?",15,12,8,10,10,Puzzle,Easy
What is 15 + 26?,44,39,41,48,41,Quantitative,Easy
What is the square of 14?,195,196,197,201,196,Quantitative,Easy
"Find the next letter in the series: C, D, E, ?",G,F,H,E,F,Logical,Medium
Choose the synonym of 'rapid'.,small,weak,fast,late,fast,Verbal,Hard
"If 9 workers finish a task in 6 days, how many worker-days are needed?",56,54,59,52,54,Puzzle,Hard
What is 49 + 26?,73,75,78,82,75,Quantitative,Hard
What is the square of 15?,226,225,230,224,225,Quantitative,Hard
"Find the next letter in the series: S, T, U, ?",U,V,W,X,V,Logical,Hard
Choose the synonym of 'benefit'.,late,advantage,weak,small,advantage,Verbal,Easy
"If 8 workers finish a task in 6 days, how many worker-days are needed?",48,46,53,50,48,Puzzle,Easy
What is 41 + 39?,87,83,80,78,80,Quantitative,Hard
What is the square of 3?,14,10,8,9,9,Quantitative,Easy
"Find the next letter in the series: R, S, T, ?",V,W,T,U,U,Logical,Medium
Choose the synonym of 'honest'.,small,truthful,weak,late,truthful,Verbal,Hard
"If 6 workers finish a task in 10 days, how many worker-days are needed?",65,58,60,62,60,Puzzle,Medium
What is 72 + 66?,138,136,145,141,138,Quantitative,Medium
What is the square of 3?,14,8,9,10,9,Quantitative,Easy
"Find the next letter in the series: T, U, V, ?",V,X,Y,W,W,Logical,Hard
Choose the synonym of 'honest'.,weak,small,late,truthful,truthful,Verbal,Medium
"If 5 workers finish a task in 5 days, how many worker-days are needed?",23,25,27,30,25,Puzzle,Hard
What is 57 + 71?,135,131,126,128,128,Quantitative,Hard
What is the square of 14?,197,196,201,195,196,Quantitative,Easy
"Find the next letter in the series: R, S, T, ?",T,V,W,U,U,Logical,Easy
Choose the synonym of 'bright'.,small,smart,weak,late,smart,Verbal,Medium
"If 8 workers finish a task in 7 days, how many worker-days are needed?",54,56,58,61,56,Puzzle,Medium
What is 15 + 10?,25,32,28,23,25,Quantitative,Medium
What is the square of 5?,26,30,25,24,25,Quantitative,Easy
"Find the next letter in the series: J, K, L, ?",N,O,M,L,M,Logical,Medium
Choose the synonym of 'honest'.,late,weak,truthful,small,truthful,Verbal,Hard
"If 2 workers finish a task in 3 days, how many worker-days are needed?",8,11,4,6,6,Puzzle,Medium
What is 90 + 54?,142,144,147,151,144,Quantitative,Easy
What is the square of 13?,169,170,174,168,169,Quantitative,Easy
"Find the next letter in the series: N, O, P, ?",S,Q,R,P,Q,Logical,Medium
Choose the synonym of 'honest'.,small,truthful,weak,late,truthful,Verbal,Easy
"If 10 workers finish a task in 2 days, how many worker-days are needed?",18,25,20,22,20,Puzzle,Easy
What is 68 + 93?,164,161,159,168,161,Quantitative,Medium
What is the square of 10?,100,105,99,101,100,Quantitative,Medium
"Find the next letter in the series: L, M, N, ?",P,Q,O,N,O,Logical,Hard
Choose the synonym of 'rapid'.,small,weak,late,fast,fast,Verbal,Hard
"If 10 workers finish a task in 6 days, how many worker-days are needed?",65,62,58,60,60,Puzzle,Hard
What is 93 + 70?,163,166,161,170,163,Quantitative,Easy
What is the square of 20?,399,401,400,405,400,Quantitative,Medium
"Find the next letter in the series: F, G, H, ?",J,K,I,H,I,Logical,Easy
Choose the synonym of 'ancient'.,weak,old,late,small,old,Verbal,Hard
"If 6 workers finish a task in 10 days, how many worker-days are needed?",62,58,60,65,60,Puzzle,Medium
What is 39 + 11?,57,48,53,50,50,Quantitative,Easy
What is the square of 3?,9,10,14,8,9,Quantitative,Easy
"Find the next letter in the series: R, S, T, ?",W,U,V,T,U,Logical,Medium
Choose the synonym of 'rapid'.,small,weak,late,fast,fast,Verbal,Medium
"If 8 workers finish a task in 6 days, how many worker-days are needed?",46,50,53,48,48,Puzzle,Easy
What is 59 + 51?,110,113,108,117,110,Quantitative,Easy
What is the square of 20?,405,401,399,400,400,Quantitative,Hard
"Find the next letter in the series: K, L, M, ?",M,O,P,N,N,Logical,Easy
Choose the synonym of 'rapid'.,late,weak,fast,small,fast,Verbal,Medium
"If 6 workers finish a task in 7 days, how many worker-days are needed?",42,40,47,44,42,Puzzle,Hard
What is 40 + 43?,86,81,83,90,83,Quantitative,Medium
What is the square of 9?,80,82,86,81,81,Quantitative,Medium
"Find the next letter in the series: H, I, J, ?",M,L,J,K,K,Logical,Medium
Choose the synonym of 'ancient'.,late,weak,small,old,old,Verbal,Medium
"If 6 workers finish a task in 2 days, how many worker-days are needed?",12,10,17,14,12,Puzzle,Easy
What is 74 + 88?,160,165,169,162,162,Quantitative,Medium
What is the square of 16?,261,255,256,257,256,Quantitative,Hard
"Find the next letter in the series: R, S, T, ?",T,U,V,W,U,Logical,Medium
Choose the synonym of 'honest'.,truthful,weak,small,late,truthful,Verbal,Easy
"If 8 workers finish a task in 4 days, how many worker-days are needed?",37,34,30,32,32,Puzzle,Hard
What is 18 + 30?,51,55,46,48,48,Quantitative,Hard
What is the square of 9?,80,81,86,82,81,Quantitative,Easy
"Find the next letter in the series: D, E, F, ?",I,F,H,G,G,Logical,Easy
Choose the synonym of 'bright'.,late,smart,weak,small,smart,Verbal,Medium
"If 3 workers finish a task in 5 days, how many worker-days are needed?",15,20,13,17,15,Puzzle,Medium
What is 84 + 67?,149,158,154,151,151,Quantitative,Medium
What is the square of 16?,257,256,255,261,256,Quantitative,Medium
"Find the next letter in the series: I, J, K, ?",L,K,N,M,L,Logical,Medium
Choose the synonym of 'honest'.,small,truthful,late,weak,truthful,Verbal,Easy
"If 10 workers finish a task in 7 days, how many worker-days are needed?",68,70,75,72,70,Puzzle,Medium
What is 69 + 24?,91,100,96,93,93,Quantitative,Easy
What is the square of 9?,81,80,82,86,81,Quantitative,Easy
"Find the next letter in the series: C, D, E, ?",G,E,F,H,F,Logical,Easy
Choose the synonym of 'benefit'.,small,advantage,weak,late,advantage,Verbal,Hard
"If 6 workers finish a task in 10 days, how many worker-days are needed?",65,58,62,60,60,Puzzle,Hard
What is 33 + 56?,89,92,96,87,89,Quantitative,Easy
What is the square of 20?,400,401,405,399,400,Quantitative,Easy
"Find the next letter in the series: L, M, N, ?",P,O,N,Q,O,Logical,Medium
Choose the synonym of 'benefit'.,weak,advantage,late,small,advantage,Verbal,Hard
"If 9 workers finish a task in 7 days, how many worker-days are needed?",61,63,65,68,63,Puzzle,Hard
What is 44 + 32?,83,76,74,79,76,Quantitative,Hard
What is the square of 18?,323,325,329,324,324,Quantitative,Medium
"Find the next letter in the series: K, L, M, ?",M,P,N,O,N,Logical,Easy
Choose the synonym of 'ancient'.,old,small,weak,late,old,Verbal,Medium
"If 6 workers finish a task in 4 days, how many worker-days are needed?",26,22,24,29,24,Puzzle,Easy
What is 26 + 87?,111,113,116,120,113,Quantitative,Medium
What is the square of 5?,25,26,30,24,25,Quantitative,Medium
"Find the next letter in the series: M, N, O, ?",R,O,P,Q,P,Logical,Hard
Choose the synonym of 'benefit'.,small,weak,advantage,late,advantage,Verbal,Hard
"If 8 workers finish a task in 8 days, how many worker-days are needed?",66,64,62,69,64,Puzzle,Hard
What is 98 + 12?,110,108,113,117,110,Quantitative,Easy
What is the square of 13?,168,170,174,169,169,Quantitative,Hard
"Find the next letter in the series: T, U, V, ?",Y,W,V,X,W,Logical,Medium
Choose the synonym of 'bright'.,small,smart,weak,late,smart,Verbal,Hard
"If 8 workers finish a task in 2 days, how many worker-days are needed?",18,14,21,16,16,Puzzle,Easy
What is 79 + 16?,93,98,102,95,95,Quantitative,Hard
What is the square of 13?,169,170,168,174,169,Quantitative,Medium
"Find the next letter in the series: L, M, N, ?",P,O,Q,N,O,Logical,Medium
Choose the synonym of 'bright'.,smart,late,small,weak,smart,Verbal,Hard
"If 7 workers finish a task in 2 days, how many worker-days are needed?",16,14,12,19,14,Puzzle,Medium
What is 50 + 49?,97,106,102,99,99,Quantitative,Easy
What is the square of 5?,26,24,30,25,25,Quantitative,Medium
"Find the next letter in the series: J, K, L, ?",N,L,O,M,M,Logical,Easy
Choose the synonym of 'honest'.,late,weak,small,truthful,truthful,Verbal,Hard
"If 8 workers finish a task in 5 days, how many worker-days are needed?",40,38,45,42,40,Puzzle,Hard
What is 82 + 53?,138,133,135,142,135,Quantitative,Easy
What is the square of 4?,17,21,15,16,16,Quantitative,Hard
"Find the next letter in the series: U, V, W, ?",Z,X,W,Y,X,Logical,Medium
Choose the synonym of 'honest'.,truthful,weak,late,small,truthful,Verbal,Hard
"If 9 workers finish a task in 2 days, how many worker-days are needed?",23,20,16,18,18,Puzzle,Medium
What is 19 + 31?,48,57,50,53,50,Quantitative,Medium
What is the square of 6?,41,37,35,36,36,Quantitative,Hard
"Find the next letter in the series: B, C, D, ?",G,D,F,E,E,Logical,Medium
Choose the synonym of 'rapid'.,fast,small,weak,late,fast,Verbal,Hard
"If 2 workers finish a task in 8 days, how many worker-days are needed?",21,14,18,16,16,Puzzle,Easy
What is 47 + 33?,87,83,78,80,80,Quantitative,Medium
What is the square of 18?,323,324,325,329,324,Quantitative,Hard
"Find the next letter in the series: U, V, W, ?",X,Y,Z,W,X,Logical,Hard
Choose the synonym of 'honest'.,late,small,weak,truthful,truthful,Verbal,Hard
"If 8 workers finish a task in 6 days, how many worker-days are needed?",53,50,48,46,48,Puzzle,Hard
What is 17 + 87?,111,107,104,102,104,Quantitative,Medium
What is the square of 16?,261,255,256,257,256,Quantitative,Easy
"Find the next letter in the series: C, D, E, ?",H,G,E,F,F,Logical,Hard
Choose the synonym of 'benefit'.,advantage,small,weak,late,advantage,Verbal,Easy
"If 6 workers finish a task in 7 days, how many worker-days are needed?",47,40,44,42,42,Puzzle,Easy
What is 72 + 20?,90,92,99,95,92,Quantitative,Easy
What is the square of 3?,14,8,10,9,9,Quantitative,Medium
"Find the next letter in the series: P, Q, R, ?",T,R,S,U,S,Logical,Easy
Choose the synonym of 'rapid'.,fast,weak,late,small,fast,Verbal,Hard
"If 10 workers finish a task in 9 days, how many worker-days are needed?",95,88,90,92,90,Puzzle,Medium
What is 16 + 68?,82,84,87,91,84,Quantitative,Medium
What is the square of 19?,361,366,360,362,361,Quantitative,Easy
"Find the next letter in the series: H, I, J, ?",K,L,J,M,K,Logical,Hard
Choose the synonym of 'ancient'.,weak,late,old,small,old,Verbal,Easy
"If 9 workers finish a task in 2 days, how many worker-days are needed?",20,23,16,18,18,Puzzle,Medium
What is 72 + 34?,106,104,109,113,106,Quantitative,Hard
What is the square of 15?,230,224,225,226,225,Quantitative,Hard
"Find the next letter in the series: I, J, K, ?",N,K,L,M,L,Logical,Hard
Choose the synonym of 'bright'.,weak,small,smart,late,smart,Verbal,Medium
"If 10 workers finish a task in 9 days, how many worker-days are needed?",92,90,88,95,90,Puzzle,Easy
What is 61 + 31?,99,95,92,90,92,Quantitative,Medium
What is the square of 18?,329,325,323,324,324,Quantitative,Medium
"Find the next letter in the series: J, K, L, ?",M,L,N,O,M,Logical,Hard
Choose the synonym of 'honest'.,late,truthful,weak,small,truthful,Verbal,Medium
"If 7 workers finish a task in 7 days, how many worker-days are needed?",47,54,51,49,49,Puzzle,Medium
What is 70 + 91?,168,159,161,164,161,Quantitative,Medium
What is the square of 15?,224,225,230,226,225,Quantitative,Hard
"Find the next letter in the series: J, K, L, ?",O,M,N,L,M,Logical,Medium
Choose the synonym of 'honest'.,late,weak,small,truthful,truthful,Verbal,Easy
"If 5 workers finish a task in 9 days, how many worker-days are needed?",50,43,45,47,45,Puzzle,Hard
What is 16 + 30?,44,53,49,46,46,Quantitative,Medium
What is the square of 12?,143,144,145,149,144,Quantitative,Hard
"Find the next letter in the series: C, D, E, ?",G,H,F,E,F,Logical,Easy
Choose the synonym of 'benefit'.,weak,small,advantage,late,advantage,Verbal,Medium
"If 7 workers finish a task in 2 days, how many worker-days are needed?",16,12,14,19,14,Puzzle,Medium
What is 32 + 84?,114,116,119,123,116,Quantitative,Hard
What is the square of 15?,230,225,226,224,225,Quantitative,Hard
"Find the next letter in the series: D, E, F, ?",I,F,H,G,G,Logical,Medium
Choose the synonym of 'ancient'.,late,old,weak,small,old,Verbal,Medium
"If 5 workers finish a task in 4 days, how many worker-days are needed?",25,20,22,18,20,Puzzle,Medium
What is 38 + 82?,127,123,118,120,120,Quantitative,Medium
What is the square of 14?,195,197,196,201,196,Quantitative,Medium
"Find the next letter in the series: T, U, V, ?",V,W,Y,X,W,Logical,Hard
Choose the synonym of 'bright'.,small,late,weak,smart,smart,Verbal,Medium
"If 10 workers finish a task in 2 days, how many worker-days are needed?",18,22,20,25,20,Puzzle,Easy
What is 16 + 59?,82,73,75,78,75,Quantitative,Easy
What is the square of 18?,325,329,323,324,324,Quantitative,Medium
"Find the next letter in the series: H, I, J, ?",J,L,K,M,K,Logical,Hard
Choose the synonym of 'bright'.,late,weak,small,smart,smart,Verbal,Medium
"If 9 workers finish a task in 4 days, how many worker-days are needed?",34,41,36,38,36,Puzzle,Easy
What is 41 + 35?,76,83,74,79,76,Quantitative,Hard
What is the square of 18?,325,329,324,323,324,Quantitative,Hard
"Find the next letter in the series: K, L, M, ?",N,O,P,M,N,Logical,Hard
Choose the synonym of 'honest'.,weak,small,late,truthful,truthful,Verbal,Hard
"If 7 workers finish a task in 2 days, how many worker-days are needed?",16,14,12,19,14,Puzzle,Medium
What is 29 + 98?,134,130,127,125,127,Quantitative,Easy
What is the square of 12?,144,145,143,149,144,Quantitative,Hard
"Find the next letter in the series: M, N, O, ?",P,Q,O,R,P,Logical,Hard
Choose the synonym of 'honest'.,small,late,truthful,weak,truthful,Verbal,Easy
"If 6 workers finish a task in 2 days, how many worker-days are needed?",14,17,12,10,12,Puzzle,Easy
What is 62 + 51?,116,111,120,113,113,Quantitative,Medium
What is the square of 12?,145,143,149,144,144,Quantitative,Easy
"Find the next letter in the series: Q, R, S, ?",T,S,U,V,T,Logical,Medium
Choose the synonym of 'ancient'.,small,late,old,weak,old,Verbal,Easy
"If 4 workers finish a task in 7 days, how many worker-days are needed?",30,33,26,28,28,Puzzle,Medium
What is 31 + 33?,62,67,64,71,64,Quantitative,Hard
What is the square of 13?,170,168,174,169,169,Quantitative,Easy
"Find the next letter in the series: Q, R, S, ?",V,T,U,S,T,Logical,Easy
Choose the synonym of 'ancient'.,late,old,weak,small,old,Verbal,Hard
"If 10 workers finish a task in 8 days, how many worker-days are needed?",82,80,78,85,80,Puzzle,Hard
What is 47 + 78?,125,132,123,128,125,Quantitative,Easy
What is the square of 12?,149,145,144,143,144,Quantitative,Easy
"Find the next letter in the series: I, J, K, ?",K,L,N,M,L,Logical,Easy
Choose the synonym of 'ancient'.,weak,old,small,late,old,Verbal,Easy
"If 9 workers finish a task in 5 days, how many worker-days are needed?",50,47,43,45,45,Puzzle,Medium
What is 45 + 82?,125,127,134,130,127,Quantitative,Hard
What is the square of 16?,261,256,257,255,256,Quantitative,Medium
"Find the next letter in the series: M, N, O, ?",P,R,O,Q,P,Logical,Easy
Choose the synonym of 'benefit'.,small,advantage,late,weak,advantage,Verbal,Easy
"If 10 workers finish a task in 10 days, how many worker-days are needed?",98,105,102,100,100,Puzzle,Medium
What is 37 + 69?,106,104,113,109,106,Quantitative,Medium
What is the square of 8?,65,64,69,63,64,Quantitative,Medium
"Find the next letter in the series: H, I, J, ?",J,L,M,K,K,Logical,Hard
Choose the synonym of 'bright'.,late,smart,weak,small,smart,Verbal,Medium
"If 6 workers finish a task in 9 days, how many worker-days are needed?",56,59,52,54,54,Puzzle,Hard
What is 30 + 71?,101,99,108,104,101,Quantitative,Medium
What is the square of 3?,9,8,10,14,9,Quantitative,Easy
"Find the next letter in the series: G, H, I, ?",J,I,K,L,J,Logical,Medium
Choose the synonym of 'rapid'.,weak,fast,late,small,fast,Verbal,Hard
"If 9 workers finish a task in 8 days, how many worker-days are needed?",77,70,74,72,72,Puzzle,Easy
What is 57 + 83?,147,138,143,140,140,Quantitative,Medium
What is the square of 19?,361,360,362,366,361,Quantitative,Easy
"Find the next letter in the series: T, U, V, ?",Y,V,W,X,W,Logical,Easy
Choose the synonym of 'honest'.,truthful,small,late,weak,truthful,Verbal,Easy
"If 7 workers finish a task in 6 days, how many worker-days are needed?",47,44,40,42,42,Puzzle,Medium
What is 83 + 85?,171,168,166,175,168,Quantitative,Medium
What is the square of 12?,143,149,145,144,144,Quantitative,Easy
"Find the next letter in the series: I, J, K, ?",M,K,N,L,L,Logical,Hard
Choose the synonym of 'bright'.,smart,late,weak,small,smart,Verbal,Hard
"If 8 workers finish a task in 7 days, how many worker-days are needed?",58,61,56,54,56,Puzzle,Easy
What is 24 + 44?,68,66,71,75,68,Quantitative,Easy
What is the square of 17?,289,288,290,294,289,Quantitative,Easy
"Find the next letter in the series: O, P, Q, ?",R,S,Q,T,R,Logical,Hard
Choose the synonym of 'honest'.,truthful,weak,late,small,truthful,Verbal,Hard
"If 8 workers finish a task in 2 days, how many worker-days are needed?",16,14,18,21,16,Puzzle,Easy
What is 12 + 63?,78,82,73,75,75,Quantitative,Hard
What is the square of 14?,195,196,201,197,196,Quantitative,Medium
"Find the next letter in the series: A, B, C, ?",C,F,E,D,D,Logical,Medium
Choose the synonym of 'benefit'.,late,advantage,small,weak,advantage,Verbal,Medium
"If 6 workers finish a task in 6 days, how many worker-days are needed?",38,41,36,34,36,Puzzle,Hard
What is 39 + 73?,119,112,110,115,112,Quantitative,Medium
What is the square of 11?,120,121,122,126,121,Quantitative,Hard
"Find the next letter in the series: R, S, T, ?",W,U,T,V,U,Logical,Hard
Choose the synonym of 'benefit'.,late,advantage,weak,small,advantage,Verbal,Easy
"If 8 workers finish a task in 6 days, how many worker-days are needed?",46,53,48,50,48,Puzzle,Easy
What is 76 + 39?,113,122,118,115,115,Quantitative,Hard
What is the square of 8?,69,65,64,63,64,Quantitative,Medium
"Find the next letter in the series: I, J, K, ?",N,L,M,K,L,Logical,Easy
Choose the synonym of 'honest'.,weak,small,truthful,late,truthful,Verbal,Hard
"If 10 workers finish a task in 2 days, how many worker-days are needed?",20,18,25,22,20,Puzzle,Easy
What is 90 + 65?,155,162,158,153,155,Quantitative,Hard
What is the square of 4?,17,21,16,15,16,Quantitative,Medium
"Find the next letter in the series: N, O, P, ?",S,R,Q,P,Q,Logical,Medium
Choose the synonym of 'bright'.,smart,late,small,weak,smart,Verbal,Easy
"If 9 workers finish a task in 6 days, how many worker-days are needed?",52,56,59,54,54,Puzzle,Hard
What is 24 + 38?,69,65,60,62,62,Quantitative,Easy
What is the square of 12?,149,143,145,144,144,Quantitative,Easy
"Find the next letter in the series: P, Q, R, ?",T,U,R,S,S,Logical,Medium
Choose the synonym of 'bright'.,smart,weak,late,small,smart,Verbal,Easy
"If 10 workers finish a task in 9 days, how many worker-days are needed?",95,88,92,90,90,Puzzle,Hard
What is 56 + 93?,147,156,152,149,149,Quantitative,Easy
What is the square of 9?,86,82,80,81,81,Quantitative,Hard
"Find the next letter in the series: K, L, M, ?",P,N,O,M,N,Logical,Medium
Choose the synonym of 'bright'.,late,smart,small,weak,smart,Verbal,Easy
"If 6 workers finish a task in 2 days, how many worker-days are needed?",14,12,10,17,12,Puzzle,Hard
What is 90 + 31?,124,119,128,121,121,Quantitative,Medium
What is the square of 18?,324,323,325,329,324,Quantitative,Easy
"Find the next letter in the series: M, N, O, ?",P,R,O,Q,P,Logical,Easy
Choose the synonym of 'benefit'.,late,weak,advantage,small,advantage,Verbal,Hard
"If 7 workers finish a task in 6 days, how many worker-days are needed?",40,44,42,47,42,Puzzle,Hard
What is 72 + 60?,139,135,130,132,132,Quantitative,Hard
What is the square of 16?,255,257,261,256,256,Quantitative,Medium
"Find the next letter in the series: L, M, N, ?",O,Q,N,P,O,Logical,Hard
Choose the synonym of 'honest'.,small,truthful,late,weak,truthful,Verbal,Medium
"If 8 workers finish a task in 6 days, how many worker-days are needed?",46,53,50,48,48,Puzzle,Medium
What is 50 + 29?,82,77,79,86,79,Quantitative,Easy
What is the square of 3?,9,14,8,10,9,Quantitative,Medium
"Find the next letter in the series: Q, R, S, ?",S,V,T,U,T,Logical,Easy
Choose the synonym of 'benefit'.,advantage,late,weak,small,advantage,Verbal,Easy
"If 3 workers finish a task in 2 days, how many worker-days are needed?",8,6,11,4,6,Puzzle,Easy
What is 45 + 92?,137,144,135,140,137,Quantitative,Hard
What is the square of 7?,48,49,54,50,49,Quantitative,Easy
"Find the next letter in the series: E, F, G, ?",H,J,G,I,H,Logical,Hard
Choose the synonym of 'honest'.,truthful,weak,small,late,truthful,Verbal,Easy
"If 8 workers finish a task in 6 days, how many worker-days are needed?",48,46,53,50,48,Puzzle,Easy
What is 42 + 56?,98,101,96,105,98,Quantitative,Medium
What is the square of 9?,82,80,81,86,81,Quantitative,Medium
"Find the next letter in the series: G, H, I, ?",L,K,J,I,J,Logical,Medium
Choose the synonym of 'bright'.,weak,small,late,smart,smart,Verbal,Easy
"If 7 workers finish a task in 8 days, how many worker-days are needed?",61,54,58,56,56,Puzzle,Medium
What is 81 + 54?,142,135,133,138,135,Quantitative,Medium
What is the square of 12?,144,149,145,143,144,Quantitative,Easy
"Find the next letter in the series: A, B, C, ?",F,E,D,C,D,Logical,Medium
Choose the synonym of 'rapid'.,fast,weak,late,small,fast,Verbal,Easy
"If 2 workers finish a task in 4 days, how many worker-days are needed?",8,10,13,6,8,Puzzle,Hard
What is 16 + 70?,93,84,89,86,86,Quantitative,Hard
What is the square of 6?,35,41,36,37,36,Quantitative,Easy
"Find the next letter in the series: D, E, F, ?",H,G,I,F,G,Logical,Medium
Choose the synonym of 'bright'.,weak,small,late,smart,smart,Verbal,Medium
"If 9 workers finish a task in 2 days, how many worker-days are needed?",18,23,20,16,18,Puzzle,Easy
What is 55 + 78?,140,131,136,133,133,Quantitative,Hard
What is the square of 9?,86,80,82,81,81,Quantitative,Easy
"Find the next letter in the series: A, B, C, ?",C,D,E,F,D,Logical,Hard
Choose the synonym of 'benefit'.,small,late,weak,advantage,advantage,Verbal,Hard
"If 6 workers finish a task in 5 days, how many worker-days are needed?",32,30,35,28,30,Puzzle,Easy
What is 94 + 28?,122,120,125,129,122,Quantitative,Hard
What is the square of 18?,324,329,323,325,324,Quantitative,Easy
"Find the next letter in the series: D, E, F, ?",H,G,I,F,G,Logical,Hard
Choose the synonym of 'bright'.,late,smart,weak,small,smart,Verbal,Easy
"If 8 workers finish a task in 5 days, how many worker-days are needed?",42,40,38,45,40,Puzzle,Medium
What is 46 + 15?,61,68,64,59,61,Quantitative,Easy
What is the square of 14?,195,201,197,196,196,Quantitative,Medium
"Find the next letter in the series: R, S, T, ?",U,T,W,V,U,Logical,Easy
Choose the synonym of 'honest'.,truthful,weak,late,small,truthful,Verbal,Hard
"If 5 workers finish a task in 9 days, how many worker-days are needed?",50,47,43,45,45,Puzzle,Medium
What is 33 + 69?,102,109,105,100,102,Quantitative,Hard
What is the square of 11?,121,120,126,122,121,Quantitative,Easy
"Find the next letter in the series: T, U, V, ?",X,W,V,Y,W,Logical,Easy
Choose the synonym of 'ancient'.,old,small,late,weak,old,Verbal,Hard
"If 6 workers finish a task in 8 days, how many worker-days are needed?",50,53,48,46,48,Puzzle,Easy
What is 89 + 94?,181,183,190,186,183,Quantitative,Hard
What is the square of 16?,257,256,255,261,256,Quantitative,Hard
"Find the next letter in the series: N, O, P, ?",P,R,Q,S,Q,Logical,Hard
Choose the synonym of 'benefit'.,late,advantage,small,weak,advantage,Verbal,Easy
"If 10 workers finish a task in 2 days, how many worker-days are needed?",25,20,18,22,20,Puzzle,Hard
What is 68 + 12?,83,87,80,78,80,Quantitative,Hard
What is the square of 5?,26,30,24,25,25,Quantitative,Easy
"Find the next letter in the series: L, M, N, ?",Q,N,O,P,O,Logical,Easy
Choose the synonym of 'rapid'.,weak,late,small,fast,fast,Verbal,Hard
"If 3 workers finish a task in 6 days, how many worker-days are needed?",18,20,23,16,18,Puzzle,Easy
What is 87 + 81?,175,171,166,168,168,Quantitative,Medium
What is the square of 8?,69,65,63,64,64,Quantitative,Hard
"Find the next letter in the series: S, T, U, ?",W,U,V,X,V,Logical,Medium
Choose the synonym of 'honest'.,late,weak,truthful,small,truthful,Verbal,Hard
"If 9 workers finish a task in 2 days, how many worker-days are needed?",23,20,16,18,18,Puzzle,Medium
What is 13 + 78?,91,89,94,98,91,Quantitative,Medium
What is the square of 14?,196,195,197,201,196,Quantitative,Medium
"Find the next letter in the series: U, V, W, ?",X,W,Z,Y,X,Logical,Hard
Choose the synonym of 'honest'.,truthful,small,late,weak,truthful,Verbal,Medium
"If 5 workers finish a task in 6 days, how many worker-days are needed?",28,32,30,35,30,Puzzle,Hard
What is 39 + 19?,56,65,61,58,58,Quantitative,Easy
What is the square of 3?,10,9,14,8,9,Quantitative,Easy
"Find the next letter in the series: I, J, K, ?",K,L,N,M,L,Logical,Hard
Choose the synonym of 'benefit'.,advantage,small,late,weak,advantage,Verbal,Medium
"If 4 workers finish a task in 3 days, how many worker-days are needed?",10,12,17,14,12,Puzzle,Medium
What is 59 + 85?,147,144,142,151,144,Quantitative,Medium
What is the square of 16?,261,256,257,255,256,Quantitative,Medium
"Find the next letter in the series: L, M, N, ?",O,Q,N,P,O,Logical,Medium
Choose the synonym of 'rapid'.,weak,fast,small,late,fast,Verbal,Hard
"If 5 workers finish a task in 6 days, how many worker-days are needed?",28,30,32,35,30,Puzzle,Hard
What is 22 + 13?,38,33,35,42,35,Quantitative,Easy
What is the square of 10?,101,100,99,105,100,Quantitative,Easy
"Find the next letter in the series: D, E, F, ?",I,H,G,F,G,Logical,Medium
Choose the synonym of 'rapid'.,weak,late,fast,small,fast,Verbal,Hard
"If 10 workers finish a task in 2 days, how many worker-days are needed?",20,25,22,18,20,Puzzle,Hard
What is 96 + 37?,131,133,136,140,133,Quantitative,Medium
What is the square of 17?,288,294,289,290,289,Quantitative,Medium
"Find the next letter in the series: Q, R, S, ?",T,U,S,V,T,Logical,Medium
Choose the synonym of 'benefit'.,advantage,small,weak,late,advantage,Verbal,Easy
"If 4 workers finish a task in 3 days, how many worker-days are needed?",17,10,14,12,12,Puzzle,Medium
What is 53 + 12?,68,63,72,65,65,Quantitative,Easy
What is the square of 14?,201,195,196,197,196,Quantitative,Easy
"Find the next letter in the series: N, O, P, ?",R,S,P,Q,Q,Logical,Medium
Choose the synonym of 'ancient'.,weak,small,late,old,old,Verbal,Easy
"If 5 workers finish a task in 8 days, how many worker-days are needed?",42,38,45,40,40,Puzzle,Easy
What is 51 + 43?,94,101,92,97,94,Quantitative,Hard
What is the square of 6?,41,35,37,36,36,Quantitative,Hard
"Find the next letter in the series: R, S, T, ?",W,V,T,U,U,Logical,Easy
Choose the synonym of 'benefit'.,advantage,late,weak,small,advantage,Verbal,Medium
"If 2 workers finish a task in 10 days, how many worker-days are needed?",25,18,20,22,20,Puzzle,Hard
What is 47 + 46?,96,93,100,91,93,Quantitative,Hard
What is the square of 20?,400,399,405,401,400,Quantitative,Medium
"Find the next letter in the series: E, F, G, ?",G,J,I,H,H,Logical,Easy
Choose the synonym of 'benefit'.,small,advantage,late,weak,advantage,Verbal,Medium
"If 4 workers finish a task in 10 days, how many worker-days are needed?",45,38,40,42,40,Puzzle,Easy
What is 88 + 79?,167,170,165,174,167,Quantitative,Hard
What is the square of 10?,105,99,100,101,100,Quantitative,Hard
"Find the next letter in the series: G, H, I, ?",I,K,L,J,J,Logical,Hard
Choose the synonym of 'ancient'.,old,late,weak,small,old,Verbal,Medium
"If 2 workers finish a task in 7 days, how many worker-days are needed?",12,14,16,19,14,Puzzle,Medium
What is 83 + 28?,111,118,114,109,111,Quantitative,Hard
What is the square of 7?,50,54,48,49,49,Quantitative,Medium
"Find the next letter in the series: H, I, J, ?",J,K,L,M,K,Logical,Easy
Choose the synonym of 'bright'.,weak,small,smart,late,smart,Verbal,Easy
"If 2 workers finish a task in 5 days, how many worker-days are needed?",8,15,12,10,10,Puzzle,Easy
What is 91 + 10?,101,99,108,104,101,Quantitative,Easy
What is the square of 20?,405,399,401,400,400,Quantitative,Easy
"Find the next letter in the series: A, B, C, ?",F,E,D,C,D,Logical,Hard
Choose the synonym of 'benefit'.,small,late,advantage,weak,advantage,Verbal,Hard
"If 5 workers finish a task in 8 days, how many worker-days are needed?",42,40,38,45,40,Puzzle,Easy
What is 77 + 25?,100,102,105,109,102,Quantitative,Hard
What is the square of 14?,196,201,197,195,196,Quantitative,Easy
"Find the next letter in the series: U, V, W, ?",W,Z,Y,X,X,Logical,Easy
Choose the synonym of 'bright'.,late,weak,small,smart,smart,Verbal,Hard
"If 9 workers finish a task in 3 days, how many worker-days are needed?",25,32,29,27,27,Puzzle,Easy
What is 96 + 13?,116,109,107,112,109,Quantitative,Medium
What is the square of 6?,35,41,36,37,36,Quantitative,Medium
"Find the next letter in the series: D, E, F, ?",F,I,H,G,G,Logical,Medium
Choose the synonym of 'rapid'.,fast,weak,small,late,fast,Verbal,Hard
"If 5 workers finish a task in 3 days, how many worker-days are needed?",20,15,17,13,15,Puzzle,Hard
What is 83 + 62?,152,145,143,148,145,Quantitative,Hard
What is the square of 8?,63,64,65,69,64,Quantitative,Hard
"Find the next letter in the series: F, G, H, ?",H,K,J,I,I,Logical,Hard
Choose the synonym of 'honest'.,weak,small,late,truthful,truthful,Verbal,Easy
"If 8 workers finish a task in 8 days, how many worker-days are needed?",64,62,66,69,64,Puzzle,Easy
What is 10 + 52?,62,60,69,65,62,Quantitative,Medium
What is the square of 10?,105,101,99,100,100,Quantitative,Medium
"Find the next letter in the series: P, Q, R, ?",U,T,R,S,S,Logical,Medium
Choose the synonym of 'ancient'.,weak,old,small,late,old,Verbal,Hard
"If 2 workers finish a task in 4 days, how many worker-days are needed?",8,13,10,6,8,Puzzle,Medium
What is 57 + 70?,127,130,134,125,127,Quantitative,Easy
What is the square of 8?,64,63,65,69,64,Quantitative,Medium
"Find the next letter in the series: G, H, I, ?",J,L,K,I,J,Logical,Easy
Choose the synonym of 'benefit'.,late,small,advantage,weak,advantage,Verbal,Hard
"If 4 workers finish a task in 9 days, how many worker-days are needed?",38,41,36,34,36,Puzzle,Easy
What is 77 + 49?,133,129,124,126,126,Quantitative,Medium
What is the square of 13?,170,168,169,174,169,Quantitative,Medium
"Find the next letter in the series: C, D, E, ?",E,H,F,G,F,Logical,Easy
Choose the synonym of 'bright'.,weak,late,small,smart,smart,Verbal,Easy
"If 5 workers finish a task in 9 days, how many worker-days are needed?",50,45,47,43,45,Puzzle,Medium
What is 21 + 41?,60,69,65,62,62,Quantitative,Medium
What is the square of 12?,149,144,143,145,144,Quantitative,Medium
"Find the next letter in the series: P, Q, R, ?",T,S,U,R,S,Logical,Medium
Choose the synonym of 'bright'.,late,smart,small,weak,smart,Verbal,Medium
"If 10 workers finish a task in 8 days, how many worker-days are needed?",82,78,80,85,80,Puzzle,Hard
What is 57 + 14?,78,71,69,74,71,Quantitative,Easy
What is the square of 8?,64,65,63,69,64,Quantitative,Medium
"Find the next letter in the series: F, G, H, ?",I,J,K,H,I,Logical,Easy
Choose the synonym of 'rapid'.,small,late,fast,weak,fast,Verbal,Hard
"If 4 workers finish a task in 4 days, how many worker-days are needed?",14,18,16,21,16,Puzzle,Medium
What is 63 + 17?,78,87,83,80,80,Quantitative,Hard
What is the square of 4?,17,21,16,15,16,Quantitative,Hard
"Find the next letter in the series: L, M, N, ?",Q,P,O,N,O,Logical,Medium
Choose the synonym of 'bright'.,small,weak,smart,late,smart,Verbal,Easy
"If 6 workers finish a task in 7 days, how many worker-days are needed?",42,40,44,47,42,Puzzle,Hard
What is 70 + 73?,143,141,146,150,143,Quantitative,Hard
What is the square of 7?,50,48,54,49,49,Quantitative,Hard
"Find the next letter in the series: K, L, M, ?",N,P,M,O,N,Logical,Medium
Choose the synonym of 'benefit'.,advantage,late,small,weak,advantage,Verbal,Medium
"If 8 workers finish a task in 3 days, how many worker-days are needed?",22,29,26,24,24,Puzzle,Hard
What is 30 + 39?,67,76,72,69,69,Quantitative,Easy
What is the square of 16?,255,257,261,256,256,Quantitative,Easy
"Find the next letter in the series: G, H, I, ?",I,J,L,K,J,Logical,Hard
Choose the synonym of 'rapid'.,weak,late,small,fast,fast,Verbal,Hard
"If 6 workers finish a task in 3 days, how many worker-days are needed?",23,18,20,16,18,Puzzle,Hard
What is 66 + 22?,86,88,95,91,88,Quantitative,Easy
What is the square of 10?,101,105,100,99,100,Quantitative,Hard
"Find the next letter in the series: D, E, F, ?",H,I,G,F,G,Logical,Easy
Choose the synonym of 'honest'.,weak,late,truthful,small,truthful,Verbal,Hard
"If 3 workers finish a task in 9 days, how many worker-days are needed?",27,29,32,25,27,Puzzle,Hard
What is 55 + 72?,134,130,125,127,127,Quantitative,Easy
What is the square of 13?,169,170,174,168,169,Quantitative,Medium
"Find the next letter in the series: M, N, O, ?",P,Q,R,O,P,Logical,Medium
Choose the synonym of 'ancient'.,weak,old,late,small,old,Verbal,Easy
"If 5 workers finish a task in 2 days, how many worker-days are needed?",10,8,12,15,10,Puzzle,Hard
What is 36 + 16?,52,55,59,50,52,Quantitative,Medium
What is the square of 13?,170,168,169,174,169,Quantitative,Hard
"Find the next letter in the series: F, G, H, ?",I,K,H,J,I,Logical,Easy
Choose the synonym of 'benefit'.,small,advantage,late,weak,advantage,Verbal,Hard
"If 5 workers finish a task in 9 days, how many worker-days are needed?",43,47,50,45,45,Puzzle,Hard
What is 58 + 22?,80,87,78,83,80,Quantitative,Hard
What is the square of 4?,15,21,16,17,16,Quantitative,Medium
"Find the next letter in the series: C, D, E, ?",G,E,F,H,F,Logical,Easy
Choose the synonym of 'benefit'.,weak,small,late,advantage,advantage,Verbal,Easy
"If 6 workers finish a task in 2 days, how many worker-days are needed?",10,12,14,17,12,Puzzle,Medium
What is 85 + 98?,186,183,190,181,183,Quantitative,Easy
What is the square of 18?,323,325,329,324,324,Quantitative,Easy
"Find the next letter in the series: M, N, O, ?",R,O,Q,P,P,Logical,Hard
Choose the synonym of 'bright'.,weak,small,smart,late,smart,Verbal,Hard
"If 7 workers finish a task in 3 days, how many worker-days are needed?",19,26,21,23,21,Puzzle,Medium
What is 72 + 42?,114,121,117,112,114,Quantitative,Hard
What is the square of 18?,329,325,324,323,324,Quantitative,Easy
"Find the next letter in the series: P, Q, R, ?",R,U,S,T,S,Logical,Easy
Choose the synonym of 'ancient'.,small,weak,old,late,old,Verbal,Easy
"If 7 workers finish a task in 8 days, how many worker-days are needed?",54,56,61,58,56,Puzzle,Medium
What is 65 + 45?,113,108,117,110,110,Quantitative,Easy
What is the square of 11?,126,120,122,121,121,Quantitative,Easy
"Find the next letter in the series: S, T, U, ?",U,X,V,W,V,Logical,Hard
Choose the synonym of 'benefit'.,late,advantage,small,weak,advantage,Verbal,Hard
"If 4 workers finish a task in 10 days, how many worker-days are needed?",45,42,38,40,40,Puzzle,Medium
What is 24 + 88?,119,112,110,115,112,Quantitative,Easy
What is the square of 6?,37,35,36,41,36,Quantitative,Medium
"Find the next letter in the series: R, S, T, ?",T,W,U,V,U,Logical,Hard
Choose the synonym of 'ancient'.,old,weak,late,small,old,Verbal,Easy
"If 5 workers finish a task in 2 days, how many worker-days are needed?",15,10,12,8,10,Puzzle,Easy
What is 96 + 64?,160,167,158,163,160,Quantitative,Hard
What is the square of 10?,100,105,101,99,100,Quantitative,Hard
"Find the next letter in the series: B, C, D, ?",E,F,G,D,E,Logical,Easy
Choose the synonym of 'bright'.,small,weak,smart,late,smart,Verbal,Easy
"If 6 workers finish a task in 5 days, how many worker-days are needed?",35,32,30,28,30,Puzzle,Medium
What is 41 + 90?,129,134,131,138,131,Quantitative,Easy
What is the square of 13?,169,168,170,174,169,Quantitative,Medium
"Find the next letter in the series: P, Q, R, ?",U,T,R,S,S,Logical,Easy
Choose the synonym of 'bright'.,weak,small,smart,late,smart,Verbal,Hard
"If 4 workers finish a task in 2 days, how many worker-days are needed?",10,6,8,13,8,Puzzle,Easy
What is 94 + 89?,186,181,183,190,183,Quantitative,Hard
What is the square of 13?,170,168,169,174,169,Quantitative,Medium
"Find the next letter in the series: G, H, I, ?",K,J,L,I,J,Logical,Medium
Choose the synonym of 'honest'.,truthful,late,weak,small,truthful,Verbal,Hard
"If 6 workers finish a task in 3 days, how many worker-days are needed?",18,20,23,16,18,Puzzle,Hard
What is 96 + 73?,176,167,169,172,169,Quantitative,Hard
What is the square of 11?,126,120,121,122,121,Quantitative,Medium
"Find the next letter in the series: R, S, T, ?",U,V,T,W,U,Logical,Easy
Choose the synonym of 'benefit'.,weak,small,advantage,late,advantage,Verbal,Hard
"If 4 workers finish a task in 3 days, how many worker-days are needed?",12,14,10,17,12,Puzzle,Medium
What is 40 + 53?,93,91,96,100,93,Quantitative,Easy
What is the square of 3?,9,10,8,14,9,Quantitative,Hard
"Find the next letter in the series: L, M, N, ?",Q,O,P,N,O,Logical,Easy
Choose the synonym of 'honest'.,small,weak,truthful,late,truthful,Verbal,Easy
"If 2 workers finish a task in 6 days, how many worker-days are needed?",12,10,14,17,12,Puzzle,Hard
What is 55 + 77?,132,135,139,130,132,Quantitative,Medium
What is the square of 17?,290,289,294,288,289,Quantitative,Easy
"Find the next letter in the series: K, L, M, ?",O,M,P,N,N,Logical,Easy
Choose the synonym of 'ancient'.,weak,late,old,small,old,Verbal,Hard
"If 2 workers finish a task in 9 days, how many worker-days are needed?",16,18,23,20,18,Puzzle,Hard
What is 89 + 29?,125,116,121,118,118,Quantitative,Medium
What is the square of 18?,329,325,323,324,324,Quantitative,Easy
"Find the next letter in the series: F, G, H, ?",H,K,I,J,I,Logical,Medium
Choose the synonym of 'honest'.,truthful,late,weak,small,truthful,Verbal,Medium
"If 2 workers finish a task in 4 days, how many worker-days are needed?",6,13,10,8,8,Puzzle,Easy
What is 95 + 74?,167,176,169,172,169,Quantitative,Hard
What is the square of 6?,35,37,36,41,36,Quantitative,Easy
"Find the next letter in the series: P, Q, R, ?",S,T,U,R,S,Logical,Hard
Choose the synonym of 'benefit'.,advantage,late,small,weak,advantage,Verbal,Easy
"If 2 workers finish a task in 6 days, how many worker-days are needed?",12,14,17,10,12,Puzzle,Hard
What is 94 + 74?,175,168,171,166,168,Quantitative,Hard
What is the square of 12?,143,144,145,149,144,Quantitative,Hard
"Find the next letter in the series: D, E, F, ?",F,H,G,I,G,Logical,Medium
Choose the synonym of 'bright'.,late,small,weak,smart,smart,Verbal,Easy
"If 3 workers finish a task in 9 days, how many worker-days are needed?",29,32,27,25,27,Puzzle,Easy
What is 67 + 79?,144,153,149,146,146,Quantitative,Easy
What is the square of 5?,24,26,25,30,25,Quantitative,Hard
"Find the next letter in the series: D, E, F, ?",G,I,H,F,G,Logical,Easy
Choose the synonym of 'ancient'.,small,old,late,weak,old,Verbal,Easy
"If 8 workers finish a task in 3 days, how many worker-days are needed?",22,24,29,26,24,Puzzle,Hard
What is 55 + 63?,116,125,121,118,118,Quantitative,Hard
What is the square of 13?,170,169,168,174,169,Quantitative,Hard
"Find the next letter in the series: F, G, H, ?",K,J,H,I,I,Logical,Medium
Choose the synonym of 'bright'.,small,smart,late,weak,smart,Verbal,Hard
"If 4 workers finish a task in 8 days, how many worker-days are needed?",37,30,32,34,32,Puzzle,Easy
What is 28 + 27?,55,53,58,62,55,Quantitative,Hard
What is the square of 15?,225,226,230,224,225,Quantitative,Medium
"Find the next letter in the series: D, E, F, ?",G,F,H,I,G,Logical,Easy
Choose the synonym of 'benefit'.,late,small,weak,advantage,advantage,Verbal,Easy
"If 10 workers finish a task in 4 days, how many worker-days are needed?",42,45,40,38,40,Puzzle,Hard
What is 24 + 69?,93,91,96,100,93,Quantitative,Hard
What is the square of 3?,14,8,10,9,9,Quantitative,Medium
"Find the next letter in the series: P, Q, R, ?",U,R,T,S,S,Logical,Easy
Choose the synonym of 'bright'.,smart,small,weak,late,smart,Verbal,Easy
"If 6 workers finish a task in 8 days, how many worker-days are needed?",53,48,46,50,48,Puzzle,Easy
What is 78 + 73?,149,158,151,154,151,Quantitative,Easy
What is the square of 6?,36,41,37,35,36,Quantitative,Easy
"Find the next letter in the series: B, C, D, ?",D,G,F,E,E,Logical,Hard
Choose the synonym of 'ancient'.,old,weak,small,late,old,Verbal,Medium
"If 7 workers finish a task in 10 days, how many worker-days are needed?",75,72,70,68,70,Puzzle,Medium
What is 14 + 57?,74,78,71,69,71,Quantitative,Hard
What is the square of 15?,230,224,226,225,225,Quantitative,Easy
"Find the next letter in the series: C, D, E, ?",G,F,E,H,F,Logical,Hard
Choose the synonym of 'benefit'.,weak,advantage,late,small,advantage,Verbal,Medium
"If 5 workers finish a task in 8 days, how many worker-days are needed?",45,42,40,38,40,Puzzle,Hard
What is 88 + 86?,181,174,172,177,174,Quantitative,Hard
What is the square of 8?,65,64,69,63,64,Quantitative,Medium
"Find the next letter in the series: M, N, O, ?",R,P,Q,O,P,Logical,Hard
Choose the synonym of 'benefit'.,small,late,weak,advantage,advantage,Verbal,Hard
"If 2 workers finish a task in 7 days, how many worker-days are needed?",12,16,19,14,14,Puzzle,Medium
What is 36 + 56?,99,95,90,92,92,Quantitative,Easy
What is the square of 15?,226,230,224,225,225,Quantitative,Hard
"Find the next letter in the series: T, U, V, ?",V,Y,W,X,W,Logical,Medium
Choose the synonym of 'bright'.,late,smart,small,weak,smart,Verbal,Easy
"If 10 workers finish a task in 3 days, how many worker-days are needed?",35,30,28,32,30,Puzzle,Hard
What is 53 + 42?,93,98,102,95,95,Quantitative,Medium
What is the square of 6?,37,41,36,35,36,Quantitative,Hard
"Find the next letter in the series: M, N, O, ?",P,R,O,Q,P,Logical,Easy
Choose the synonym of 'benefit'.,late,weak,small,advantage,advantage,Verbal,Hard
"If 3 workers finish a task in 9 days, how many worker-days are needed?",25,29,32,27,27,Puzzle,Easy
What is 58 + 28?,93,86,89,84,86,Quantitative,Medium
What is the square of 5?,26,30,24,25,25,Quantitative,Easy
"Find the next letter in the series: A, B, C, ?",F,D,C,E,D,Logical,Hard
Choose the synonym of 'bright'.,smart,weak,late,small,smart,Verbal,Medium
"If 6 workers finish a task in 5 days, how many worker-days are needed?",32,35,30,28,30,Puzzle,Hard
What is 85 + 54?,142,139,146,137,139,Quantitative,Medium
What is the square of 9?,86,82,80,81,81,Quantitative,Easy
"Find the next letter in the series: I, J, K, ?",M,K,L,N,L,Logical,Hard
Choose the synonym of 'ancient'.,small,late,weak,old,old,Verbal,Medium
"If 10 workers finish a task in 2 days, how many worker-days are needed?",25,20,22,18,20,Puzzle,Easy
What is 73 + 76?,149,152,156,147,149,Quantitative,Hard
What is the square of 8?,64,63,69,65,64,Quantitative,Easy
"Find the next letter in the series: Q, R, S, ?",V,S,U,T,T,Logical,Hard
Choose the synonym of 'benefit'.,late,advantage,small,weak,advantage,Verbal,Medium
"If 2 workers finish a task in 8 days, how many worker-days are needed?",16,18,21,14,16,Puzzle,Hard
What is 52 + 13?,68,65,72,63,65,Quantitative,Hard
What is the square of 9?,81,82,80,86,81,Quantitative,Medium
"Find the next letter in the series: F, G, H, ?",J,K,I,H,I,Logical,Hard
Choose the synonym of 'honest'.,small,weak,truthful,late,truthful,Verbal,Hard
"If 10 workers finish a task in 7 days, how many worker-days are needed?",68,75,70,72,70,Puzzle,Easy
What is 62 + 15?,75,77,80,84,77,Quantitative,Medium
What is the square of 7?,50,54,49,48,49,Quantitative,Hard
"Find the next letter in the series: I, J, K, ?",M,L,K,N,L,Logical,Easy
Choose the synonym of 'benefit'.,advantage,weak,small,late,advantage,Verbal,Easy
"If 5 workers finish a task in 10 days, how many worker-days are needed?",50,55,52,48,50,Puzzle,Easy
What is 83 + 27?,108,113,117,110,110,Quantitative,Easy
What is the square of 16?,255,256,261,257,256,Quantitative,Hard
"Find the next letter in the series: E, F, G, ?",G,I,J,H,H,Logical,Easy
Choose the synonym of 'benefit'.,small,weak,late,advantage,advantage,Verbal,Easy
"If 5 workers finish a task in 9 days, how many worker-days are needed?",43,45,47,50,45,Puzzle,Medium
What is 61 + 94?,153,155,158,162,155,Quantitative,Easy
What is the square of 13?,170,169,168,174,169,Quantitative,Easy
"Find the next letter in the series: O, P, Q, ?",R,T,S,Q,R,Logical,Hard
Choose the synonym of 'benefit'.,small,late,weak,advantage,advantage,Verbal,Medium
"If 10 workers finish a task in 4 days, how many worker-days are needed?",38,40,45,42,40,Puzzle,Medium
What is 41 + 90?,138,129,131,134,131,Quantitative,Medium
What is the square of 8?,69,64,63,65,64,Quantitative,Medium
"Find the next letter in the series: K, L, M, ?",P,M,N,O,N,Logical,Easy
Choose the synonym of 'rapid'.,small,late,fast,weak,fast,Verbal,Medium
"If 6 workers finish a task in 7 days, how many worker-days are needed?",44,42,47,40,42,Puzzle,Medium
What is 81 + 54?,133,135,138,142,135,Quantitative,Hard
What is the square of 8?,64,65,69,63,64,Quantitative,Medium
"Find the next letter in the series: L, M, N, ?",O,N,Q,P,O,Logical,Hard
Choose the synonym of 'honest'.,truthful,weak,late,small,truthful,Verbal,Hard
"If 2 workers finish a task in 9 days, how many worker-days are needed?",16,20,18,23,18,Puzzle,Easy
What is 97 + 74?,174,171,169,178,171,Quantitative,Hard
What is the square of 15?,226,230,224,225,225,Quantitative,Easy
"Find the next letter in the series: L, M, N, ?",P,Q,O,N,O,Logical,Medium
Choose the synonym of 'honest'.,truthful,late,weak,small,truthful,Verbal,Easy
"If 8 workers finish a task in 4 days, how many worker-days are needed?",37,32,34,30,32,Puzzle,Medium
What is 34 + 98?,135,139,130,132,132,Quantitative,Hard
What is the square of 8?,64,65,63,69,64,Quantitative,Hard
"Find the next letter in the series: I, J, K, ?",L,M,K,N,L,Logical,Hard
Choose the synonym of 'benefit'.,advantage,weak,small,late,advantage,Verbal,Easy
"If 4 workers finish a task in 10 days, how many worker-days are needed?",45,42,38,40,40,Puzzle,Hard
What is 36 + 63?,99,106,97,102,99,Quantitative,Medium
What is the square of 6?,41,36,35,37,36,Quantitative,Medium
"Find the next letter in the series: L, M, N, ?",O,Q,N,P,O,Logical,Easy
Choose the synonym of 'honest'.,weak,truthful,late,small,truthful,Verbal,Hard
"If 10 workers finish a task in 2 days, how many worker-days are needed?",25,18,20,22,20,Puzzle,Easy
What is 51 + 24?,78,73,82,75,75,Quantitative,Easy
What is the square of 13?,174,168,170,169,169,Quantitative,Easy
"Find the next letter in the series: U, V, W, ?",Z,W,X,Y,X,Logical,Medium
Choose the synonym of 'honest'.,late,truthful,small,weak,truthful,Verbal,Hard
"If 9 workers finish a task in 5 days, how many worker-days are needed?",50,47,43,45,45,Puzzle,Hard
What is 74 + 21?,93,98,95,102,95,Quantitative,Hard
What is the square of 15?,226,230,225,224,225,Quantitative,Medium
"Find the next letter in the series: J, K, L, ?",M,L,N,O,M,Logical,Medium
Choose the synonym of 'rapid'.,weak,fast,late,small,fast,Verbal,Easy
"If 2 workers finish a task in 5 days, how many worker-days are needed?",10,15,8,12,10,Puzzle,Easy
What is 79 + 38?,117,120,124,115,117,Quantitative,Medium
What is the square of 20?,400,401,399,405,400,Quantitative,Medium
"Find the next letter in the series: S, T, U, ?",U,W,X,V,V,Logical,Medium
Choose the synonym of 'honest'.,late,small,weak,truthful,truthful,Verbal,Hard
"If 9 workers finish a task in 3 days, how many worker-days are needed?",27,32,29,25,27,Puzzle,Easy
What is 88 + 55?,143,150,146,141,143,Quantitative,Hard
What is the square of 19?,360,361,366,362,361,Quantitative,Easy
"Find the next letter in the series: E, F, G, ?",G,I,H,J,H,Logical,Easy
Choose the synonym of 'rapid'.,weak,fast,small,late,fast,Verbal,Hard
"If 7 workers finish a task in 3 days, how many worker-days are needed?",21,23,19,26,21,Puzzle,Medium
What is 98 + 91?,196,192,187,189,189,Quantitative,Easy
What is the square of 8?,63,64,65,69,64,Quantitative,Hard
"Find the next letter in the series: A, B, C, ?",C,F,E,D,D,Logical,Easy
Choose the synonym of 'honest'.,weak,truthful,late,small,truthful,Verbal,Medium
"If 9 workers finish a task in 4 days, how many worker-days are needed?",41,34,38,36,36,Puzzle,Medium
What is 82 + 73?,158,153,155,162,155,Quantitative,Hard
What is the square of 14?,201,197,196,195,196,Quantitative,Easy
"Find the next letter in the series: U, V, W, ?",Z,Y,W,X,X,Logical,Medium
Choose the synonym of 'rapid'.,small,fast,late,weak,fast,Verbal,Easy
"If 7 workers finish a task in 5 days, how many worker-days are needed?",35,33,37,40,35,Puzzle,Hard
What is 15 + 54?,72,76,67,69,69,Quantitative,Hard
What is the square of 16?,261,256,255,257,256,Quantitative,Medium
"Find the next letter in the series: A, B, C, ?",C,E,D,F,D,Logical,Hard
Choose the synonym of 'honest'.,small,late,weak,truthful,truthful,Verbal,Easy
"If 7 workers finish a task in 6 days, how many worker-days are needed?",40,42,47,44,42,Puzzle,Easy
What is 98 + 25?,121,123,126,130,123,Quantitative,Easy
What is the square of 10?,101,105,100,99,100,Quantitative,Medium
"Find the next letter in the series: N, O, P, ?",S,R,P,Q,Q,Logical,Easy
Choose the synonym of 'bright'.,smart,late,small,weak,smart,Verbal,Easy
"If 10 workers finish a task in 5 days, how many worker-days are needed?",48,50,55,52,50,Puzzle,Medium
What is 21 + 25?,49,44,46,53,46,Quantitative,Medium
What is the square of 3?,8,9,10,14,9,Quantitative,Hard
"Find the next letter in the series: I, J, K, ?",L,K,M,N,L,Logical,Medium
Choose the synonym of 'bright'.,smart,weak,late,small,smart,Verbal,Hard
"If 6 workers finish a task in 6 days, how many worker-days are needed?",36,38,34,41,36,Puzzle,Hard
What is 66 + 58?,122,124,127,131,124,Quantitative,Medium
What is the square of 10?,105,101,100,99,100,Quantitative,Medium
"Find the next letter in the series: S, T, U, ?",X,W,U,V,V,Logical,Medium
Choose the synonym of 'rapid'.,small,late,fast,weak,fast,Verbal,Hard
"If 3 workers finish a task in 8 days, how many worker-days are needed?",29,26,24,22,24,Puzzle,Easy
What is 50 + 81?,134,138,129,131,131,Quantitative,Easy
What is the square of 3?,14,9,10,8,9,Quantitative,Medium
"Find the next letter in the series: G, H, I, ?",L,J,I,K,J,Logical,Medium
Choose the synonym of 'honest'.,weak,truthful,late,small,truthful,Verbal,Easy
"If 5 workers finish a task in 6 days, how many worker-days are needed?",32,28,35,30,30,Puzzle,Easy
What is 34 + 37?,69,74,71,78,71,Quantitative,Easy
What is the square of 4?,17,16,21,15,16,Quantitative,Hard
"Find the next letter in the series: S, T, U, ?",U,V,X,W,V,Logical,Easy
Choose the synonym of 'honest'.,weak,late,small,truthful,truthful,Verbal,Easy
"If 4 workers finish a task in 4 days, how many worker-days are needed?",21,16,18,14,16,Puzzle,Easy
What is 47 + 82?,129,136,127,132,129,Quantitative,Easy
What is the square of 8?,63,64,69,65,64,Quantitative,Hard
"Find the next letter in the series: A, B, C, ?",F,D,C,E,D,Logical,Medium
Choose the synonym of 'honest'.,small,truthful,weak,late,truthful,Verbal,Easy
"If 4 workers finish a task in 4 days, how many worker-days are needed?",16,14,21,18,16,Puzzle,Hard
What is 91 + 19?,108,113,117,110,110,Quantitative,Medium
What is the square of 11?,120,126,122,121,121,Quantitative,Easy
"Find the next letter in the series: I, J, K, ?",L,N,M,K,L,Logical,Hard
Choose the synonym of 'bright'.,smart,small,weak,late,smart,Verbal,Medium
"If 4 workers finish a task in 10 days, how many worker-days are needed?",40,45,38,42,40,Puzzle,Medium
What is 37 + 19?,63,59,56,54,56,Quantitative,Hard
What is the square of 14?,197,201,196,195,196,Quantitative,Easy
"Find the next letter in the series: J, K, L, ?",O,N,M,L,M,Logical,Hard
Choose the synonym of 'honest'.,weak,late,small,truthful,truthful,Verbal,Hard
"If 9 workers finish a task in 2 days, how many worker-days are needed?",20,18,16,23,18,Puzzle,Easy
What is 36 + 33?,69,76,67,72,69,Quantitative,Hard
What is the square of 16?,255,256,261,257,256,Quantitative,Easy
"Find the next letter in the series: M, N, O, ?",R,P,O,Q,P,Logical,Hard
Choose the synonym of 'benefit'.,small,late,weak,advantage,advantage,Verbal,Medium
"If 6 workers finish a task in 5 days, how many worker-days are needed?",32,30,35,28,30,Puzzle,Hard
What is 78 + 51?,132,129,136,127,129,Quantitative,Medium
What is the square of 10?,105,101,99,100,100,Quantitative,Hard
"Find the next letter in the series: G, H, I, ?",J,I,L,K,J,Logical,Medium
Choose the synonym of 'ancient'.,weak,late,old,small,old,Verbal,Hard
"If 3 workers finish a task in 10 days, how many worker-days are needed?",35,32,28,30,30,Puzzle,Easy
What is 40 + 90?,128,133,137,130,130,Quantitative,Medium
What is the square of 16?,257,261,256,255,256,Quantitative,Medium
"Find the next letter in the series: Q, R, S, ?",U,T,V,S,T,Logical,Medium
Choose the synonym of 'bright'.,smart,small,late,weak,smart,Verbal,Hard
"If 2 workers finish a task in 6 days, how many worker-days are needed?",14,17,10,12,12,Puzzle,Hard
What is 17 + 44?,61,59,64,68,61,Quantitative,Hard
What is the square of 3?,8,14,9,10,9,Quantitative,Hard
"Find the next letter in the series: H, I, J, ?",J,K,L,M,K,Logical,Easy
Choose the synonym of 'ancient'.,small,weak,old,late,old,Verbal,Medium
"If 3 workers finish a task in 5 days, how many worker-days are needed?",13,20,17,15,15,Puzzle,Hard
What is 54 + 47?,108,101,104,99,101,Quantitative,Easy
What is the square of 10?,100,105,101,99,100,Quantitative,Easy
"Find the next letter in the series: G, H, I, ?",J,I,L,K,J,Logical,Easy
Choose the synonym of 'rapid'.,fast,late,small,weak,fast,Verbal,Hard
"If 8 workers finish a task in 3 days, how many worker-days are needed?",22,24,29,26,24,Puzzle,Easy
What is 53 + 42?,93,102,98,95,95,Quantitative,Medium
What is the square of 17?,294,290,288,289,289,Quantitative,Hard
"Find the next letter in the series: C, D, E, ?",H,E,F,G,F,Logical,Easy
Choose the synonym of 'honest'.,weak,truthful,late,small,truthful,Verbal,Medium
"If 8 workers finish a task in 5 days, how many worker-days are needed?",38,45,42,40,40,Puzzle,Easy
What is 83 + 63?,149,146,144,153,146,Quantitative,Hard
What is the square of 19?,360,361,366,362,361,Quantitative,Easy
"Find the next letter in the series: K, L, M, ?",N,M,P,O,N,Logical,Medium
Choose the synonym of 'bright'.,small,late,weak,smart,smart,Verbal,Hard
"If 2 workers finish a task in 6 days, how many worker-days are needed?",12,14,10,17,12,Puzzle,Hard
What is 72 + 51?,123,130,126,121,123,Quantitative,Hard
What is the square of 11?,126,121,120,122,121,Quantitative,Hard
"Find the next letter in the series: E, F, G, ?",J,I,G,H,H,Logical,Easy
Choose the synonym of 'honest'.,truthful,weak,small,late,truthful,Verbal,Hard
"If 9 workers finish a task in 8 days, how many worker-days are needed?",72,74,77,70,72,Puzzle,Medium
What is 77 + 53?,128,133,137,130,130,Quantitative,Easy
What is the square of 8?,69,64,65,63,64,Quantitative,Easy
"Find the next letter in the series: K, L, M, ?",P,M,O,N,N,Logical,Hard
Choose the synonym of 'bright'.,late,weak,smart,small,smart,Verbal,Easy
"If 7 workers finish a task in 4 days, how many worker-days are needed?",28,30,33,26,28,Puzzle,Easy
What is 65 + 64?,129,136,127,132,129,Quantitative,Medium
What is the square of 4?,16,21,15,17,16,Quantitative,Easy
"Find the next letter in the series: P, Q, R, ?",U,S,T,R,S,Logical,Medium
Choose the synonym of 'honest'.,small,weak,truthful,late,truthful,Verbal,Easy
"If 7 workers finish a task in 6 days, how many worker-days are needed?",47,40,44,42,42,Puzzle,Medium
What is 95 + 52?,154,145,147,150,147,Quantitative,Easy
What is the square of 6?,37,41,36,35,36,Quantitative,Easy
"Find the next letter in the series: I, J, K, ?",M,N,K,L,L,Logical,Hard
Choose the synonym of 'honest'.,truthful,small,weak,late,truthful,Verbal,Medium
"If 4 workers finish a task in 6 days, how many worker-days are needed?",26,29,24,22,24,Puzzle,Medium
What is 82 + 18?,107,98,100,103,100,Quantitative,Easy
What is the square of 4?,16,21,15,17,16,Quantitative,Hard
"Find the next letter in the series: U, V, W, ?",Z,X,W,Y,X,Logical,Easy
Choose the synonym of 'rapid'.,weak,fast,late,small,fast,Verbal,Medium
"If 8 workers finish a task in 8 days, how many worker-days are needed?",69,62,66,64,64,Puzzle,Easy
What is 75 + 43?,116,118,121,125,118,Quantitative,Medium
What is the square of 6?,35,37,41,36,36,Quantitative,Hard
"Find the next letter in the series: F, G, H, ?",I,J,K,H,I,Logical,Hard
Choose the synonym of 'ancient'.,weak,old,small,late,old,Verbal,Hard
"If 9 workers finish a task in 10 days, how many worker-days are needed?",95,88,90,92,90,Puzzle,Medium
What is 77 + 86?,163,166,161,170,163,Quantitative,Easy
What is the square of 3?,14,8,9,10,9,Quantitative,Hard
"Find the next letter in the series: A, B, C, ?",F,D,C,E,D,Logical,Hard
Choose the synonym of 'rapid'.,small,weak,late,fast,fast,Verbal,Medium
"If 5 workers finish a task in 2 days, how many worker-days are needed?",15,8,12,10,10,Puzzle,Hard
What is 96 + 51?,147,145,154,150,147,Quantitative,Medium
What is the square of 16?,261,255,257,256,256,Quantitative,Easy
"Find the next letter in the series: P, Q, R, ?",T,U,S,R,S,Logical,Hard
Choose the synonym of 'ancient'.,small,late,old,weak,old,Verbal,Easy
"If 10 workers finish a task in 7 days, how many worker-days are needed?",72,70,75,68,70,Puzzle,Medium
What is 67 + 20?,90,85,94,87,87,Quantitative,Easy
What is the square of 16?,256,255,257,261,256,Quantitative,Medium
"Find the next letter in the series: T, U, V, ?",W,X,V,Y,W,Logical,Hard
Choose the synonym of 'ancient'.,weak,small,old,late,old,Verbal,Easy
"If 2 workers finish a task in 10 days, how many worker-days are needed?",20,25,18,22,20,Puzzle,Hard
What is 80 + 27?,110,114,105,107,107,Quantitative,Hard
What is the square of 7?,50,49,48,54,49,Quantitative,Hard
"Find the next letter in the series: H, I, J, ?",J,K,L,M,K,Logical,Hard
Choose the synonym of 'honest'.,weak,late,truthful,small,truthful,Verbal,Medium
"If 5 workers finish a task in 3 days, how many worker-days are needed?",17,15,13,20,15,Puzzle,Easy
What is 68 + 60?,126,131,128,135,128,Quantitative,Hard
What is the square of 14?,196,201,195,197,196,Quantitative,Hard
"Find the next letter in the series: P, Q, R, ?",T,U,R,S,S,Logical,Easy
Choose the synonym of 'honest'.,weak,small,truthful,late,truthful,Verbal,Hard
"If 10 workers finish a task in 5 days, how many worker-days are needed?",55,52,48,50,50,Puzzle,Medium
What is 50 + 81?,129,134,131,138,131,Quantitative,Easy
What is the square of 5?,24,26,25,30,25,Quantitative,Easy
"Find the next letter in the series: G, H, I, ?",L,I,J,K,J,Logical,Hard
Choose the synonym of 'bright'.,small,weak,smart,late,smart,Verbal,Medium
"If 4 workers finish a task in 3 days, how many worker-days are needed?",10,12,14,17,12,Puzzle,Easy
What is 39 + 51?,93,90,97,88,90,Quantitative,Hard
What is the square of 17?,290,288,294,289,289,Quantitative,Hard
"Find the next letter in the series: B, C, D, ?",G,F,D,E,E,Logical,Easy
Choose the synonym of 'benefit'.,late,advantage,small,weak,advantage,Verbal,Easy
"If 7 workers finish a task in 6 days, how many worker-days are needed?",44,47,40,42,42,Puzzle,Medium
What is 92 + 62?,154,157,161,152,154,Quantitative,Easy
What is the square of 18?,325,324,323,329,324,Quantitative,Medium
"Find the next letter in the series: D, E, F, ?",G,H,F,I,G,Logical,Hard
Choose the synonym of 'benefit'.,late,advantage,weak,small,advantage,Verbal,Medium
"If 3 workers finish a task in 4 days, how many worker-days are needed?",14,17,10,12,12,Puzzle,Hard
What is 21 + 10?,34,31,29,38,31,Quantitative,Hard
What is the square of 16?,255,261,257,256,256,Quantitative,Hard
"Find the next letter in the series: U, V, W, ?",X,W,Y,Z,X,Logical,Medium
Choose the synonym of 'benefit'.,advantage,late,small,weak,advantage,Verbal,Medium
"If 3 workers finish a task in 3 days, how many worker-days are needed?",11,7,9,14,9,Puzzle,Easy
What is 45 + 80?,123,125,132,128,125,Quantitative,Easy
What is the square of 7?,49,50,54,48,49,Quantitative,Easy
"Find the next letter in the series: O, P, Q, ?",T,S,R,Q,R,Logical,Easy
Choose the synonym of 'ancient'.,old,small,weak,late,old,Verbal,Medium
"If 5 workers finish a task in 6 days, how many worker-days are needed?",28,32,35,30,30,Puzzle,Easy
What is 59 + 73?,132,130,139,135,132,Quantitative,Hard
What is the square of 9?,81,86,80,82,81,Quantitative,Medium
"Find the next letter in the series: N, O, P, ?",P,S,R,Q,Q,Logical,Medium
Choose the synonym of 'ancient'.,old,late,weak,small,old,Verbal,Easy
"If 5 workers finish a task in 2 days, how many worker-days are needed?",8,15,10,12,10,Puzzle,Easy
What is 97 + 29?,129,124,126,133,126,Quantitative,Easy
What is the square of 18?,329,324,323,325,324,Quantitative,Easy
"Find the next letter in the series: R, S, T, ?",U,T,W,V,U,Logical,Medium
Choose the synonym of 'ancient'.,late,weak,small,old,old,Verbal,Easy
"If 5 workers finish a task in 8 days, how many worker-days are needed?",42,45,40,38,40,Puzzle,Easy
What is 33 + 97?,128,133,130,137,130,Quantitative,Easy
What is the square of 8?,63,65,64,69,64,Quantitative,Hard
"Find the next letter in the series: T, U, V, ?",X,V,Y,W,W,Logical,Hard
Choose the synonym of 'rapid'.,late,small,weak,fast,fast,Verbal,Hard
"If 3 workers finish a task in 7 days, how many worker-days are needed?",23,19,21,26,21,Puzzle,Hard
What is 36 + 22?,65,56,58,61,58,Quantitative,Easy
What is the square of 15?,226,230,224,225,225,Quantitative,Easy
"Find the next letter in the series: R, S, T, ?",W,U,V,T,U,Logical,Easy
Choose the synonym of 'honest'.,truthful,weak,late,small,truthful,Verbal,Easy
"If 8 workers finish a task in 4 days, how many worker-days are needed?",34,30,37,32,32,Puzzle,Hard
What is 98 + 95?,191,200,193,196,193,Quantitative,Medium
What is the square of 11?,122,120,126,121,121,Quantitative,Medium
"Find the next letter in the series: L, M, N, ?",N,P,O,Q,O,Logical,Medium
Choose the synonym of 'ancient'.,small,late,weak,old,old,Verbal,Easy
"If 2 workers finish a task in 3 days, how many worker-days are needed?",8,11,6,4,6,Puzzle,Easy
What is 98 + 67?,168,165,172,163,165,Quantitative,Easy
What is the square of 14?,197,195,201,196,196,Quantitative,Easy
"Find the next letter in the series: T, U, V, ?",Y,X,W,V,W,Logical,Medium
Choose the synonym of 'benefit'.,weak,advantage,small,late,advantage,Verbal,Easy
"If 2 workers finish a task in 9 days, how many worker-days are needed?",20,16,18,23,18,Puzzle,Hard
What is 99 + 50?,152,147,149,156,149,Quantitative,Hard
What is the square of 4?,15,16,21,17,16,Quantitative,Medium
"Find the next letter in the series: C, D, E, ?",H,E,F,G,F,Logical,Easy
Choose the synonym of 'bright'.,small,weak,late,smart,smart,Verbal,Easy
"If 5 workers finish a task in 3 days, how many worker-days are needed?",20,17,13,15,15,Puzzle,Hard
What is 71 + 95?,173,169,166,164,166,Quantitative,Medium
What is the square of 7?,50,54,48,49,49,Quantitative,Hard
"Find the next letter in the series: R, S, T, ?",W,U,V,T,U,Logical,Easy
Choose the synonym of 'rapid'.,weak,fast,small,late,fast,Verbal,Hard
"If 8 workers finish a task in 7 days, how many worker-days are needed?",61,54,56,58,56,Puzzle,Easy
What is 61 + 35?,94,99,96,103,96,Quantitative,Medium
What is the square of 17?,290,288,289,294,289,Quantitative,Hard
"Find the next letter in the series: C, D, E, ?",H,G,F,E,F,Logical,Hard
Choose the synonym of 'ancient'.,small,late,weak,old,old,Verbal,Hard
"If 2 workers finish a task in 2 days, how many worker-days are needed?",2,4,9,6,4,Puzzle,Medium
What is 33 + 49?,85,82,89,80,82,Quantitative,Easy
What is the square of 13?,168,170,169,174,169,Quantitative,Medium
"Find the next letter in the series: P, Q, R, ?",T,R,U,S,S,Logical,Easy
Choose the synonym of 'rapid'.,fast,small,late,weak,fast,Verbal,Hard
"If 7 workers finish a task in 9 days, how many worker-days are needed?",65,61,68,63,63,Puzzle,Medium
What is 19 + 79?,101,105,96,98,98,Quantitative,Hard
What is the square of 20?,401,400,399,405,400,Quantitative,Medium
"Find the next letter in the series: G, H, I, ?",K,I,J,L,J,Logical,Medium
Choose the synonym of 'rapid'.,small,late,weak,fast,fast,Verbal,Medium
"If 4 workers finish a task in 3 days, how many worker-days are needed?",10,12,14,17,12,Puzzle,Medium
What is 62 + 87?,152,156,149,147,149,Quantitative,Easy
What is the square of 12?,145,149,144,143,144,Quantitative,Easy
"Find the next letter in the series: B, C, D, ?",E,G,F,D,E,Logical,Easy
Choose the synonym of 'ancient'.,old,late,weak,small,old,Verbal,Medium
"If 6 workers finish a task in 7 days, how many worker-days are needed?",40,42,44,47,42,Puzzle,Medium
What is 24 + 70?,92,97,94,101,94,Quantitative,Medium
What is the square of 3?,8,10,9,14,9,Quantitative,Medium
"Find the next letter in the series: S, T, U, ?",X,U,V,W,V,Logical,Medium
Choose the synonym of 'bright'.,smart,late,weak,small,smart,Verbal,Easy
"If 8 workers finish a task in 2 days, how many worker-days are needed?",21,14,18,16,16,Puzzle,Easy
What is 21 + 18?,42,37,46,39,39,Quantitative,Medium
What is the square of 3?,8,14,10,9,9,Quantitative,Hard
"Find the next letter in the series: K, L, M, ?",P,O,M,N,N,Logical,Hard
Choose the synonym of 'ancient'.,small,old,late,weak,old,Verbal,Easy
"If 3 workers finish a task in 10 days, how many worker-days are needed?",32,30,35,28,30,Puzzle,Hard
What is 64 + 71?,133,135,142,138,135,Quantitative,Medium
What is the square of 18?,325,329,324,323,324,Quantitative,Easy
"Find the next letter in the series: P, Q, R, ?",T,S,U,R,S,Logical,Easy
Choose the synonym of 'rapid'.,small,weak,fast,late,fast,Verbal,Hard
"If 2 workers finish a task in 4 days, how many worker-days are needed?",6,8,10,13,8,Puzzle,Medium
What is 27 + 20?,45,50,54,47,47,Quantitative,Easy
What is the square of 14?,197,196,195,201,196,Quantitative,Easy
"Find the next letter in the series: F, G, H, ?",I,H,K,J,I,Logical,Medium
Choose the synonym of 'honest'.,late,weak,truthful,small,truthful,Verbal,Medium
"If 4 workers finish a task in 10 days, how many worker-days are needed?",42,45,38,40,40,Puzzle,Medium
What is 83 + 58?,144,148,139,141,141,Quantitative,Medium
What is the square of 4?,16,17,21,15,16,Quantitative,Hard
"Find the next letter in the series: D, E, F, ?",I,F,H,G,G,Logical,Medium
Choose the synonym of 'honest'.,small,late,weak,truthful,truthful,Verbal,Easy
"If 5 workers finish a task in 3 days, how many worker-days are needed?",13,15,20,17,15,Puzzle,Medium
What is 55 + 42?,97,100,95,104,97,Quantitative,Medium
What is the square of 16?,261,255,256,257,256,Quantitative,Hard
"Find the next letter in the series: R, S, T, ?",W,U,V,T,U,Logical,Hard
Choose the synonym of 'benefit'.,advantage,late,weak,small,advantage,Verbal,Hard
"If 8 workers finish a task in 9 days, how many worker-days are needed?",74,77,72,70,72,Puzzle,Medium
What is 42 + 65?,105,110,114,107,107,Quantitative,Hard
What is the square of 9?,86,82,80,81,81,Quantitative,Medium
"Find the next letter in the series: C, D, E, ?",H,G,E,F,F,Logical,Medium
Choose the synonym of 'rapid'.,fast,small,late,weak,fast,Verbal,Medium
"If 8 workers finish a task in 3 days, how many worker-days are needed?",24,26,22,29,24,Puzzle,Medium
What is 90 + 33?,121,130,123,126,123,Quantitative,Easy
What is the square of 12?,149,145,144,143,144,Quantitative,Medium
"Find the next letter in the series: D, E, F, ?",F,I,H,G,G,Logical,Hard
Choose the synonym of 'benefit'.,weak,advantage,small,late,advantage,Verbal,Hard
"If 7 workers finish a task in 2 days, how many worker-days are needed?",14,19,16,12,14,Puzzle,Easy
What is 37 + 37?,77,81,74,72,74,Quantitative,Hard
What is the square of 18?,323,325,329,324,324,Quantitative,Hard
"Find the next letter in the series: L, M, N, ?",N,Q,P,O,O,Logical,Medium
Choose the synonym of 'benefit'.,small,late,weak,advantage,advantage,Verbal,Easy
"If 3 workers finish a task in 7 days, how many worker-days are needed?",21,19,23,26,21,Puzzle,Medium
What is 88 + 14?,105,100,109,102,102,Quantitative,Hard
What is the square of 15?,225,230,224,226,225,Quantitative,Medium
"Find the next letter in the series: P, Q, R, ?",T,U,S,R,S,Logical,Easy
Choose the synonym of 'bright'.,weak,late,small,smart,smart,Verbal,Easy
"If 4 workers finish a task in 2 days, how many worker-days are needed?",13,10,8,6,8,Puzzle,Hard
What is 39 + 91?,137,133,128,130,130,Quantitative,Easy
What is the square of 11?,122,121,126,120,121,Quantitative,Medium
"Find the next letter in the series: O, P, Q, ?",Q,S,T,R,R,Logical,Medium
Choose the synonym of 'rapid'.,weak,small,fast,late,fast,Verbal,Easy
"If 4 workers finish a task in 3 days, how many worker-days are needed?",17,12,14,10,12,Puzzle,Easy
What is 27 + 45?,75,70,72,79,72,Quantitative,Easy
What is the square of 16?,257,256,255,261,256,Quantitative,Hard
"Find the next letter in the series: I, J, K, ?",K,L,M,N,L,Logical,Easy
Choose the synonym of 'bright'.,smart,weak,late,small,smart,Verbal,Easy
"If 8 workers finish a task in 3 days, how many worker-days are needed?",26,29,22,24,24,Puzzle,Easy
What is 70 + 30?,100,98,107,103,100,Quantitative,Medium
What is the square of 9?,81,82,86,80,81,Quantitative,Medium
"Find the next letter in the series: L, M, N, ?",P,N,O,Q,O,Logical,Hard
Choose the synonym of 'rapid'.,late,fast,small,weak,fast,Verbal,Medium
"If 3 workers finish a task in 7 days, how many worker-days are needed?",23,26,19,21,21,Puzzle,Medium
What is 46 + 91?,135,140,137,144,137,Quantitative,Easy
What is the square of 15?,225,224,230,226,225,Quantitative,Easy
"Find the next letter in the series: I, J, K, ?",M,K,L,N,L,Logical,Easy
Choose the synonym of 'benefit'.,late,advantage,small,weak,advantage,Verbal,Medium
"If 3 workers finish a task in 10 days, how many worker-days are needed?",28,32,35,30,30,Puzzle,Easy
What is 92 + 52?,147,151,144,142,144,Quantitative,Medium
What is the square of 7?,54,48,50,49,49,Quantitative,Easy
"Find the next letter in the series: Q, R, S, ?",V,T,S,U,T,Logical,Easy
Choose the synonym of 'rapid'.,weak,late,fast,small,fast,Verbal,Hard
"If 8 workers finish a task in 5 days, how many worker-days are needed?",38,45,40,42,40,Puzzle,Easy
What is 81 + 94?,178,175,182,173,175,Quantitative,Easy
What is the square of 6?,36,41,37,35,36,Quantitative,Medium
"Find the next letter in the series: C, D, E, ?",G,F,E,H,F,Logical,Easy
Choose the synonym of 'ancient'.,small,old,weak,late,old,Verbal,Hard
"If 5 workers finish a task in 7 days, how many worker-days are needed?",33,40,37,35,35,Puzzle,Hard
What is 74 + 78?,155,150,152,159,152,Quantitative,Easy
What is the square of 5?,25,30,24,26,25,Quantitative,Hard
"Find the next letter in the series: N, O, P, ?",Q,S,P,R,Q,Logical,Hard
Choose the synonym of 'honest'.,weak,truthful,small,late,truthful,Verbal,Hard
"If 5 workers finish a task in 6 days, how many worker-days are needed?",30,28,32,35,30,Puzzle,Hard
What is 86 + 62?,148,146,151,155,148,Quantitative,Medium
What is the square of 20?,400,405,401,399,400,Quantitative,Easy
"Find the next letter in the series: L, M, N, ?",Q,P,N,O,O,Logical,Easy
Choose the synonym of 'benefit'.,advantage,small,late,weak,advantage,Verbal,Medium
"If 3 workers finish a task in 6 days, how many worker-days are needed?",23,18,20,16,18,Puzzle,Medium
What is 62 + 44?,109,106,113,104,106,Quantitative,Medium
What is the square of 3?,9,8,10,14,9,Quantitative,Easy
"Find the next letter in the series: K, L, M, ?",P,N,O,M,N,Logical,Hard
Choose the synonym of 'bright'.,smart,late,weak,small,smart,Verbal,Hard
"If 10 workers finish a task in 9 days, how many worker-days are needed?",92,95,88,90,90,Puzzle,Hard
What is 38 + 99?,144,140,135,137,137,Quantitative,Hard
What is the square of 7?,48,54,50,49,49,Quantitative,Easy
"Find the next letter in the series: U, V, W, ?",Y,X,Z,W,X,Logical,Medium
Choose the synonym of 'ancient'.,old,weak,late,small,old,Verbal,Easy
"If 7 workers finish a task in 8 days, how many worker-days are needed?",56,61,54,58,56,Puzzle,Hard
What is 50 + 44?,92,94,97,101,94,Quantitative,Hard
What is the square of 11?,121,120,126,122,121,Quantitative,Hard
"Find the next letter in the series: F, G, H, ?",H,I,J,K,I,Logical,Easy
Choose the synonym of 'ancient'.,small,old,late,weak,old,Verbal,Hard
"If 10 workers finish a task in 7 days, how many worker-days are needed?",75,68,72,70,70,Puzzle,Hard
What is 64 + 86?,150,148,157,153,150,Quantitative,Hard
What is the square of 12?,149,145,143,144,144,Quantitative,Medium
"Find the next letter in the series: S, T, U, ?",W,U,X,V,V,Logical,Easy
Choose the synonym of 'ancient'.,small,weak,late,old,old,Verbal,Easy
"If 7 workers finish a task in 9 days, how many worker-days are needed?",63,68,65,61,63,Puzzle,Hard
What is 84 + 73?,160,155,164,157,157,Quantitative,Hard
What is the square of 16?,261,255,256,257,256,Quantitative,Easy
"Find the next letter in the series: G, H, I, ?",K,I,L,J,J,Logical,Hard
Choose the synonym of 'rapid'.,late,weak,fast,small,fast,Verbal,Hard
"If 2 workers finish a task in 3 days, how many worker-days are needed?",6,4,8,11,6,Puzzle,Easy
What is 32 + 55?,94,90,85,87,87,Quantitative,Medium
What is the square of 3?,10,8,9,14,9,Quantitative,Easy
"Find the next letter in the series: S, T, U, ?",W,U,X,V,V,Logical,Medium
Choose the synonym of 'honest'.,late,weak,truthful,small,truthful,Verbal,Medium
"If 3 workers finish a task in 2 days, how many worker-days are needed?",8,11,6,4,6,Puzzle,Medium
What is 33 + 32?,63,72,68,65,65,Quantitative,Medium
What is the square of 16?,256,257,255,261,256,Quantitative,Easy
"Find the next letter in the series: I, J, K, ?",N,K,M,L,L,Logical,Easy
Choose the synonym of 'honest'.,truthful,late,weak,small,truthful,Verbal,Easy
"If 4 workers finish a task in 9 days, how many worker-days are needed?",38,36,41,34,36,Puzzle,Easy
What is 12 + 45?,60,55,64,57,57,Quantitative,Hard
What is the square of 16?,256,257,255,261,256,Quantitative,Easy
"Find the next letter in the series: N, O, P, ?",Q,P,R,S,Q,Logical,Easy
Choose the synonym of 'benefit'.,late,small,advantage,weak,advantage,Verbal,Hard
"If 9 workers finish a task in 7 days, how many worker-days are needed?",61,65,68,63,63,Puzzle,Medium
What is 10 + 35?,48,43,45,52,45,Quantitative,Hard
What is the square of 11?,120,121,126,122,121,Quantitative,Medium
"Find the next letter in the series: R, S, T, ?",U,W,V,T,U,Logical,Medium
Choose the synonym of 'honest'.,weak,truthful,late,small,truthful,Verbal,Easy
"If 3 workers finish a task in 5 days, how many worker-days are needed?",13,17,20,15,15,Puzzle,Easy
What is 49 + 46?,95,102,93,98,95,Quantitative,Easy
What is the square of 17?,294,289,290,288,289,Quantitative,Easy
"Find the next letter in the series: F, G, H, ?",I,J,H,K,I,Logical,Medium
Choose the synonym of 'ancient'.,late,weak,small,old,old,Verbal,Medium
"If 4 workers finish a task in 10 days, how many worker-days are needed?",42,45,38,40,40,Puzzle,Easy
What is 26 + 15?,41,48,39,44,41,Quantitative,Hard
What is the square of 16?,261,257,255,256,256,Quantitative,Easy
"Find the next letter in the series: P, Q, R, ?",U,T,S,R,S,Logical,Medium
Choose the synonym of 'rapid'.,small,fast,weak,late,fast,Verbal,Easy
"If 6 workers finish a task in 8 days, how many worker-days are needed?",53,50,48,46,48,Puzzle,Easy
What is 30 + 45?,75,73,82,78,75,Quantitative,Hard
What is the square of 14?,197,195,196,201,196,Quantitative,Hard
"Find the next letter in the series: J, K, L, ?",N,M,L,O,M,Logical,Hard
Choose the synonym of 'honest'.,late,truthful,weak,small,truthful,Verbal,Hard
"If 9 workers finish a task in 9 days, how many worker-days are needed?",81,83,86,79,81,Puzzle,Easy
What is 55 + 37?,99,92,90,95,92,Quantitative,Easy
What is the square of 13?,170,174,169,168,169,Quantitative,Hard
"Find the next letter in the series: O, P, Q, ?",Q,S,T,R,R,Logical,Easy
Choose the synonym of 'rapid'.,small,fast,late,weak,fast,Verbal,Medium
"If 3 workers finish a task in 3 days, how many worker-days are needed?",11,9,14,7,9,Puzzle,Medium
What is 33 + 93?,133,124,129,126,126,Quantitative,Easy
What is the square of 14?,201,197,195,196,196,Quantitative,Medium
"Find the next letter in the series: F, G, H, ?",J,K,I,H,I,Logical,Easy
Choose the synonym of 'honest'.,weak,truthful,late,small,truthful,Verbal,Easy
"If 6 workers finish a task in 8 days, how many worker-days are needed?",50,53,46,48,48,Puzzle,Medium
What is 82 + 36?,116,121,125,118,118,Quantitative,Medium
What is the square of 10?,101,105,99,100,100,Quantitative,Easy
"Find the next letter in the series: M, N, O, ?",Q,O,R,P,P,Logical,Medium
Choose the synonym of 'bright'.,late,weak,small,smart,smart,Verbal,Medium
"If 10 workers finish a task in 3 days, how many worker-days are needed?",32,28,30,35,30,Puzzle,Easy
What is 16 + 21?,37,35,44,40,37,Quantitative,Hard
What is the square of 10?,100,101,99,105,100,Quantitative,Easy
"Find the next letter in the series: O, P, Q, ?",Q,R,S,T,R,Logical,Medium
Choose the synonym of 'rapid'.,late,small,weak,fast,fast,Verbal,Easy
"If 7 workers finish a task in 3 days, how many worker-days are needed?",21,26,19,23,21,Puzzle,Hard
What is 64 + 93?,155,164,157,160,157,Quantitative,Easy
What is the square of 12?,149,144,145,143,144,Quantitative,Hard
"Find the next letter in the series: T, U, V, ?",V,W,Y,X,W,Logical,Medium
Choose the synonym of 'benefit'.,advantage,late,weak,small,advantage,Verbal,Medium
"If 2 workers finish a task in 9 days, how many worker-days are needed?",23,20,18,16,18,Puzzle,Easy
What is 53 + 92?,152,148,145,143,145,Quantitative,Hard
What is the square of 3?,9,10,8,14,9,Quantitative,Easy
"Find the next letter in the series: E, F, G, ?",I,J,H,G,H,Logical,Medium
Choose the synonym of 'rapid'.,fast,small,late,weak,fast,Verbal,Hard
"If 3 workers finish a task in 3 days, how many worker-days are needed?",14,7,11,9,9,Puzzle,Hard
What is 54 + 29?,86,81,83,90,83,Quantitative,Medium
What is the square of 11?,121,126,122,120,121,Quantitative,Hard
"Find the next letter in the series: S, T, U, ?",W,U,X,V,V,Logical,Hard
Choose the synonym of 'honest'.,truthful,late,small,weak,truthful,Verbal,Medium
"If 10 workers finish a task in 8 days, how many worker-days are needed?",85,80,82,78,80,Puzzle,Medium
What is 45 + 68?,111,120,116,113,113,Quantitative,Easy
What is the square of 13?,168,169,170,174,169,Quantitative,Hard
"Find the next letter in the series: H, I, J, ?",M,L,J,K,K,Logical,Medium
Choose the synonym of 'honest'.,weak,truthful,small,late,truthful,Verbal,Hard
"If 2 workers finish a task in 7 days, how many worker-days are needed?",14,16,12,19,14,Puzzle,Hard
What is 63 + 90?,151,160,156,153,153,Quantitative,Medium
What is the square of 5?,30,26,24,25,25,Quantitative,Hard
"Find the next letter in the series: B, C, D, ?",E,F,D,G,E,Logical,Easy
Choose the synonym of 'ancient'.,late,old,weak,small,old,Verbal,Hard
"If 6 workers finish a task in 5 days, how many worker-days are needed?",32,28,30,35,30,Puzzle,Medium
What is 50 + 71?,121,124,128,119,121,Quantitative,Medium
What is the square of 5?,26,24,25,30,25,Quantitative,Easy
"Find the next letter in the series: M, N, O, ?",O,P,R,Q,P,Logical,Easy
Choose the synonym of 'rapid'.,weak,late,fast,small,fast,Verbal,Hard
"If 2 workers finish a task in 9 days, how many worker-days are needed?",16,23,20,18,18,Puzzle,Medium
What is 21 + 22?,50,41,43,46,43,Quantitative,Medium
What is the square of 14?,196,195,201,197,196,Quantitative,Easy
"Find the next letter in the series: Q, R, S, ?",U,T,V,S,T,Logical,Easy
Choose the synonym of 'benefit'.,advantage,late,weak,small,advantage,Verbal,Hard
"If 3 workers finish a task in 8 days, how many worker-days are needed?",26,22,29,24,24,Puzzle,Easy
What is 30 + 79?,107,109,112,116,109,Quantitative,Easy
What is the square of 19?,360,366,362,361,361,Quantitative,Easy
"Find the next letter in the series: D, E, F, ?",F,I,H,G,G,Logical,Easy
Choose the synonym of 'benefit'.,small,advantage,weak,late,advantage,Verbal,Hard
"If 5 workers finish a task in 5 days, how many worker-days are needed?",30,23,27,25,25,Puzzle,Medium
What is 31 + 98?,129,132,127,136,129,Quantitative,Hard
What is the square of 4?,16,15,21,17,16,Quantitative,Medium
"Find the next letter in the series: N, O, P, ?",Q,P,S,R,Q,Logical,Easy
Choose the synonym of 'ancient'.,weak,small,late,old,old,Verbal,Medium
"If 2 workers finish a task in 10 days, how many worker-days are needed?",18,20,25,22,20,Puzzle,Hard
What is 63 + 78?,141,144,139,148,141,Quantitative,Medium
What is the square of 12?,144,149,143,145,144,Quantitative,Medium
"Find the next letter in the series: F, G, H, ?",H,I,J,K,I,Logical,Medium
Choose the synonym of 'rapid'.,small,late,fast,weak,fast,Verbal,Medium
"If 9 workers finish a task in 9 days, how many worker-days are needed?",83,81,79,86,81,Puzzle,Easy
What is 33 + 51?,87,84,91,82,84,Quantitative,Medium
What is the square of 6?,41,36,35,37,36,Quantitative,Medium
"Find the next letter in the series: B, C, D, ?",G,D,F,E,E,Logical,Medium
Choose the synonym of 'rapid'.,fast,late,small,weak,fast,Verbal,Easy
"If 2 workers finish a task in 4 days, how many worker-days are needed?",8,10,6,13,8,Puzzle,Medium
What is 65 + 67?,130,139,135,132,132,Quantitative,Easy
What is the square of 3?,10,8,14,9,9,Quantitative,Medium
"Find the next letter in the series: D, E, F, ?",H,I,G,F,G,Logical,Hard
Choose the synonym of 'honest'.,truthful,small,late,weak,truthful,Verbal,Easy
"If 5 workers finish a task in 5 days, how many worker-days are needed?",27,25,30,23,25,Puzzle,Medium
What is 80 + 72?,150,159,155,152,152,Quantitative,Medium
What is the square of 11?,121,122,126,120,121,Quantitative,Medium
"Find the next letter in the series: A, B, C, ?",C,E,D,F,D,Logical,Medium
Choose the synonym of 'ancient'.,weak,old,late,small,old,Verbal,Medium
"If 9 workers finish a task in 4 days, how many worker-days are needed?",34,36,41,38,36,Puzzle,Hard
What is 34 + 48?,85,89,82,80,82,Quantitative,Easy
What is the square of 6?,35,36,37,41,36,Quantitative,Medium
"Find the next letter in the series: H, I, J, ?",K,J,L,M,K,Logical,Hard
Choose the synonym of 'honest'.,late,weak,truthful,small,truthful,Verbal,Easy
"If 9 workers finish a task in 5 days, how many worker-days are needed?",45,43,50,47,45,Puzzle,Hard
What is 89 + 81?,173,170,177,168,170,Quantitative,Easy
What is the square of 19?,362,366,360,361,361,Quantitative,Easy
"Find the next letter in the series: S, T, U, ?",X,W,U,V,V,Logical,Easy
Choose the synonym of 'benefit'.,weak,late,advantage,small,advantage,Verbal,Medium
"If 10 workers finish a task in 6 days, how many worker-days are needed?",58,62,60,65,60,Puzzle,Hard
What is 24 + 25?,47,52,56,49,49,Quantitative,Easy
What is the square of 9?,86,82,80,81,81,Quantitative,Easy
"Find the next letter in the series: D, E, F, ?",G,H,I,F,G,Logical,Hard
Choose the synonym of 'rapid'.,small,weak,fast,late,fast,Verbal,Easy
"If 6 workers finish a task in 6 days, how many worker-days are needed?",38,36,34,41,36,Puzzle,Hard
What is 13 + 57?,68,70,73,77,70,Quantitative,Easy
What is the square of 7?,48,54,49,50,49,Quantitative,Medium
"Find the next letter in the series: Q, R, S, ?",S,U,V,T,T,Logical,Easy
Choose the synonym of 'rapid'.,late,weak,fast,small,fast,Verbal,Hard
"If 4 workers finish a task in 7 days, how many worker-days are needed?",33,28,26,30,28,Puzzle,Hard
What is 19 + 30?,56,47,52,49,49,Quantitative,Hard
What is the square of 10?,105,100,101,99,100,Quantitative,Easy
"Find the next letter in the series: J, K, L, ?",M,O,L,N,M,Logical,Hard
Choose the synonym of 'ancient'.,weak,old,small,late,old,Verbal,Easy
"If 8 workers finish a task in 10 days, how many worker-days are needed?",78,85,80,82,80,Puzzle,Easy
What is 68 + 42?,108,110,113,117,110,Quantitative,Easy
What is the square of 4?,17,15,21,16,16,Quantitative,Hard
"Find the next letter in the series: E, F, G, ?",J,G,H,I,H,Logical,Easy
Choose the synonym of 'ancient'.,late,old,small,weak,old,Verbal,Medium
"If 10 workers finish a task in 8 days, how many worker-days are needed?",78,85,82,80,80,Puzzle,Medium
What is 56 + 22?,76,78,85,81,78,Quantitative,Medium
What is the square of 9?,82,80,81,86,81,Quantitative,Hard
"Find the next letter in the series: H, I, J, ?",J,K,M,L,K,Logical,Easy
Choose the synonym of 'rapid'.,small,weak,fast,late,fast,Verbal,Medium
"If 10 workers finish a task in 2 days, how many worker-days are needed?",18,25,22,20,20,Puzzle,Medium
What is 33 + 20?,53,51,60,56,53,Quantitative,Medium
What is the square of 13?,169,170,174,168,169,Quantitative,Hard
"Find the next letter in the series: Q, R, S, ?",T,U,V,S,T,Logical,Easy
Choose the synonym of 'rapid'.,small,weak,fast,late,fast,Verbal,Easy
"If 2 workers finish a task in 8 days, how many worker-days are needed?",16,18,14,21,16,Puzzle,Medium
What is 59 + 30?,96,87,89,92,89,Quantitative,Easy
What is the square of 16?,255,256,257,261,256,Quantitative,Medium
"Find the next letter in the series: G, H, I, ?",J,L,I,K,J,Logical,Medium
Choose the synonym of 'benefit'.,weak,late,advantage,small,advantage,Verbal,Medium
"If 8 workers finish a task in 10 days, how many worker-days are needed?",82,78,80,85,80,Puzzle,Medium
What is 46 + 23?,69,72,76,67,69,Quantitative,Hard
What is the square of 18?,329,324,323,325,324,Quantitative,Easy
"Find the next letter in the series: M, N, O, ?",O,R,Q,P,P,Logical,Hard
Choose the synonym of 'bright'.,late,small,smart,weak,smart,Verbal,Easy
"If 8 workers finish a task in 5 days, how many worker-days are needed?",42,45,40,38,40,Puzzle,Easy
What is 98 + 86?,182,191,184,187,184,Quantitative,Hard
What is the square of 20?,400,401,399,405,400,Quantitative,Easy
"Find the next letter in the series: T, U, V, ?",V,Y,X,W,W,Logical,Hard
Choose the synonym of 'honest'.,small,weak,late,truthful,truthful,Verbal,Easy
"If 5 workers finish a task in 5 days, how many worker-days are needed?",30,27,25,23,25,Puzzle,Medium
What is 30 + 38?,68,75,66,71,68,Quantitative,Medium
What is the square of 11?,120,126,121,122,121,Quantitative,Medium
"Find the next letter in the series: P, Q, R, ?",U,R,S,T,S,Logical,Medium
Choose the synonym of 'bright'.,small,late,smart,weak,smart,Verbal,Easy
"If 8 workers finish a task in 8 days, how many worker-days are needed?",62,64,69,66,64,Puzzle,Medium
What is 20 + 96?,119,114,123,116,116,Quantitative,Easy
What is the square of 3?,8,10,9,14,9,Quantitative,Easy
"Find the next letter in the series: N, O, P, ?",Q,S,P,R,Q,Logical,Easy
Choose the synonym of 'rapid'.,late,fast,small,weak,fast,Verbal,Easy
"If 8 workers finish a task in 5 days, how many worker-days are needed?",42,45,38,40,40,Puzzle,Hard
What is 69 + 72?,144,148,139,141,141,Quantitative,Hard
What is the square of 17?,288,289,294,290,289,Quantitative,Easy
"Find the next letter in the series: U, V, W, ?",X,Z,Y,W,X,Logical,Easy
Choose the synonym of 'ancient'.,late,weak,old,small,old,Verbal,Medium
"If 8 workers finish a task in 8 days, how many worker-days are needed?",64,69,62,66,64,Puzzle,Medium
What is 42 + 96?,136,141,138,145,138,Quantitative,Medium
What is the square of 8?,69,63,65,64,64,Quantitative,Hard
"Find the next letter in the series: Q, R, S, ?",S,T,U,V,T,Logical,Easy
Choose the synonym of 'benefit'.,late,small,weak,advantage,advantage,Verbal,Easy
"If 6 workers finish a task in 5 days, how many worker-days are needed?",35,28,30,32,30,Puzzle,Easy
What is 23 + 81?,111,104,102,107,104,Quantitative,Medium
What is the square of 7?,49,54,50,48,49,Quantitative,Hard
"Find the next letter in the series: A, B, C, ?",E,D,F,C,D,Logical,Easy
Choose the synonym of 'benefit'.,late,advantage,weak,small,advantage,Verbal,Easy
"If 4 workers finish a task in 6 days, how many worker-days are needed?",22,24,26,29,24,Puzzle,Medium
What is 47 + 14?,64,68,59,61,61,Quantitative,Easy
What is the square of 3?,9,8,14,10,9,Quantitative,Medium
"Find the next letter in the series: R, S, T, ?",T,U,V,W,U,Logical,Hard
Choose the synonym of 'honest'.,late,small,truthful,weak,truthful,Verbal,Easy
"If 9 workers finish a task in 5 days, how many worker-days are needed?",50,43,47,45,45,Puzzle,Medium
What is 79 + 94?,171,176,180,173,173,Quantitative,Medium
What is the square of 15?,230,225,224,226,225,Quantitative,Hard
"Find the next letter in the series: P, Q, R, ?",S,T,R,U,S,Logical,Hard
Choose the synonym of 'rapid'.,fast,late,small,weak,fast,Verbal,Medium
"If 7 workers finish a task in 7 days, how many worker-days are needed?",47,54,51,49,49,Puzzle,Hard
What is 49 + 98?,145,150,154,147,147,Quantitative,Easy
What is the square of 3?,14,10,8,9,9,Quantitative,Easy
"Find the next letter in the series: I, J, K, ?",K,N,L,M,L,Logical,Hard
Choose the synonym of 'ancient'.,late,old,weak,small,old,Verbal,Easy
"If 5 workers finish a task in 8 days, how many worker-days are needed?",40,42,38,45,40,Puzzle,Hard
What is 24 + 93?,120,115,124,117,117,Quantitative,Easy
What is the square of 6?,36,37,35,41,36,Quantitative,Hard
"Find the next letter in the series: F, G, H, ?",H,I,K,J,I,Logical,Easy
Choose the synonym of 'ancient'.,small,old,weak,late,old,Verbal,Medium
"If 4 workers finish a task in 7 days, how many worker-days are needed?",30,28,33,26,28,Puzzle,Hard
What is 24 + 51?,78,75,73,82,75,Quantitative,Hard
What is the square of 7?,49,48,50,54,49,Quantitative,Medium
"Find the next letter in the series: S, T, U, ?",U,W,V,X,V,Logical,Medium
Choose the synonym of 'rapid'.,small,weak,late,fast,fast,Verbal,Medium
"If 8 workers finish a task in 4 days, how many worker-days are needed?",34,37,32,30,32,Puzzle,Easy
What is 11 + 24?,42,38,35,33,35,Quantitative,Medium
What is the square of 11?,126,122,121,120,121,Quantitative,Medium
"Find the next letter in the series: G, H, I, ?",K,J,L,I,J,Logical,Easy
Choose the synonym of 'ancient'.,late,old,small,weak,old,Verbal,Easy
"If 2 workers finish a task in 10 days, how many worker-days are needed?",20,25,22,18,20,Puzzle,Medium
What is 15 + 46?,59,68,61,64,61,Quantitative,Hard
What is the square of 7?,48,50,49,54,49,Quantitative,Medium
"Find the next letter in the series: I, J, K, ?",L,M,N,K,L,Logical,Easy
Choose the synonym of 'benefit'.,small,weak,advantage,late,advantage,Verbal,Easy
"If 3 workers finish a task in 4 days, how many worker-days are needed?",17,12,10,14,12,Puzzle,Medium
What is 85 + 66?,151,154,158,149,151,Quantitative,Easy
What is the square of 14?,197,201,195,196,196,Quantitative,Easy
"Find the next letter in the series: T, U, V, ?",X,Y,W,V,W,Logical,Medium
Choose the synonym of 'benefit'.,weak,advantage,late,small,advantage,Verbal,Easy
"If 6 workers finish a task in 6 days, how many worker-days are needed?",36,41,38,34,36,Puzzle,Easy
What is 53 + 24?,75,77,80,84,77,Quantitative,Medium
What is the square of 17?,288,290,294,289,289,Quantitative,Hard
"Find the next letter in the series: C, D, E, ?",H,F,G,E,F,Logical,Medium
Choose the synonym of 'ancient'.,late,old,weak,small,old,Verbal,Easy
"If 5 workers finish a task in 8 days, how many worker-days are needed?",45,42,40,38,40,Puzzle,Easy
What is 25 + 56?,88,84,79,81,81,Quantitative,Easy
What is the square of 5?,26,30,25,24,25,Quantitative,Hard
"Find the next letter in the series: K, L, M, ?",P,N,M,O,N,Logical,Hard
Choose the synonym of 'benefit'.,advantage,small,weak,late,advantage,Verbal,Easy
"If 10 workers finish a task in 7 days, how many worker-days are needed?",70,72,68,75,70,Puzzle,Hard
What is 87 + 93?,187,178,183,180,180,Quantitative,Easy
What is the square of 14?,196,201,197,195,196,Quantitative,Hard
"Find the next letter in the series: H, I, J, ?",L,M,K,J,K,Logical,Easy
Choose the synonym of 'ancient'.,late,small,weak,old,old,Verbal,Hard
"If 2 workers finish a task in 9 days, how many worker-days are needed?",20,16,18,23,18,Puzzle,Medium
What is 20 + 20?,47,43,40,38,40,Quantitative,Medium
What is the square of 16?,255,256,261,257,256,Quantitative,Easy
"Find the next letter in the series: E, F, G, ?",J,H,G,I,H,Logical,Medium
Choose the synonym of 'bright'.,weak,small,late,smart,smart,Verbal,Hard
"If 6 workers finish a task in 5 days, how many worker-days are needed?",35,28,32,30,30,Puzzle,Medium
What is 69 + 39?,108,111,115,106,108,Quantitative,Medium
What is the square of 7?,49,54,50,48,49,Quantitative,Hard
"Find the next letter in the series: I, J, K, ?",L,K,M,N,L,Logical,Easy
Choose the synonym of 'ancient'.,old,small,late,weak,old,Verbal,Medium
"If 9 workers finish a task in 7 days, how many worker-days are needed?",61,63,65,68,63,Puzzle,Medium
What is 47 + 94?,148,141,144,139,141,Quantitative,Hard
What is the square of 7?,49,54,50,48,49,Quantitative,Hard
"Find the next letter in the series: F, G, H, ?",J,I,K,H,I,Logical,Hard
Choose the synonym of 'bright'.,weak,smart,small,late,smart,Verbal,Medium
"If 2 workers finish a task in 4 days, how many worker-days are needed?",10,13,8,6,8,Puzzle,Medium
What is 33 + 82?,122,115,118,113,115,Quantitative,Easy
What is the square of 7?,48,54,49,50,49,Quantitative,Medium
"Find the next letter in the series: L, M, N, ?",Q,N,O,P,O,Logical,Hard
Choose the synonym of 'ancient'.,late,small,weak,old,old,Verbal,Hard
"If 10 workers finish a task in 9 days, how many worker-days are needed?",92,88,90,95,90,Puzzle,Easy
What is 81 + 16?,97,104,100,95,97,Quantitative,Hard
What is the square of 15?,225,224,226,230,225,Quantitative,Medium
"Find the next letter in the series: B, C, D, ?",G,E,F,D,E,Logical,Easy
Choose the synonym of 'bright'.,weak,small,late,smart,smart,Verbal,Hard
"If 10 workers finish a task in 8 days, how many worker-days are needed?",78,82,85,80,80,Puzzle,Medium
What is 92 + 72?,164,162,171,167,164,Quantitative,Hard
What is the square of 13?,170,168,169,174,169,Quantitative,Hard
"Find the next letter in the series: O, P, Q, ?",S,Q,T,R,R,Logical,Medium
Choose the synonym of 'ancient'.,old,small,late,weak,old,Verbal,Hard
"If 9 workers finish a task in 9 days, how many worker-days are needed?",83,86,81,79,81,Puzzle,Hard
What is 32 + 63?,102,98,93,95,95,Quantitative,Hard
What is the square of 15?,226,224,230,225,225,Quantitative,Easy
"Find the next letter in the series: I, J, K, ?",L,M,K,N,L,Logical,Medium
Choose the synonym of 'rapid'.,late,fast,small,weak,fast,Verbal,Medium
"If 6 workers finish a task in 9 days, how many worker-days are needed?",52,54,56,59,54,Puzzle,Medium
What is 81 + 70?,151,158,154,149,151,Quantitative,Hard
What is the square of 16?,255,261,256,257,256,Quantitative,Medium
"Find the next letter in the series: L, M, N, ?",O,Q,P,N,O,Logical,Medium
Choose the synonym of 'honest'.,truthful,late,weak,small,truthful,Verbal,Hard
"If 6 workers finish a task in 2 days, how many worker-days are needed?",10,14,12,17,12,Puzzle,Hard
What is 97 + 40?,135,137,140,144,137,Quantitative,Easy
What is the square of 15?,226,225,224,230,225,Quantitative,Medium
"Find the next letter in the series: U, V, W, ?",Z,Y,W,X,X,Logical,Hard
Choose the synonym of 'benefit'.,weak,late,advantage,small,advantage,Verbal,Easy
"If 4 workers finish a task in 9 days, how many worker-days are needed?",38,34,41,36,36,Puzzle,Medium
What is 26 + 12?,45,41,36,38,38,Quantitative,Hard
What is the square of 19?,360,366,361,362,361,Quantitative,Medium
"Find the next letter in the series: C, D, E, ?",H,F,E,G,F,Logical,Medium
Choose the synonym of 'benefit'.,small,late,advantage,weak,advantage,Verbal,Hard
"If 2 workers finish a task in 5 days, how many worker-days are needed?",8,15,10,12,10,Puzzle,Hard
What is 62 + 60?,129,125,122,120,122,Quantitative,Easy
What is the square of 10?,99,101,100,105,100,Quantitative,Medium
"Find the next letter in the series: P, Q, R, ?",R,T,U,S,S,Logical,Easy
Choose the synonym of 'bright'.,weak,small,smart,late,smart,Verbal,Hard
"If 2 workers finish a task in 5 days, how many worker-days are needed?",12,15,10,8,10,Puzzle,Easy
What is 89 + 71?,167,163,160,158,160,Quantitative,Easy
What is the square of 3?,14,9,8,10,9,Quantitative,Medium
"Find the next letter in the series: O, P, Q, ?",S,Q,T,R,R,Logical,Hard
Choose the synonym of 'ancient'.,old,late,weak,small,old,Verbal,Easy
"If 5 workers finish a task in 6 days, how many worker-days are needed?",30,35,32,28,30,Puzzle,Easy
What is 15 + 84?,102,99,106,97,99,Quantitative,Easy
What is the square of 15?,225,230,226,224,225,Quantitative,Medium
"Find the next letter in the series: I, J, K, ?",L,N,M,K,L,Logical,Hard
Choose the synonym of 'honest'.,weak,truthful,small,late,truthful,Verbal,Hard
"If 5 workers finish a task in 9 days, how many worker-days are needed?",45,47,50,43,45,Puzzle,Medium
What is 58 + 68?,124,129,126,133,126,Quantitative,Easy
What is the square of 18?,324,325,329,323,324,Quantitative,Hard
"Find the next letter in the series: N, O, P, ?",Q,R,S,P,Q,Logical,Easy
Choose the synonym of 'bright'.,weak,smart,small,late,smart,Verbal,Medium
"If 5 workers finish a task in 10 days, how many worker-days are needed?",48,52,50,55,50,Puzzle,Hard
What is 40 + 72?,119,110,112,115,112,Quantitative,Easy
What is the square of 3?,9,8,14,10,9,Quantitative,Hard
"Find the next letter in the series: I, J, K, ?",N,M,L,K,L,Logical,Hard
Choose the synonym of 'ancient'.,old,weak,small,late,old,Verbal,Medium
"If 10 workers finish a task in 3 days, how many worker-days are needed?",32,28,30,35,30,Puzzle,Hard
What is 80 + 86?,166,173,169,164,166,Quantitative,Hard
What is the square of 19?,360,361,362,366,361,Quantitative,Easy
"Find the next letter in the series: F, G, H, ?",J,K,H,I,I,Logical,Easy
Choose the synonym of 'ancient'.,small,late,old,weak,old,Verbal,Easy
"If 3 workers finish a task in 8 days, how many worker-days are needed?",29,22,24,26,24,Puzzle,Medium
What is 14 + 47?,61,64,59,68,61,Quantitative,Easy
What is the square of 8?,63,69,64,65,64,Quantitative,Easy
"Find the next letter in the series: N, O, P, ?",Q,R,P,S,Q,Logical,Easy
Choose the synonym of 'benefit'.,small,weak,late,advantage,advantage,Verbal,Easy
"If 5 workers finish a task in 7 days, how many worker-days are needed?",37,35,33,40,35,Puzzle,Medium
What is 16 + 26?,49,42,45,40,42,Quantitative,Hard
What is the square of 9?,86,82,81,80,81,Quantitative,Medium
"Find the next letter in the series: K, L, M, ?",O,N,M,P,N,Logical,Medium
Choose the synonym of 'rapid'.,weak,small,late,fast,fast,Verbal,Medium
"If 3 workers finish a task in 5 days, how many worker-days are needed?",15,13,20,17,15,Puzzle,Hard
What is 22 + 85?,105,114,107,110,107,Quantitative,Hard
What is the square of 19?,360,366,362,361,361,Quantitative,Medium
"Find the next letter in the series: S, T, U, ?",X,W,U,V,V,Logical,Easy
Choose the synonym of 'rapid'.,late,fast,small,weak,fast,Verbal,Medium
"If 9 workers finish a task in 6 days, how many worker-days are needed?",56,54,59,52,54,Puzzle,Easy
What is 32 + 16?,51,46,55,48,48,Quantitative,Medium
What is the square of 19?,361,362,360,366,361,Quantitative,Medium
"Find the next letter in the series: H, I, J, ?",L,J,K,M,K,Logical,Easy
Choose the synonym of 'honest'.,late,small,weak,truthful,truthful,Verbal,Hard
"If 4 workers finish a task in 9 days, how many worker-days are needed?",34,36,38,41,36,Puzzle,Hard
What is 56 + 34?,88,90,97,93,90,Quantitative,Hard
What is the square of 4?,16,21,17,15,16,Quantitative,Medium
"Find the next letter in the series: B, C, D, ?",G,F,D,E,E,Logical,Medium
Choose the synonym of 'rapid'.,small,late,weak,fast,fast,Verbal,Easy
"If 3 workers finish a task in 7 days, how many worker-days are needed?",26,19,23,21,21,Puzzle,Hard
What is 10 + 44?,54,52,57,61,54,Quantitative,Hard
What is the square of 7?,50,49,48,54,49,Quantitative,Medium
"Find the next letter in the series: L, M, N, ?",P,Q,O,N,O,Logical,Easy
Choose the synonym of 'ancient'.,late,small,weak,old,old,Verbal,Easy
"If 7 workers finish a task in 8 days, how many worker-days are needed?",61,54,58,56,56,Puzzle,Easy
What is 81 + 19?,100,103,98,107,100,Quantitative,Medium
What is the square of 7?,54,49,48,50,49,Quantitative,Medium
"Find the next letter in the series: P, Q, R, ?",S,T,U,R,S,Logical,Medium
Choose the synonym of 'benefit'.,weak,advantage,late,small,advantage,Verbal,Hard
"If 6 workers finish a task in 3 days, how many worker-days are needed?",16,20,23,18,18,Puzzle,Hard
What is 93 + 14?,114,107,105,110,107,Quantitative,Hard
What is the square of 4?,15,21,16,17,16,Quantitative,Medium
"Find the next letter in the series: S, T, U, ?",U,X,V,W,V,Logical,Hard
Choose the synonym of 'bright'.,smart,late,weak,small,smart,Verbal,Easy
"If 7 workers finish a task in 6 days, how many worker-days are needed?",47,44,40,42,42,Puzzle,Easy
What is 15 + 51?,73,66,69,64,66,Quantitative,Hard
What is the square of 5?,26,30,25,24,25,Quantitative,Medium
"Find the next letter in the series: U, V, W, ?",W,Z,X,Y,X,Logical,Easy
Choose the synonym of 'honest'.,truthful,late,weak,small,truthful,Verbal,Easy
"If 4 workers finish a task in 5 days, how many worker-days are needed?",22,20,18,25,20,Puzzle,Medium
What is 35 + 16?,54,51,58,49,51,Quantitative,Hard
What is the square of 14?,196,195,197,201,196,Quantitative,Medium
"Find the next letter in the series: O, P, Q, ?",R,T,S,Q,R,Logical,Medium
Choose the synonym of 'honest'.,small,late,truthful,weak,truthful,Verbal,Easy
"If 7 workers finish a task in 7 days, how many worker-days are needed?",54,47,51,49,49,Puzzle,Medium
What is 34 + 92?,133,126,124,129,126,Quantitative,Medium
What is the square of 16?,261,257,255,256,256,Quantitative,Hard
"Find the next letter in the series: F, G, H, ?",H,I,J,K,I,Logical,Easy
Choose the synonym of 'honest'.,small,weak,late,truthful,truthful,Verbal,Hard
"If 7 workers finish a task in 7 days, how many worker-days are needed?",54,49,51,47,49,Puzzle,Medium
What is 52 + 51?,110,106,101,103,103,Quantitative,Medium
What is the square of 8?,63,64,69,65,64,Quantitative,Hard
"Find the next letter in the series: U, V, W, ?",X,Z,Y,W,X,Logical,Hard
Choose the synonym of 'benefit'.,small,advantage,weak,late,advantage,Verbal,Hard
"If 4 workers finish a task in 9 days, how many worker-days are needed?",34,38,41,36,36,Puzzle,Medium
What is 15 + 24?,39,42,46,37,39,Quantitative,Hard
What is the square of 19?,362,361,360,366,361,Quantitative,Easy
"Find the next letter in the series: S, T, U, ?",U,V,W,X,V,Logical,Medium
Choose the synonym of 'bright'.,small,weak,late,smart,smart,Verbal,Medium
"If 8 workers finish a task in 8 days, how many worker-days are needed?",62,64,66,69,64,Puzzle,Hard
What is 69 + 35?,102,111,104,107,104,Quantitative,Easy
What is the square of 8?,69,64,63,65,64,Quantitative,Hard
"Find the next letter in the series: N, O, P, ?",S,R,Q,P,Q,Logical,Hard
Choose the synonym of 'rapid'.,late,fast,weak,small,fast,Verbal,Hard
"If 9 workers finish a task in 4 days, how many worker-days are needed?",38,36,34,41,36,Puzzle,Medium
What is 85 + 69?,157,154,161,152,154,Quantitative,Easy
What is the square of 17?,294,288,290,289,289,Quantitative,Hard
"Find the next letter in the series: J, K, L, ?",N,O,M,L,M,Logical,Easy
Choose the synonym of 'honest'.,late,small,weak,truthful,truthful,Verbal,Hard
"If 2 workers finish a task in 9 days, how many worker-days are needed?",18,23,16,20,18,Puzzle,Easy
What is 70 + 97?,174,165,170,167,167,Quantitative,Easy
What is the square of 9?,82,80,81,86,81,Quantitative,Hard
"Find the next letter in the series: T, U, V, ?",X,Y,W,V,W,Logical,Hard
Choose the synonym of 'ancient'.,small,old,late,weak,old,Verbal,Hard
"If 10 workers finish a task in 6 days, how many worker-days are needed?",62,65,60,58,60,Puzzle,Medium
What is 90 + 88?,176,178,181,185,178,Quantitative,Hard
What is the square of 7?,50,48,54,49,49,Quantitative,Medium
"Find the next letter in the series: K, L, M, ?",O,P,M,N,N,Logical,Easy
Choose the synonym of 'benefit'.,weak,small,advantage,late,advantage,Verbal,Hard
"If 4 workers finish a task in 4 days, how many worker-days are needed?",18,16,21,14,16,Puzzle,Hard
What is 70 + 62?,139,130,135,132,132,Quantitative,Medium
What is the square of 8?,69,65,64,63,64,Quantitative,Medium
"Find the next letter in the series: A, B, C, ?",C,F,D,E,D,Logical,Easy
Choose the synonym of 'honest'.,weak,truthful,small,late,truthful,Verbal,Medium
"If 2 workers finish a task in 6 days, how many worker-days are needed?",14,12,17,10,12,Puzzle,Medium
What is 64 + 72?,136,143,134,139,136,Quantitative,Medium
What is the square of 4?,21,17,16,15,16,Quantitative,Medium
"Find the next letter in the series: N, O, P, ?",R,S,Q,P,Q,Logical,Medium
Choose the synonym of 'ancient'.,small,weak,old,late,old,Verbal,Hard
"If 7 workers finish a task in 3 days, how many worker-days are needed?",19,21,26,23,21,Puzzle,Medium
What is 92 + 24?,123,119,116,114,116,Quantitative,Medium
What is the square of 11?,121,126,122,120,121,Quantitative,Medium
"Find the next letter in the series: M, N, O, ?",O,R,P,Q,P,Logical,Medium
Choose the synonym of 'bright'.,weak,smart,late,small,smart,Verbal,Hard
"If 5 workers finish a task in 10 days, how many worker-days are needed?",48,50,52,55,50,Puzzle,Hard
What is 45 + 28?,76,73,80,71,73,Quantitative,Medium
What is the square of 18?,329,323,324,325,324,Quantitative,Easy
"Find the next letter in the series: D, E, F, ?",I,G,H,F,G,Logical,Easy
Choose the synonym of 'honest'.,small,late,truthful,weak,truthful,Verbal,Medium
"If 5 workers finish a task in 5 days, how many worker-days are needed?",23,27,25,30,25,Puzzle,Hard
What is 49 + 53?,109,105,102,100,102,Quantitative,Medium
What is the square of 20?,401,399,405,400,400,Quantitative,Easy
"Find the next letter in the series: H, I, J, ?",J,K,M,L,K,Logical,Hard
Choose the synonym of 'ancient'.,late,weak,small,old,old,Verbal,Easy
"If 2 workers finish a task in 8 days, how many worker-days are needed?",14,21,16,18,16,Puzzle,Easy
What is 92 + 18?,108,110,117,113,110,Quantitative,Hard
What is the square of 6?,41,37,36,35,36,Quantitative,Easy
"Find the next letter in the series: J, K, L, ?",O,N,M,L,M,Logical,Medium
Choose the synonym of 'ancient'.,old,weak,small,late,old,Verbal,Medium
"If 8 workers finish a task in 8 days, how many worker-days are needed?",62,64,66,69,64,Puzzle,Medium
What is 54 + 17?,69,74,78,71,71,Quantitative,Easy
What is the square of 15?,226,230,225,224,225,Quantitative,Medium
"Find the next letter in the series: F, G, H, ?",I,K,J,H,I,Logical,Medium
Choose the synonym of 'bright'.,smart,late,small,weak,smart,Verbal,Easy
"If 10 workers finish a task in 9 days, how many worker-days are needed?",92,88,90,95,90,Puzzle,Medium
What is 13 + 73?,89,93,84,86,86,Quantitative,Hard
What is the square of 10?,101,99,100,105,100,Quantitative,Easy
"Find the next letter in the series: C, D, E, ?",G,E,F,H,F,Logical,Medium
Choose the synonym of 'rapid'.,small,weak,fast,late,fast,Verbal,Medium
"If 3 workers finish a task in 7 days, how many worker-days are needed?",21,19,26,23,21,Puzzle,Hard
What is 44 + 82?,129,126,124,133,126,Quantitative,Hard
What is the square of 13?,170,168,169,174,169,Quantitative,Hard
"Find the next letter in the series: R, S, T, ?",W,V,U,T,U,Logical,Medium
Choose the synonym of 'bright'.,weak,late,smart,small,smart,Verbal,Easy
"If 8 workers finish a task in 8 days, how many worker-days are needed?",62,66,64,69,64,Puzzle,Easy
What is 60 + 17?,84,80,77,75,77,Quantitative,Easy
What is the square of 20?,401,405,400,399,400,Quantitative,Hard
"Find the next letter in the series: F, G, H, ?",H,J,I,K,I,Logical,Hard
Choose the synonym of 'bright'.,weak,smart,late,small,smart,Verbal,Medium
"If 8 workers finish a task in 6 days, how many worker-days are needed?",50,46,48,53,48,Puzzle,Hard
What is 96 + 18?,117,112,114,121,114,Quantitative,Hard
What is the square of 16?,261,257,255,256,256,Quantitative,Medium
"Find the next letter in the series: K, L, M, ?",M,O,P,N,N,Logical,Easy
Choose the synonym of 'benefit'.,weak,small,advantage,late,advantage,Verbal,Hard
"If 7 workers finish a task in 9 days, how many worker-days are needed?",65,68,63,61,63,Puzzle,Medium
What is 79 + 51?,137,128,130,133,130,Quantitative,Hard
What is the square of 8?,63,69,64,65,64,Quantitative,Medium
"Find the next letter in the series: A, B, C, ?",E,C,F,D,D,Logical,Easy
Choose the synonym of 'benefit'.,advantage,late,small,weak,advantage,Verbal,Medium
"If 6 workers finish a task in 10 days, how many worker-days are needed?",60,62,58,65,60,Puzzle,Medium
What is 34 + 53?,85,94,90,87,87,Quantitative,Medium
What is the square of 4?,17,21,15,16,16,Quantitative,Easy
"Find the next letter in the series: A, B, C, ?",E,C,F,D,D,Logical,Hard
Choose the synonym of 'honest'.,truthful,small,weak,late,truthful,Verbal,Easy
"If 7 workers finish a task in 10 days, how many worker-days are needed?",72,70,68,75,70,Puzzle,Hard
What is 40 + 88?,131,135,128,126,128,Quantitative,Medium
What is the square of 8?,64,63,65,69,64,Quantitative,Hard
"Find the next letter in the series: T, U, V, ?",V,Y,X,W,W,Logical,Easy
Choose the synonym of 'benefit'.,late,advantage,small,weak,advantage,Verbal,Easy
"If 4 workers finish a task in 6 days, how many worker-days are needed?",22,26,29,24,24,Puzzle,Easy
What is 90 + 84?,177,174,172,181,174,Quantitative,Hard
What is the square of 10?,105,100,99,101,100,Quantitative,Easy
"Find the next letter in the series: P, Q, R, ?",T,R,S,U,S,Logical,Easy
Choose the synonym of 'honest'.,truthful,small,late,weak,truthful,Verbal,Easy
"If 6 workers finish a task in 5 days, how many worker-days are needed?",30,35,28,32,30,Puzzle,Easy
What is 30 + 11?,48,41,39,44,41,Quantitative,Medium
What is the square of 12?,149,143,144,145,144,Quantitative,Hard
"Find the next letter in the series: F, G, H, ?",K,I,H,J,I,Logical,Medium
Choose the synonym of 'ancient'.,small,old,late,weak,old,Verbal,Hard
"If 10 workers finish a task in 3 days, how many worker-days are needed?",35,28,32,30,30,Puzzle,Medium
What is 87 + 96?,181,186,190,183,183,Quantitative,Hard
What is the square of 16?,257,256,255,261,256,Quantitative,Medium
"Find the next letter in the series: B, C, D, ?",F,D,G,E,E,Logical,Hard
Choose the synonym of 'honest'.,late,weak,truthful,small,truthful,Verbal,Easy
"If 6 workers finish a task in 2 days, how many worker-days are needed?",17,10,12,14,12,Puzzle,Hard
What is 85 + 55?,138,147,143,140,140,Quantitative,Easy
What is the square of 15?,230,224,226,225,225,Quantitative,Easy
"Find the next letter in the series: E, F, G, ?",J,H,G,I,H,Logical,Hard
Choose the synonym of 'bright'.,small,weak,smart,late,smart,Verbal,Medium
"If 2 workers finish a task in 7 days, how many worker-days are needed?",19,16,14,12,14,Puzzle,Easy
What is 86 + 48?,134,137,132,141,134,Quantitative,Hard
What is the square of 17?,290,288,294,289,289,Quantitative,Medium
"Find the next letter in the series: S, T, U, ?",U,X,V,W,V,Logical,Medium
Choose the synonym of 'bright'.,late,smart,weak,small,smart,Verbal,Hard
"If 2 workers finish a task in 8 days, how many worker-days are needed?",16,18,21,14,16,Puzzle,Easy
What is 29 + 32?,61,68,64,59,61,Quantitative,Easy
What is the square of 16?,255,261,257,256,256,Quantitative,Easy
"Find the next letter in the series: J, K, L, ?",L,O,N,M,M,Logical,Hard
Choose the synonym of 'bright'.,small,smart,late,weak,smart,Verbal,Easy
"If 4 workers finish a task in 9 days, how many worker-days are needed?",41,38,34,36,36,Puzzle,Medium
What is 49 + 58?,107,105,114,110,107,Quantitative,Easy
What is the square of 12?,145,149,144,143,144,Quantitative,Medium
"Find the next letter in the series: D, E, F, ?",H,G,F,I,G,Logical,Hard
Choose the synonym of 'bright'.,smart,late,weak,small,smart,Verbal,Medium
"If 8 workers finish a task in 9 days, how many worker-days are needed?",70,72,74,77,72,Puzzle,Medium
What is 75 + 62?,137,140,135,144,137,Quantitative,Medium
What is the square of 16?,255,261,257,256,256,Quantitative,Easy
"Find the next letter in the series: E, F, G, ?",G,I,J,H,H,Logical,Easy
Choose the synonym of 'bright'.,small,smart,late,weak,smart,Verbal,Hard
"If 5 workers finish a task in 2 days, how many worker-days are needed?",12,10,8,15,10,Puzzle,Hard
What is 34 + 69?,110,106,101,103,103,Quantitative,Easy
What is the square of 3?,8,9,10,14,9,Quantitative,Easy
"Find the next letter in the series: N, O, P, ?",Q,S,R,P,Q,Logical,Hard
Choose the synonym of 'bright'.,late,weak,smart,small,smart,Verbal,Easy
"If 9 workers finish a task in 9 days, how many worker-days are needed?",86,79,83,81,81,Puzzle,Hard
What is 79 + 49?,131,128,135,126,128,Quantitative,Hard
What is the square of 8?,65,69,64,63,64,Quantitative,Medium
"Find the next letter in the series: M, N, O, ?",P,R,Q,O,P,Logical,Easy
Choose the synonym of 'rapid'.,small,late,weak,fast,fast,Verbal,Medium
"If 9 workers finish a task in 3 days, how many worker-days are needed?",25,27,29,32,27,Puzzle,Easy
What is 87 + 22?,109,116,112,107,109,Quantitative,Hard
What is the square of 17?,294,289,290,288,289,Quantitative,Medium
"Find the next letter in the series: L, M, N, ?",O,P,N,Q,O,Logical,Medium
Choose the synonym of 'rapid'.,small,fast,late,weak,fast,Verbal,Medium
"If 9 workers finish a task in 8 days, how many worker-days are needed?",70,72,77,74,72,Puzzle,Hard
What is 65 + 44?,116,107,112,109,109,Quantitative,Easy
What is the square of 3?,9,10,8,14,9,Quantitative,Easy
"Find the next letter in the series: I, J, K, ?",M,K,N,L,L,Logical,Hard
Choose the synonym of 'honest'.,weak,late,truthful,small,truthful,Verbal,Hard
"If 8 workers finish a task in 8 days, how many worker-days are needed?",69,66,62,64,64,Puzzle,Hard
What is 12 + 93?,112,103,105,108,105,Quantitative,Easy
What is the square of 19?,362,366,360,361,361,Quantitative,Hard
"Find the next letter in the series: E, F, G, ?",I,G,H,J,H,Logical,Medium
Choose the synonym of 'benefit'.,small,advantage,weak,late,advantage,Verbal,Easy
"If 7 workers finish a task in 6 days, how many worker-days are needed?",44,42,47,40,42,Puzzle,Easy
What is 37 + 94?,129,131,138,134,131,Quantitative,Medium
What is the square of 10?,105,101,99,100,100,Quantitative,Medium
"Find the next letter in the series: E, F, G, ?",G,I,H,J,H,Logical,Hard
Choose the synonym of 'benefit'.,late,small,weak,advantage,advantage,Verbal,Medium
"If 4 workers finish a task in 10 days, how many worker-days are needed?",45,40,42,38,40,Puzzle,Easy
What is 50 + 19?,76,67,69,72,69,Quantitative,Hard
What is the square of 5?,30,25,26,24,25,Quantitative,Hard
"Find the next letter in the series: A, B, C, ?",D,E,C,F,D,Logical,Medium
Choose the synonym of 'ancient'.,small,old,late,weak,old,Verbal,Medium
"If 5 workers finish a task in 3 days, how many worker-days are needed?",13,15,20,17,15,Puzzle,Easy
What is 77 + 57?,141,132,137,134,134,Quantitative,Easy
What is the square of 12?,145,149,143,144,144,Quantitative,Hard
"Find the next letter in the series: I, J, K, ?",K,N,L,M,L,Logical,Hard
Choose the synonym of 'honest'.,weak,truthful,late,small,truthful,Verbal,Medium
"If 6 workers finish a task in 7 days, how many worker-days are needed?",40,47,44,42,42,Puzzle,Easy
What is 24 + 20?,42,51,44,47,44,Quantitative,Easy
What is the square of 18?,323,324,329,325,324,Quantitative,Medium
"Find the next letter in the series: F, G, H, ?",J,K,I,H,I,Logical,Hard
Choose the synonym of 'honest'.,weak,truthful,small,late,truthful,Verbal,Hard
"If 10 workers finish a task in 7 days, how many worker-days are needed?",68,72,70,75,70,Puzzle,Hard
What is 72 + 55?,134,130,127,125,127,Quantitative,Medium
What is the square of 12?,145,144,143,149,144,Quantitative,Easy
"Find the next letter in the series: C, D, E, ?",H,F,G,E,F,Logical,Hard
Choose the synonym of 'honest'.,weak,truthful,small,late,truthful,Verbal,Easy
"If 10 workers finish a task in 3 days, how many worker-days are needed?",35,30,28,32,30,Puzzle,Hard
What is 12 + 77?,92,87,96,89,89,Quantitative,Hard
What is the square of 3?,9,8,14,10,9,Quantitative,Hard
"Find the next letter in the series: R, S, T, ?",U,V,W,T,U,Logical,Hard
Choose the synonym of 'bright'.,weak,small,late,smart,smart,Verbal,Medium
"If 3 workers finish a task in 9 days, how many worker-days are needed?",25,27,32,29,27,Puzzle,Easy
What is 29 + 90?,122,119,117,126,119,Quantitative,Medium
What is the square of 18?,324,323,325,329,324,Quantitative,Hard
"Find the next letter in the series: M, N, O, ?",O,R,Q,P,P,Logical,Hard
Choose the synonym of 'honest'.,weak,late,truthful,small,truthful,Verbal,Medium
"If 8 workers finish a task in 10 days, how many worker-days are needed?",82,85,80,78,80,Puzzle,Medium
What is 77 + 45?,120,129,125,122,122,Quantitative,Medium
What is the square of 6?,35,41,37,36,36,Quantitative,Hard
"Find the next letter in the series: K, L, M, ?",M,P,O,N,N,Logical,Hard
Choose the synonym of 'bright'.,small,late,smart,weak,smart,Verbal,Easy
"If 4 workers finish a task in 10 days, how many worker-days are needed?",38,42,45,40,40,Puzzle,Medium
What is 52 + 30?,85,89,80,82,82,Quantitative,Hard
What is the square of 3?,10,8,14,9,9,Quantitative,Easy
"Find the next letter in the series: K, L, M, ?",N,M,O,P,N,Logical,Medium
Choose the synonym of 'benefit'.,weak,small,late,advantage,advantage,Verbal,Medium
"If 8 workers finish a task in 6 days, how many worker-days are needed?",46,48,53,50,48,Puzzle,Hard
What is 24 + 59?,86,83,81,90,83,Quantitative,Easy
What is the square of 8?,64,69,63,65,64,Quantitative,Easy
"Find the next letter in the series: L, M, N, ?",Q,O,N,P,O,Logical,Medium
Choose the synonym of 'benefit'.,late,advantage,small,weak,advantage,Verbal,Easy
"If 5 workers finish a task in 6 days, how many worker-days are needed?",30,35,28,32,30,Puzzle,Easy
What is 52 + 23?,82,75,73,78,75,Quantitative,Hard
What is the square of 11?,120,121,126,122,121,Quantitative,Hard
"Find the next letter in the series: M, N, O, ?",P,R,O,Q,P,Logical,Hard
Choose the synonym of 'ancient'.,old,small,late,weak,old,Verbal,Easy
"If 4 workers finish a task in 7 days, how many worker-days are needed?",30,26,33,28,28,Puzzle,Hard
What is 50 + 49?,99,97,106,102,99,Quantitative,Hard
What is the square of 10?,101,100,105,99,100,Quantitative,Medium
"Find the next letter in the series: F, G, H, ?",H,J,I,K,I,Logical,Medium
Choose the synonym of 'bright'.,late,smart,weak,small,smart,Verbal,Medium
"If 3 workers finish a task in 10 days, how many worker-days are needed?",30,35,32,28,30,Puzzle,Hard
What is 14 + 65?,79,82,86,77,79,Quantitative,Hard
What is the square of 6?,35,41,36,37,36,Quantitative,Medium
"Find the next letter in the series: M, N, O, ?",R,Q,P,O,P,Logical,Easy
Choose the synonym of 'benefit'.,weak,small,late,advantage,advantage,Verbal,Medium
"If 2 workers finish a task in 4 days, how many worker-days are needed?",13,10,6,8,8,Puzzle,Easy
What is 78 + 43?,124,119,128,121,121,Quantitative,Medium
What is the square of 19?,366,360,362,361,361,Quantitative,Medium
"Find the next letter in the series: P, Q, R, ?",S,U,T,R,S,Logical,Hard
Choose the synonym of 'ancient'.,small,old,weak,late,old,Verbal,Hard
"If 5 workers finish a task in 7 days, how many worker-days are needed?",37,33,35,40,35,Puzzle,Hard
What is 46 + 95?,139,141,148,144,141,Quantitative,Easy
What is the square of 6?,41,35,37,36,36,Quantitative,Easy
"Find the next letter in the series: I, J, K, ?",L,N,M,K,L,Logical,Hard
Choose the synonym of 'ancient'.,small,weak,old,late,old,Verbal,Easy
"If 5 workers finish a task in 4 days, how many worker-days are needed?",18,25,22,20,20,Puzzle,Hard
What is 73 + 58?,131,138,134,129,131,Quantitative,Hard
What is the square of 16?,261,256,255,257,256,Quantitative,Easy
"Find the next letter in the series: N, O, P, ?",S,Q,P,R,Q,Logical,Easy
Choose the synonym of 'honest'.,late,small,truthful,weak,truthful,Verbal,Hard
"If 10 workers finish a task in 6 days, how many worker-days are needed?",58,60,62,65,60,Puzzle,Medium
What is 35 + 68?,110,101,106,103,103,Quantitative,Easy
What is the square of 7?,49,54,50,48,49,Quantitative,Medium
"Find the next letter in the series: A, B, C, ?",C,E,F,D,D,Logical,Easy
Choose the synonym of 'benefit'.,late,weak,advantage,small,advantage,Verbal,Easy
"If 5 workers finish a task in 10 days, how many worker-days are needed?",50,55,48,52,50,Puzzle,Easy
What is 29 + 11?,40,38,47,43,40,Quantitative,Hard
What is the square of 9?,81,82,86,80,81,Quantitative,Hard
"Find the next letter in the series: P, Q, R, ?",U,S,T,R,S,Logical,Medium
Choose the synonym of 'rapid'.,late,weak,fast,small,fast,Verbal,Medium
"If 2 workers finish a task in 4 days, how many worker-days are needed?",13,8,6,10,8,Puzzle,Medium
What is 13 + 49?,69,65,62,60,62,Quantitative,Medium
What is the square of 18?,329,324,323,325,324,Quantitative,Hard
"Find the next letter in the series: T, U, V, ?",V,W,X,Y,W,Logical,Medium
Choose the synonym of 'rapid'.,fast,late,small,weak,fast,Verbal,Easy
"If 7 workers finish a task in 10 days, how many worker-days are needed?",72,70,68,75,70,Puzzle,Medium
What is 45 + 55?,98,103,100,107,100,Quantitative,Easy
What is the square of 19?,362,360,361,366,361,Quantitative,Medium
"Find the next letter in the series: J, K, L, ?",L,M,N,O,M,Logical,Easy
Choose the synonym of 'bright'.,small,weak,late,smart,smart,Verbal,Medium
"If 6 workers finish a task in 7 days, how many worker-days are needed?",42,47,40,44,42,Puzzle,Medium
What is 53 + 72?,123,125,128,132,125,Quantitative,Medium
What is the square of 17?,288,294,290,289,289,Quantitative,Hard
"Find the next letter in the series: S, T, U, ?",U,W,X,V,V,Logical,Hard
Choose the synonym of 'bright'.,late,small,smart,weak,smart,Verbal,Easy
"If 3 workers finish a task in 9 days, how many worker-days are needed?",27,32,25,29,27,Puzzle,Hard
What is 68 + 61?,127,132,136,129,129,Quantitative,Hard
What is the square of 15?,226,230,224,225,225,Quantitative,Hard
"Find the next letter in the series: B, C, D, ?",G,D,F,E,E,Logical,Medium
Choose the synonym of 'rapid'.,fast,small,weak,late,fast,Verbal,Medium
"If 9 workers finish a task in 9 days, how many worker-days are needed?",83,81,86,79,81,Puzzle,Medium
What is 59 + 97?,163,159,156,154,156,Quantitative,Hard
What is the square of 20?,401,399,405,400,400,Quantitative,Hard
"Find the next letter in the series: I, J, K, ?",M,K,N,L,L,Logical,Medium
Choose the synonym of 'ancient'.,weak,old,late,small,old,Verbal,Medium
"If 10 workers finish a task in 9 days, how many worker-days are needed?",88,92,95,90,90,Puzzle,Hard
What is 39 + 87?,133,126,124,129,126,Quantitative,Easy
What is the square of 13?,174,170,168,169,169,Quantitative,Easy
"Find the next letter in the series: K, L, M, ?",O,N,P,M,N,Logical,Medium
Choose the synonym of 'bright'.,weak,small,late,smart,smart,Verbal,Medium
"If 6 workers finish a task in 2 days, how many worker-days are needed?",12,17,10,14,12,Puzzle,Easy
What is 57 + 75?,132,135,130,139,132,Quantitative,Hard
What is the square of 11?,121,126,122,120,121,Quantitative,Easy
"Find the next letter in the series: M, N, O, ?",O,R,P,Q,P,Logical,Hard
Choose the synonym of 'honest'.,truthful,weak,late,small,truthful,Verbal,Easy
"If 8 workers finish a task in 5 days, how many worker-days are needed?",42,38,40,45,40,Puzzle,Easy
What is 75 + 52?,134,125,130,127,127,Quantitative,Medium
What is the square of 6?,41,36,37,35,36,Quantitative,Medium
"Find the next letter in the series: Q, R, S, ?",U,V,T,S,T,Logical,Hard
Choose the synonym of 'honest'.,truthful,late,small,weak,truthful,Verbal,Easy
"If 5 workers finish a task in 5 days, how many worker-days are needed?",23,30,25,27,25,Puzzle,Hard
What is 79 + 60?,139,146,142,137,139,Quantitative,Medium
What is the square of 10?,100,105,99,101,100,Quantitative,Hard
"Find the next letter in the series: G, H, I, ?",K,L,J,I,J,Logical,Hard
Choose the synonym of 'benefit'.,small,weak,advantage,late,advantage,Verbal,Easy
"If 3 workers finish a task in 6 days, how many worker-days are needed?",23,16,20,18,18,Puzzle,Medium
What is 13 + 72?,85,83,88,92,85,Quantitative,Easy
What is the square of 12?,149,145,143,144,144,Quantitative,Hard
"Find the next letter in the series: U, V, W, ?",Y,Z,X,W,X,Logical,Medium
Choose the synonym of 'honest'.,weak,late,small,truthful,truthful,Verbal,Medium
"If 8 workers finish a task in 9 days, how many worker-days are needed?",70,77,74,72,72,Puzzle,Hard
What is 70 + 17?,90,87,94,85,87,Quantitative,Easy
What is the square of 11?,122,120,126,121,121,Quantitative,Easy
"Find the next letter in the series: K, L, M, ?",P,O,M,N,N,Logical,Easy
Choose the synonym of 'bright'.,small,weak,smart,late,smart,Verbal,Easy
"If 3 workers finish a task in 2 days, how many worker-days are needed?",11,6,4,8,6,Puzzle,Hard
What is 99 + 22?,119,124,128,121,121,Quantitative,Easy
What is the square of 7?,54,49,50,48,49,Quantitative,Hard
"Find the next letter in the series: H, I, J, ?",M,J,K,L,K,Logical,Easy
Choose the synonym of 'benefit'.,weak,small,advantage,late,advantage,Verbal,Easy
"If 10 workers finish a task in 3 days, how many worker-days are needed?",35,28,30,32,30,Puzzle,Hard
What is 86 + 76?,165,160,162,169,162,Quantitative,Easy
What is the square of 15?,226,224,225,230,225,Quantitative,Medium
"Find the next letter in the series: H, I, J, ?",K,M,J,L,K,Logical,Easy
Choose the synonym of 'bright'.,late,small,smart,weak,smart,Verbal,Hard
"If 8 workers finish a task in 3 days, how many worker-days are needed?",24,26,29,22,24,Puzzle,Easy
What is 21 + 10?,29,38,34,31,31,Quantitative,Easy
What is the square of 14?,195,201,197,196,196,Quantitative,Easy
"Find the next letter in the series: S, T, U, ?",U,W,X,V,V,Logical,Easy
Choose the synonym of 'rapid'.,weak,small,fast,late,fast,Verbal,Easy
"If 7 workers finish a task in 10 days, how many worker-days are needed?",75,72,70,68,70,Puzzle,Hard
What is 85 + 31?,123,119,114,116,116,Quantitative,Medium
What is the square of 18?,323,325,329,324,324,Quantitative,Hard
"Find the next letter in the series: R, S, T, ?",V,U,W,T,U,Logical,Hard
Choose the synonym of 'ancient'.,late,small,weak,old,old,Verbal,Medium
"If 7 workers finish a task in 5 days, how many worker-days are needed?",35,40,33,37,35,Puzzle,Hard
What is 88 + 97?,188,183,185,192,185,Quantitative,Medium
What is the square of 20?,405,401,400,399,400,Quantitative,Medium
"Find the next letter in the series: N, O, P, ?",S,R,Q,P,Q,Logical,Hard
Choose the synonym of 'honest'.,late,small,weak,truthful,truthful,Verbal,Hard
"If 3 workers finish a task in 6 days, how many worker-days are needed?",20,16,18,23,18,Puzzle,Hard
What is 46 + 95?,144,139,141,148,141,Quantitative,Medium
What is the square of 6?,41,36,37,35,36,Quantitative,Hard
"Find the next letter in the series: Q, R, S, ?",S,T,V,U,T,Logical,Medium
Choose the synonym of 'benefit'.,weak,late,advantage,small,advantage,Verbal,Hard
"If 9 workers finish a task in 3 days, how many worker-days are needed?",25,29,27,32,27,Puzzle,Easy
What is 23 + 35?,56,65,58,61,58,Quantitative,Hard
What is the square of 6?,36,41,37,35,36,Quantitative,Hard
"Find the next letter in the series: E, F, G, ?",G,H,I,J,H,Logical,Medium
Choose the synonym of 'honest'.,truthful,weak,late,small,truthful,Verbal,Medium
"If 2 workers finish a task in 9 days, how many worker-days are needed?",20,23,18,16,18,Puzzle,Hard
What is 64 + 65?,136,129,127,132,129,Quantitative,Easy
What is the square of 14?,196,201,197,195,196,Quantitative,Hard
"Find the next letter in the series: A, B, C, ?",F,E,C,D,D,Logical,Easy
Choose the synonym of 'ancient'.,weak,small,late,old,old,Verbal,Medium
"If 5 workers finish a task in 9 days, how many worker-days are needed?",47,45,50,43,45,Puzzle,Easy
What is 46 + 46?,95,90,99,92,92,Quantitative,Easy
What is the square of 12?,143,145,144,149,144,Quantitative,Medium
"Find the next letter in the series: R, S, T, ?",U,T,W,V,U,Logical,Easy
Choose the synonym of 'bright'.,late,weak,smart,small,smart,Verbal,Medium
"If 5 workers finish a task in 2 days, how many worker-days are needed?",10,12,8,15,10,Puzzle,Hard
What is 44 + 70?,117,114,121,112,114,Quantitative,Medium
What is the square of 10?,101,100,99,105,100,Quantitative,Hard
"Find the next letter in the series: I, J, K, ?",K,M,L,N,L,Logical,Easy
Choose the synonym of 'ancient'.,late,small,weak,old,old,Verbal,Hard
"If 3 workers finish a task in 3 days, how many worker-days are needed?",7,14,9,11,9,Puzzle,Medium
What is 51 + 29?,80,87,83,78,80,Quantitative,Medium
What is the square of 16?,257,255,256,261,256,Quantitative,Medium
"Find the next letter in the series: R, S, T, ?",W,V,T,U,U,Logical,Hard
Choose the synonym of 'honest'.,truthful,late,weak,small,truthful,Verbal,Easy
"If 5 workers finish a task in 10 days, how many worker-days are needed?",52,48,50,55,50,Puzzle,Medium
What is 94 + 88?,189,180,182,185,182,Quantitative,Easy
What is the square of 11?,120,122,121,126,121,Quantitative,Hard
"Find the next letter in the series: P, Q, R, ?",T,U,S,R,S,Logical,Medium
Choose the synonym of 'benefit'.,advantage,small,weak,late,advantage,Verbal,Hard
"If 2 workers finish a task in 8 days, how many worker-days are needed?",16,18,21,14,16,Puzzle,Hard
What is 52 + 61?,116,120,113,111,113,Quantitative,Hard
What is the square of 4?,15,21,17,16,16,Quantitative,Easy
"Find the next letter in the series: S, T, U, ?",W,V,X,U,V,Logical,Hard
Choose the synonym of 'honest'.,small,truthful,late,weak,truthful,Verbal,Hard
"If 4 workers finish a task in 7 days, how many worker-days are needed?",33,30,28,26,28,Puzzle,Medium
What is 13 + 54?,65,74,70,67,67,Quantitative,Medium
What is the square of 5?,30,24,25,26,25,Quantitative,Medium
"Find the next letter in the series: H, I, J, ?",M,K,J,L,K,Logical,Hard
Choose the synonym of 'bright'.,late,weak,smart,small,smart,Verbal,Easy
"If 9 workers finish a task in 6 days, how many worker-days are needed?",59,56,54,52,54,Puzzle,Easy
What is 92 + 74?,169,166,173,164,166,Quantitative,Medium
What is the square of 8?,69,63,64,65,64,Quantitative,Medium
"Find the next letter in the series: B, C, D, ?",E,F,G,D,E,Logical,Medium
Choose the synonym of 'rapid'.,fast,small,late,weak,fast,Verbal,Easy
"If 7 workers finish a task in 5 days, how many worker-days are needed?",37,35,33,40,35,Puzzle,Medium
What is 38 + 50?,88,86,95,91,88,Quantitative,Medium
What is the square of 7?,48,49,50,54,49,Quantitative,Easy
"Find the next letter in the series: H, I, J, ?",K,M,J,L,K,Logical,Easy
Choose the synonym of 'honest'.,late,truthful,weak,small,truthful,Verbal,Medium
"If 7 workers finish a task in 3 days, how many worker-days are needed?",26,23,19,21,21,Puzzle,Easy
What is 42 + 38?,80,78,87,83,80,Quantitative,Hard
What is the square of 17?,290,294,289,288,289,Quantitative,Easy
"Find the next letter in the series: C, D, E, ?",F,E,H,G,F,Logical,Hard
Choose the synonym of 'ancient'.,late,old,small,weak,old,Verbal,Hard
"If 6 workers finish a task in 2 days, how many worker-days are needed?",17,12,14,10,12,Puzzle,Hard
What is 11 + 61?,75,70,79,72,72,Quantitative,Hard
What is the square of 20?,405,400,401,399,400,Quantitative,Easy
"Find the next letter in the series: P, Q, R, ?",T,U,R,S,S,Logical,Medium
Choose the synonym of 'bright'.,small,weak,late,smart,smart,Verbal,Medium
"If 7 workers finish a task in 6 days, how many worker-days are needed?",40,42,44,47,42,Puzzle,Medium
What is 77 + 47?,127,124,131,122,124,Quantitative,Easy
What is the square of 9?,81,82,86,80,81,Quantitative,Hard
"Find the next letter in the series: G, H, I, ?",I,K,L,J,J,Logical,Hard
Choose the synonym of 'bright'.,late,weak,small,smart,smart,Verbal,Medium
"If 9 workers finish a task in 5 days, how many worker-days are needed?",50,47,43,45,45,Puzzle,Easy
What is 95 + 86?,184,179,181,188,181,Quantitative,Hard
What is the square of 4?,15,21,17,16,16,Quantitative,Easy
"Find the next letter in the series: B, C, D, ?",E,G,F,D,E,Logical,Easy
Choose the synonym of 'rapid'.,weak,small,late,fast,fast,Verbal,Medium
"If 9 workers finish a task in 5 days, how many worker-days are needed?",43,45,47,50,45,Puzzle,Easy
What is 76 + 53?,127,136,129,132,129,Quantitative,Medium
What is the square of 19?,361,366,360,362,361,Quantitative,Medium
"Find the next letter in the series: E, F, G, ?",I,J,G,H,H,Logical,Easy
Choose the synonym of 'bright'.,small,smart,weak,late,smart,Verbal,Hard
"If 8 workers finish a task in 7 days, how many worker-days are needed?",56,61,58,54,56,Puzzle,Hard
What is 85 + 31?,119,116,114,123,116,Quantitative,Easy
What is the square of 5?,25,30,26,24,25,Quantitative,Medium
"Find the next letter in the series: L, M, N, ?",Q,P,N,O,O,Logical,Medium
Choose the synonym of 'honest'.,truthful,late,small,weak,truthful,Verbal,Easy
"If 5 workers finish a task in 2 days, how many worker-days are needed?",8,15,10,12,10,Puzzle,Easy
What is 40 + 87?,134,130,125,127,127,Quantitative,Medium
What is the square of 9?,82,81,80,86,81,Quantitative,Hard
"Find the next letter in the series: N, O, P, ?",S,P,Q,R,Q,Logical,Easy
Choose the synonym of 'bright'.,small,late,smart,weak,smart,Verbal,Medium
"If 4 workers finish a task in 10 days, how many worker-days are needed?",45,42,38,40,40,Puzzle,Medium
What is 64 + 63?,130,125,134,127,127,Quantitative,Hard
What is the square of 6?,37,36,41,35,36,Quantitative,Medium
"Find the next letter in the series: H, I, J, ?",J,K,M,L,K,Logical,Hard
Choose the synonym of 'benefit'.,advantage,late,weak,small,advantage,Verbal,Medium
"If 2 workers finish a task in 2 days, how many worker-days are needed?",6,9,2,4,4,Puzzle,Medium
What is 35 + 37?,75,72,79,70,72,Quantitative,Easy
What is the square of 18?,324,329,323,325,324,Quantitative,Hard
"Find the next letter in the series: L, M, N, ?",Q,P,O,N,O,Logical,Hard
Choose the synonym of 'rapid'.,late,fast,weak,small,fast,Verbal,Easy
"If 3 workers finish a task in 4 days, how many worker-days are needed?",14,17,12,10,12,Puzzle,Easy
What is 10 + 52?,62,69,65,60,62,Quantitative,Easy
What is the square of 7?,50,48,49,54,49,Quantitative,Medium
"Find the next letter in the series: O, P, Q, ?",Q,R,T,S,R,Logical,Medium
Choose the synonym of 'bright'.,small,weak,late,smart,smart,Verbal,Easy
"If 8 workers finish a task in 7 days, how many worker-days are needed?",58,56,54,61,56,Puzzle,Medium
What is 35 + 13?,55,48,46,51,48,Quantitative,Easy
What is the square of 5?,25,30,24,26,25,Quantitative,Easy
"Find the next letter in the series: A, B, C, ?",C,E,D,F,D,Logical,Medium
Choose the synonym of 'ancient'.,old,small,weak,late,old,Verbal,Hard
"If 2 workers finish a task in 4 days, how many worker-days are needed?",6,13,8,10,8,Puzzle,Medium
What is 53 + 65?,125,121,118,116,118,Quantitative,Easy
What is the square of 18?,325,323,324,329,324,Quantitative,Medium
"Find the next letter in the series: O, P, Q, ?",R,Q,T,S,R,Logical,Easy
Choose the synonym of 'rapid'.,weak,small,late,fast,fast,Verbal,Medium
"If 2 workers finish a task in 10 days, how many worker-days are needed?",20,22,18,25,20,Puzzle,Medium
What is 84 + 43?,134,130,125,127,127,Quantitative,Hard
What is the square of 20?,405,401,400,399,400,Quantitative,Hard
"Find the next letter in the series: N, O, P, ?",R,P,Q,S,Q,Logical,Hard
Choose the synonym of 'rapid'.,late,small,fast,weak,fast,Verbal,Medium
"If 10 workers finish a task in 6 days, how many worker-days are needed?",62,60,65,58,60,Puzzle,Medium
What is 55 + 65?,123,120,127,118,120,Quantitative,Easy
What is the square of 3?,10,14,8,9,9,Quantitative,Medium
"Find the next letter in the series: L, M, N, ?",N,P,O,Q,O,Logical,Medium
Choose the synonym of 'honest'.,truthful,late,small,weak,truthful,Verbal,Medium
"If 4 workers finish a task in 9 days, how many worker-days are needed?",36,38,41,34,36,Puzzle,Easy
What is 54 + 97?,151,158,154,149,151,Quantitative,Hard
What is the square of 12?,149,144,143,145,144,Quantitative,Hard
"Find the next letter in the series: H, I, J, ?",M,L,J,K,K,Logical,Hard
Choose the synonym of 'benefit'.,small,advantage,weak,late,advantage,Verbal,Easy
"If 9 workers finish a task in 10 days, how many worker-days are needed?",95,90,92,88,90,Puzzle,Hard
What is 78 + 45?,130,126,123,121,123,Quantitative,Easy
What is the square of 13?,168,174,169,170,169,Quantitative,Easy
"Find the next letter in the series: U, V, W, ?",X,Y,W,Z,X,Logical,Medium
Choose the synonym of 'ancient'.,late,old,weak,small,old,Verbal,Hard
"If 8 workers finish a task in 4 days, how many worker-days are needed?",30,34,32,37,32,Puzzle,Easy
What is 66 + 74?,140,138,147,143,140,Quantitative,Easy
What is the square of 7?,50,49,48,54,49,Quantitative,Medium
"Find the next letter in the series: D, E, F, ?",G,I,H,F,G,Logical,Hard
Choose the synonym of 'rapid'.,small,fast,weak,late,fast,Verbal,Hard
"If 4 workers finish a task in 4 days, how many worker-days are needed?",16,21,14,18,16,Puzzle,Hard
What is 64 + 69?,133,131,136,140,133,Quantitative,Medium
What is the square of 11?,120,121,126,122,121,Quantitative,Medium
"Find the next letter in the series: E, F, G, ?",I,J,H,G,H,Logical,Easy
Choose the synonym of 'rapid'.,fast,weak,late,small,fast,Verbal,Easy
"If 4 workers finish a task in 2 days, how many worker-days are needed?",8,6,10,13,8,Puzzle,Medium
What is 77 + 56?,131,140,133,136,133,Quantitative,Medium
What is the square of 11?,121,122,120,126,121,Quantitative,Hard
"Find the next letter in the series: C, D, E, ?",F,G,E,H,F,Logical,Medium
Choose the synonym of 'benefit'.,small,advantage,weak,late,advantage,Verbal,Medium
"If 7 workers finish a task in 4 days, how many worker-days are needed?",30,26,33,28,28,Puzzle,Hard
What is 98 + 15?,113,116,120,111,113,Quantitative,Easy
What is the square of 17?,290,288,289,294,289,Quantitative,Hard
"Find the next letter in the series: J, K, L, ?",M,N,L,O,M,Logical,Hard
Choose the synonym of 'benefit'.,small,advantage,weak,late,advantage,Verbal,Hard
"If 9 workers finish a task in 3 days, how many worker-days are needed?",27,32,25,29,27,Puzzle,Medium
What is 50 + 11?,68,64,61,59,61,Quantitative,Medium
What is the square of 18?,329,325,324,323,324,Quantitative,Hard
"Find the next letter in the series: G, H, I, ?",L,K,I,J,J,Logical,Hard
Choose the synonym of 'rapid'.,weak,small,late,fast,fast,Verbal,Easy
"If 2 workers finish a task in 9 days, how many worker-days are needed?",20,18,23,16,18,Puzzle,Easy
What is 20 + 23?,46,50,41,43,43,Quantitative,Medium
What is the square of 5?,26,25,24,30,25,Quantitative,Easy
"Find the next letter in the series: L, M, N, ?",N,O,Q,P,O,Logical,Medium
Choose the synonym of 'honest'.,weak,truthful,small,late,truthful,Verbal,Hard
"If 7 workers finish a task in 8 days, how many worker-days are needed?",58,54,56,61,56,Puzzle,Medium
What is 72 + 98?,173,177,170,168,170,Quantitative,Easy
What is the square of 9?,81,80,82,86,81,Quantitative,Hard
"Find the next letter in the series: B, C, D, ?",D,F,G,E,E,Logical,Easy
Choose the synonym of 'rapid'.,fast,small,late,weak,fast,Verbal,Medium
"If 2 workers finish a task in 8 days, how many worker-days are needed?",14,18,21,16,16,Puzzle,Medium
What is 10 + 49?,57,62,66,59,59,Quantitative,Hard
What is the square of 16?,257,256,261,255,256,Quantitative,Easy
"Find the next letter in the series: L, M, N, ?",Q,P,O,N,O,Logical,Medium
Choose the synonym of 'benefit'.,small,late,advantage,weak,advantage,Verbal,Hard
"If 7 workers finish a task in 8 days, how many worker-days are needed?",61,56,58,54,56,Puzzle,Hard
What is 53 + 62?,118,115,122,113,115,Quantitative,Medium
What is the square of 5?,26,30,24,25,25,Quantitative,Easy
"Find the next letter in the series: T, U, V, ?",Y,W,X,V,W,Logical,Medium
Choose the synonym of 'honest'.,late,truthful,weak,small,truthful,Verbal,Hard
"If 9 workers finish a task in 5 days, how many worker-days are needed?",50,45,47,43,45,Puzzle,Easy
What is 72 + 87?,162,157,166,159,159,Quantitative,Hard
What is the square of 8?,65,69,63,64,64,Quantitative,Easy
"Find the next letter in the series: E, F, G, ?",H,I,J,G,H,Logical,Hard
Choose the synonym of 'honest'.,small,late,weak,truthful,truthful,Verbal,Medium
"If 5 workers finish a task in 3 days, how many worker-days are needed?",13,20,15,17,15,Puzzle,Easy
What is 31 + 28?,57,66,62,59,59,Quantitative,Medium
What is the square of 14?,201,197,196,195,196,Quantitative,Medium
"Find the next letter in the series: G, H, I, ?",I,K,L,J,J,Logical,Medium
Choose the synonym of 'ancient'.,weak,small,late,old,old,Verbal,Hard
"If 6 workers finish a task in 2 days, how many worker-days are needed?",17,14,12,10,12,Puzzle,Easy
What is 90 + 41?,138,129,134,131,131,Quantitative,Easy
What is the square of 16?,261,255,256,257,256,Quantitative,Hard
"Find the next letter in the series: A, B, C, ?",E,D,C,F,D,Logical,Easy
Choose the synonym of 'bright'.,small,late,smart,weak,smart,Verbal,Medium
"If 6 workers finish a task in 2 days, how many worker-days are needed?",17,10,14,12,12,Puzzle,Medium
What is 78 + 11?,92,96,89,87,89,Quantitative,Easy
What is the square of 9?,81,80,82,86,81,Quantitative,Hard
"Find the next letter in the series: G, H, I, ?",I,L,K,J,J,Logical,Medium
Choose the synonym of 'ancient'.,old,late,small,weak,old,Verbal,Easy
"If 5 workers finish a task in 6 days, how many worker-days are needed?",28,30,32,35,30,Puzzle,Medium
What is 92 + 40?,139,130,132,135,132,Quantitative,Hard
What is the square of 14?,197,196,201,195,196,Quantitative,Easy
"Find the next letter in the series: D, E, F, ?",I,G,H,F,G,Logical,Medium
Choose the synonym of 'benefit'.,advantage,late,small,weak,advantage,Verbal,Hard
"If 5 workers finish a task in 8 days, how many worker-days are needed?",38,40,45,42,40,Puzzle,Medium
What is 46 + 45?,94,98,91,89,91,Quantitative,Medium
What is the square of 16?,255,257,261,256,256,Quantitative,Hard
"Find the next letter in the series: K, L, M, ?",P,O,N,M,N,Logical,Easy
Choose the synonym of 'bright'.,weak,late,small,smart,smart,Verbal,Easy
"If 7 workers finish a task in 2 days, how many worker-days are needed?",12,14,16,19,14,Puzzle,Medium
What is 48 + 31?,79,77,82,86,79,Quantitative,Easy
What is the square of 20?,405,401,400,399,400,Quantitative,Medium
"Find the next letter in the series: O, P, Q, ?",R,Q,S,T,R,Logical,Hard
Choose the synonym of 'ancient'.,old,weak,late,small,old,Verbal,Hard
"If 6 workers finish a task in 9 days, how many worker-days are needed?",59,54,52,56,54,Puzzle,Hard
What is 25 + 87?,119,115,112,110,112,Quantitative,Easy
What is the square of 15?,226,224,230,225,225,Quantitative,Medium
"Find the next letter in the series: N, O, P, ?",S,P,Q,R,Q,Logical,Easy
Choose the synonym of 'ancient'.,weak,old,late,small,old,Verbal,Medium
"If 2 workers finish a task in 2 days, how many worker-days are needed?",4,2,6,9,4,Puzzle,Medium
What is 72 + 32?,102,107,104,111,104,Quantitative,Easy
What is the square of 9?,86,82,80,81,81,Quantitative,Easy
"Find the next letter in the series: E, F, G, ?",H,J,G,I,H,Logical,Medium
Choose the synonym of 'ancient'.,weak,small,old,late,old,Verbal,Medium
"If 4 workers finish a task in 9 days, how many worker-days are needed?",38,41,34,36,36,Puzzle,Easy
What is 62 + 28?,93,97,88,90,90,Quantitative,Hard
What is the square of 5?,24,30,26,25,25,Quantitative,Medium
"Find the next letter in the series: D, E, F, ?",I,F,H,G,G,Logical,Medium
Choose the synonym of 'honest'.,late,weak,small,truthful,truthful,Verbal,Easy
"If 9 workers finish a task in 10 days, how many worker-days are needed?",92,88,90,95,90,Puzzle,Easy
What is 85 + 88?,171,180,173,176,173,Quantitative,Medium
What is the square of 18?,324,325,329,323,324,Quantitative,Hard
"Find the next letter in the series: F, G, H, ?",K,J,H,I,I,Logical,Hard
Choose the synonym of 'bright'.,small,smart,weak,late,smart,Verbal,Hard
"If 8 workers finish a task in 6 days, how many worker-days are needed?",53,48,50,46,48,Puzzle,Easy
What is 17 + 29?,49,53,46,44,46,Quantitative,Hard
What is the square of 8?,63,64,69,65,64,Quantitative,Hard
"Find the next letter in the series: Q, R, S, ?",U,T,V,S,T,Logical,Easy
Choose the synonym of 'bright'.,small,late,weak,smart,smart,Verbal,Easy
"If 5 workers finish a task in 7 days, how many worker-days are needed?",35,40,33,37,35,Puzzle,Medium
What is 27 + 25?,50,59,52,55,52,Quantitative,Hard
What is the square of 3?,9,14,10,8,9,Quantitative,Easy
"Find the next letter in the series: P, Q, R, ?",R,T,U,S,S,Logical,Hard
Choose the synonym of 'ancient'.,weak,late,old,small,old,Verbal,Easy
"If 8 workers finish a task in 4 days, how many worker-days are needed?",37,30,34,32,32,Puzzle,Hard
What is 48 + 15?,63,66,61,70,63,Quantitative,Easy
What is the square of 8?,64,69,63,65,64,Quantitative,Medium
"Find the next letter in the series: O, P, Q, ?",R,T,Q,S,R,Logical,Medium
Choose the synonym of 'bright'.,late,weak,smart,small,smart,Verbal,Hard
"If 9 workers finish a task in 2 days, how many worker-days are needed?",23,20,16,18,18,Puzzle,Easy
What is 73 + 15?,95,86,88,91,88,Quantitative,Medium
What is the square of 18?,329,324,323,325,324,Quantitative,Hard
"Find the next letter in the series: J, K, L, ?",N,M,L,O,M,Logical,Hard
Choose the synonym of 'bright'.,late,smart,weak,small,smart,Verbal,Hard
"If 4 workers finish a task in 8 days, how many worker-days are needed?",37,34,30,32,32,Puzzle,Medium
What is 24 + 69?,100,96,91,93,93,Quantitative,Easy
What is the square of 12?,145,149,143,144,144,Quantitative,Hard
"Find the next letter in the series: G, H, I, ?",L,J,I,K,J,Logical,Medium
Choose the synonym of 'ancient'.,small,old,late,weak,old,Verbal,Easy
"If 2 workers finish a task in 7 days, how many worker-days are needed?",12,16,19,14,14,Puzzle,Easy
What is 39 + 61?,103,107,100,98,100,Quantitative,Medium
What is the square of 14?,197,196,195,201,196,Quantitative,Easy
"Find the next letter in the series: L, M, N, ?",O,Q,N,P,O,Logical,Hard
Choose the synonym of 'ancient'.,late,old,weak,small,old,Verbal,Medium
"If 6 workers finish a task in 6 days, how many worker-days are needed?",34,36,38,41,36,Puzzle,Easy
What is 93 + 66?,157,166,162,159,159,Quantitative,Medium
What is the square of 18?,324,325,329,323,324,Quantitative,Easy
"Find the next letter in the series: S, T, U, ?",W,X,U,V,V,Logical,Medium
Choose the synonym of 'ancient'.,late,small,weak,old,old,Verbal,Medium
"If 5 workers finish a task in 9 days, how many worker-days are needed?",45,43,50,47,45,Puzzle,Hard
What is 34 + 23?,64,60,57,55,57,Quantitative,Medium
What is the square of 10?,101,100,99,105,100,Quantitative,Medium
"Find the next letter in the series: L, M, N, ?",N,Q,O,P,O,Logical,Medium
Choose the synonym of 'honest'.,weak,late,truthful,small,truthful,Verbal,Medium
"If 5 workers finish a task in 10 days, how many worker-days are needed?",50,55,52,48,50,Puzzle,Hard
What is 71 + 49?,123,120,127,118,120,Quantitative,Easy
What is the square of 17?,290,288,289,294,289,Quantitative,Hard
"Find the next letter in the series: R, S, T, ?",T,W,V,U,U,Logical,Easy
Choose the synonym of 'benefit'.,weak,small,advantage,late,advantage,Verbal,Easy
"If 10 workers finish a task in 4 days, how many worker-days are needed?",40,45,42,38,40,Puzzle,Medium
What is 46 + 67?,113,111,116,120,113,Quantitative,Easy
What is the square of 15?,225,230,226,224,225,Quantitative,Easy
"Find the next letter in the series: H, I, J, ?",K,L,J,M,K,Logical,Easy
Choose the synonym of 'ancient'.,small,late,old,weak,old,Verbal,Hard
"If 8 workers finish a task in 4 days, how many worker-days are needed?",34,30,37,32,32,Puzzle,Medium
What is 44 + 80?,122,124,131,127,124,Quantitative,Medium
What is the square of 3?,9,10,14,8,9,Quantitative,Medium
"Find the next letter in the series: U, V, W, ?",Z,Y,W,X,X,Logical,Easy
Choose the synonym of 'bright'.,weak,small,late,smart,smart,Verbal,Hard
"If 2 workers finish a task in 2 days, how many worker-days are needed?",6,4,9,2,4,Puzzle,Hard
What is 66 + 85?,151,158,149,154,151,Quantitative,Medium
What is the square of 14?,196,195,201,197,196,Quantitative,Easy
"Find the next letter in the series: Q, R, S, ?",U,V,S,T,T,Logical,Medium
Choose the synonym of 'rapid'.,weak,late,fast,small,fast,Verbal,Medium
"If 9 workers finish a task in 3 days, how many worker-days are needed?",32,27,29,25,27,Puzzle,Hard
What is 42 + 72?,112,117,121,114,114,Quantitative,Easy
What is the square of 10?,100,101,99,105,100,Quantitative,Medium
"Find the next letter in the series: B, C, D, ?",D,F,G,E,E,Logical,Easy
Choose the synonym of 'honest'.,truthful,small,weak,late,truthful,Verbal,Hard
"If 9 workers finish a task in 10 days, how many worker-days are needed?",90,95,88,92,90,Puzzle,Easy
What is 78 + 17?,98,95,93,102,95,Quantitative,Easy
What is the square of 12?,144,149,143,145,144,Quantitative,Hard
"Find the next letter in the series: L, M, N, ?",Q,P,O,N,O,Logical,Easy
Choose the synonym of 'rapid'.,small,weak,fast,late,fast,Verbal,Medium
"If 3 workers finish a task in 5 days, how many worker-days are needed?",17,15,20,13,15,Puzzle,Medium
What is 22 + 60?,85,80,82,89,82,Quantitative,Hard
What is the square of 12?,145,149,144,143,144,Quantitative,Easy
"Find the next letter in the series: O, P, Q, ?",R,Q,T,S,R,Logical,Hard
Choose the synonym of 'ancient'.,old,small,late,weak,old,Verbal,Easy
"If 3 workers finish a task in 3 days, how many worker-days are needed?",9,14,7,11,9,Puzzle,Medium
What is 68 + 75?,146,143,141,150,143,Quantitative,Medium
What is the square of 12?,144,145,149,143,144,Quantitative,Easy
"Find the next letter in the series: P, Q, R, ?",U,R,T,S,S,Logical,Hard
Choose the synonym of 'ancient'.,old,small,weak,late,old,Verbal,Hard
"If 2 workers finish a task in 10 days, how many worker-days are needed?",18,20,22,25,20,Puzzle,Easy
What is 53 + 17?,68,73,70,77,70,Quantitative,Easy
What is the square of 16?,261,257,255,256,256,Quantitative,Medium
"Find the next letter in the series: F, G, H, ?",I,H,J,K,I,Logical,Hard
Choose the synonym of 'bright'.,smart,weak,late,small,smart,Verbal,Medium
"If 10 workers finish a task in 4 days, how many worker-days are needed?",45,42,40,38,40,Puzzle,Easy
What is 95 + 17?,115,119,110,112,112,Quantitative,Medium
What is the square of 6?,35,37,36,41,36,Quantitative,Easy
"Find the next letter in the series: P, Q, R, ?",U,S,R,T,S,Logical,Hard
Choose the synonym of 'bright'.,smart,weak,late,small,smart,Verbal,Easy
"If 8 workers finish a task in 6 days, how many worker-days are needed?",53,46,50,48,48,Puzzle,Medium
What is 42 + 10?,52,50,59,55,52,Quantitative,Hard
What is the square of 17?,289,290,294,288,289,Quantitative,Easy
"Find the next letter in the series: R, S, T, ?",W,V,U,T,U,Logical,Medium
Choose the synonym of 'rapid'.,small,late,weak,fast,fast,Verbal,Easy
"If 5 workers finish a task in 9 days, how many worker-days are needed?",43,45,47,50,45,Puzzle,Easy
What is 43 + 85?,135,131,126,128,128,Quantitative,Medium
What is the square of 6?,41,37,36,35,36,Quantitative,Easy
"Find the next letter in the series: U, V, W, ?",X,W,Z,Y,X,Logical,Easy
Choose the synonym of 'bright'.,small,late,smart,weak,smart,Verbal,Hard
"If 7 workers finish a task in 6 days, how many worker-days are needed?",47,40,42,44,42,Puzzle,Easy
What is 89 + 95?,184,182,187,191,184,Quantitative,Medium
What is the square of 9?,86,80,81,82,81,Quantitative,Easy
"Find the next letter in the series: E, F, G, ?",H,J,I,G,H,Logical,Easy
Choose the synonym of 'rapid'.,weak,late,small,fast,fast,Verbal,Medium
"If 3 workers finish a task in 9 days, how many worker-days are needed?",25,29,27,32,27,Puzzle,Medium
What is 28 + 22?,53,50,48,57,50,Quantitative,Medium
What is the square of 19?,361,360,366,362,361,Quantitative,Medium
"Find the next letter in the series: B, C, D, ?",D,G,F,E,E,Logical,Easy
Choose the synonym of 'benefit'.,weak,advantage,late,small,advantage,Verbal,Hard
"If 4 workers finish a task in 7 days, how many worker-days are needed?",28,26,33,30,28,Puzzle,Easy
What is 10 + 74?,87,91,84,82,84,Quantitative,Easy
What is the square of 13?,170,168,174,169,169,Quantitative,Medium
"Find the next letter in the series: M, N, O, ?",Q,P,O,R,P,Logical,Easy
Choose the synonym of 'honest'.,weak,late,truthful,small,truthful,Verbal,Easy
"If 6 workers finish a task in 7 days, how many worker-days are needed?",44,47,40,42,42,Puzzle,Medium
What is 87 + 96?,190,183,181,186,183,Quantitative,Hard
What is the square of 12?,144,143,145,149,144,Quantitative,Easy
"Find the next letter in the series: C, D, E, ?",H,F,E,G,F,Logical,Medium
Choose the synonym of 'bright'.,smart,late,weak,small,smart,Verbal,Easy
"If 5 workers finish a task in 9 days, how many worker-days are needed?",45,50,43,47,45,Puzzle,Medium
What is 93 + 27?,118,123,120,127,120,Quantitative,Easy
What is the square of 17?,294,288,289,290,289,Quantitative,Medium
"Find the next letter in the series: D, E, F, ?",H,G,F,I,G,Logical,Hard
Choose the synonym of 'rapid'.,small,late,weak,fast,fast,Verbal,Medium
"If 4 workers finish a task in 4 days, how many worker-days are needed?",14,18,16,21,16,Puzzle,Easy
What is 22 + 80?,105,102,100,109,102,Quantitative,Hard
What is the square of 12?,145,143,144,149,144,Quantitative,Hard
"Find the next letter in the series: S, T, U, ?",W,V,X,U,V,Logical,Easy
Choose the synonym of 'rapid'.,small,fast,weak,late,fast,Verbal,Hard
"If 3 workers finish a task in 10 days, how many worker-days are needed?",30,32,35,28,30,Puzzle,Medium
What is 77 + 60?,140,137,144,135,137,Quantitative,Easy
What is the square of 19?,366,361,362,360,361,Quantitative,Medium
"Find the next letter in the series: N, O, P, ?",P,S,R,Q,Q,Logical,Easy
Choose the synonym of 'honest'.,weak,truthful,late,small,truthful,Verbal,Easy
"If 6 workers finish a task in 4 days, how many worker-days are needed?",24,29,26,22,24,Puzzle,Hard
What is 25 + 22?,47,50,45,54,47,Quantitative,Hard
What is the square of 3?,14,10,8,9,9,Quantitative,Hard
"Find the next letter in the series: A, B, C, ?",F,E,D,C,D,Logical,Hard
Choose the synonym of 'honest'.,truthful,small,weak,late,truthful,Verbal,Hard
"If 4 workers finish a task in 5 days, how many worker-days are needed?",25,22,18,20,20,Puzzle,Medium
What is 33 + 69?,100,105,109,102,102,Quantitative,Hard
What is the square of 5?,26,30,25,24,25,Quantitative,Hard
"Find the next letter in the series: N, O, P, ?",S,P,R,Q,Q,Logical,Hard
Choose the synonym of 'ancient'.,weak,late,old,small,old,Verbal,Easy
"If 8 workers finish a task in 9 days, how many worker-days are needed?",74,72,77,70,72,Puzzle,Easy
What is 16 + 60?,76,74,79,83,76,Quantitative,Hard
What is the square of 4?,17,15,16,21,16,Quantitative,Hard
"Find the next letter in the series: T, U, V, ?",Y,V,W,X,W,Logical,Hard
Choose the synonym of 'benefit'.,weak,small,late,advantage,advantage,Verbal,Easy
"If 4 workers finish a task in 8 days, how many worker-days are needed?",37,34,32,30,32,Puzzle,Medium
What is 98 + 88?,186,189,184,193,186,Quantitative,Medium
What is the square of 19?,362,361,360,366,361,Quantitative,Hard
"Find the next letter in the series: B, C, D, ?",G,D,E,F,E,Logical,Easy
Choose the synonym of 'rapid'.,small,late,fast,weak,fast,Verbal,Easy
"If 3 workers finish a task in 3 days, how many worker-days are needed?",14,11,7,9,9,Puzzle,Hard
What is 89 + 54?,150,143,141,146,143,Quantitative,Easy
What is the square of 3?,10,9,14,8,9,Quantitative,Hard
"Find the next letter in the series: O, P, Q, ?",Q,R,T,S,R,Logical,Medium
Choose the synonym of 'ancient'.,late,small,weak,old,old,Verbal,Easy
"If 10 workers finish a task in 5 days, how many worker-days are needed?",52,48,55,50,50,Puzzle,Medium
What is 18 + 34?,59,55,50,52,52,Quantitative,Medium
What is the square of 11?,126,122,121,120,121,Quantitative,Easy
"Find the next letter in the series: J, K, L, ?",N,M,O,L,M,Logical,Easy
Choose the synonym of 'ancient'.,late,old,weak,small,old,Verbal,Easy
"If 8 workers finish a task in 8 days, how many worker-days are needed?",64,62,66,69,64,Puzzle,Easy
What is 77 + 71?,155,151,148,146,148,Quantitative,Medium
What is the square of 4?,15,21,17,16,16,Quantitative,Medium
"Find the next letter in the series: I, J, K, ?",M,K,N,L,L,Logical,Hard
Choose the synonym of 'honest'.,small,late,weak,truthful,truthful,Verbal,Medium
"If 10 workers finish a task in 2 days, how many worker-days are needed?",18,25,22,20,20,Puzzle,Hard
What is 40 + 42?,85,89,82,80,82,Quantitative,Easy
What is the square of 20?,400,405,399,401,400,Quantitative,Medium
"Find the next letter in the series: N, O, P, ?",Q,S,R,P,Q,Logical,Medium
Choose the synonym of 'rapid'.,late,weak,small,fast,fast,Verbal,Easy
"If 8 workers finish a task in 7 days, how many worker-days are needed?",61,54,56,58,56,Puzzle,Hard
What is 48 + 75?,126,123,121,130,123,Quantitative,Hard
What is the square of 18?,324,325,329,323,324,Quantitative,Hard
"Find the next letter in the series: L, M, N, ?",P,O,N,Q,O,Logical,Medium
Choose the synonym of 'benefit'.,weak,small,advantage,late,advantage,Verbal,Easy
"If 5 workers finish a task in 7 days, how many worker-days are needed?",33,37,40,35,35,Puzzle,Hard
What is 22 + 20?,45,49,40,42,42,Quantitative,Easy
What is the square of 12?,149,145,143,144,144,Quantitative,Easy
"Find the next letter in the series: O, P, Q, ?",Q,T,R,S,R,Logical,Hard
Choose the synonym of 'honest'.,truthful,late,weak,small,truthful,Verbal,Easy
"If 3 workers finish a task in 4 days, how many worker-days are needed?",10,17,14,12,12,Puzzle,Medium
What is 75 + 47?,125,120,122,129,122,Quantitative,Medium
What is the square of 3?,10,9,8,14,9,Quantitative,Hard
"Find the next letter in the series: Q, R, S, ?",V,S,U,T,T,Logical,Easy
Choose the synonym of 'ancient'.,old,weak,small,late,old,Verbal,Medium
"If 8 workers finish a task in 7 days, how many worker-days are needed?",58,61,56,54,56,Puzzle,Easy
What is 74 + 55?,132,136,129,127,129,Quantitative,Easy
What is the square of 8?,64,69,65,63,64,Quantitative,Easy
"Find the next letter in the series: S, T, U, ?",U,V,X,W,V,Logical,Easy
Choose the synonym of 'rapid'.,fast,weak,small,late,fast,Verbal,Medium
"If 7 workers finish a task in 10 days, how many worker-days are needed?",75,72,68,70,70,Puzzle,Medium
What is 39 + 26?,65,63,72,68,65,Quantitative,Easy
What is the square of 7?,54,49,48,50,49,Quantitative,Hard
"Find the next letter in the series: R, S, T, ?",W,V,U,T,U,Logical,Medium
Choose the synonym of 'bright'.,weak,late,small,smart,smart,Verbal,Medium
"If 3 workers finish a task in 9 days, how many worker-days are needed?",27,25,29,32,27,Puzzle,Medium
What is 80 + 50?,133,130,128,137,130,Quantitative,Medium
What is the square of 16?,257,261,255,256,256,Quantitative,Easy
"Find the next letter in the series: R, S, T, ?",U,W,T,V,U,Logical,Medium
Choose the synonym of 'bright'.,late,weak,smart,small,smart,Verbal,Easy
"If 2 workers finish a task in 4 days, how many worker-days are needed?",8,6,13,10,8,Puzzle,Easy
What is 71 + 77?,155,151,146,148,148,Quantitative,Hard
What is the square of 14?,201,195,196,197,196,Quantitative,Medium
"Find the next letter in the series: U, V, W, ?",Y,X,W,Z,X,Logical,Medium
Choose the synonym of 'bright'.,late,smart,weak,small,smart,Verbal,Easy
"If 2 workers finish a task in 2 days, how many worker-days are needed?",2,4,9,6,4,Puzzle,Hard
What is 55 + 90?,152,148,145,143,145,Quantitative,Medium
What is the square of 12?,145,149,144,143,144,Quantitative,Hard
"Find the next letter in the series: H, I, J, ?",J,K,L,M,K,Logical,Easy
Choose the synonym of 'benefit'.,late,weak,small,advantage,advantage,Verbal,Easy
"If 7 workers finish a task in 4 days, how many worker-days are needed?",28,33,26,30,28,Puzzle,Easy
What is 17 + 92?,109,112,107,116,109,Quantitative,Medium
What is the square of 20?,405,401,400,399,400,Quantitative,Easy
"Find the next letter in the series: N, O, P, ?",R,P,Q,S,Q,Logical,Easy
Choose the synonym of 'benefit'.,advantage,small,weak,late,advantage,Verbal,Easy
"If 3 workers finish a task in 5 days, how many worker-days are needed?",20,13,15,17,15,Puzzle,Hard
What is 82 + 59?,141,144,148,139,141,Quantitative,Medium
What is the square of 17?,290,294,288,289,289,Quantitative,Hard
"Find the next letter in the series: I, J, K, ?",K,M,N,L,L,Logical,Easy
Choose the synonym of 'honest'.,truthful,small,weak,late,truthful,Verbal,Easy
"If 3 workers finish a task in 4 days, how many worker-days are needed?",17,10,12,14,12,Puzzle,Hard
What is 34 + 54?,95,91,88,86,88,Quantitative,Medium
What is the square of 13?,174,169,170,168,169,Quantitative,Easy
"Find the next letter in the series: J, K, L, ?",N,L,M,O,M,Logical,Medium
Choose the synonym of 'bright'.,late,small,weak,smart,smart,Verbal,Medium
"If 7 workers finish a task in 9 days, how many worker-days are needed?",68,61,63,65,63,Puzzle,Medium
What is 80 + 82?,169,162,160,165,162,Quantitative,Easy
What is the square of 20?,401,405,399,400,400,Quantitative,Hard
"Find the next letter in the series: S, T, U, ?",X,U,W,V,V,Logical,Medium
Choose the synonym of 'ancient'.,weak,late,small,old,old,Verbal,Easy
"If 3 workers finish a task in 7 days, how many worker-days are needed?",26,23,19,21,21,Puzzle,Medium
What is 47 + 88?,133,142,135,138,135,Quantitative,Hard
What is the square of 10?,105,99,101,100,100,Quantitative,Easy
"Find the next letter in the series: A, B, C, ?",F,D,C,E,D,Logical,Medium
Choose the synonym of 'benefit'.,advantage,small,late,weak,advantage,Verbal,Hard
"If 10 workers finish a task in 2 days, how many worker-days are needed?",18,25,20,22,20,Puzzle,Medium
What is 24 + 55?,82,79,86,77,79,Quantitative,Medium
What is the square of 16?,256,261,255,257,256,Quantitative,Hard
"Find the next letter in the series: K, L, M, ?",N,O,P,M,N,Logical,Easy
Choose the synonym of 'ancient'.,late,small,weak,old,old,Verbal,Easy
"If 2 workers finish a task in 8 days, how many worker-days are needed?",14,21,16,18,16,Puzzle,Easy
What is 56 + 24?,80,87,78,83,80,Quantitative,Easy
What is the square of 4?,21,16,17,15,16,Quantitative,Medium
"Find the next letter in the series: T, U, V, ?",W,X,Y,V,W,Logical,Easy
Choose the synonym of 'benefit'.,weak,late,advantage,small,advantage,Verbal,Medium
"If 3 workers finish a task in 8 days, how many worker-days are needed?",29,22,26,24,24,Puzzle,Easy
What is 56 + 38?,92,97,94,101,94,Quantitative,Medium
What is the square of 19?,361,360,362,366,361,Quantitative,Hard
"Find the next letter in the series: R, S, T, ?",T,U,W,V,U,Logical,Easy
Choose the synonym of 'honest'.,truthful,late,weak,small,truthful,Verbal,Medium
"If 10 workers finish a task in 10 days, how many worker-days are needed?",98,102,105,100,100,Puzzle,Medium
What is 63 + 64?,130,134,125,127,127,Quantitative,Easy
What is the square of 14?,196,201,197,195,196,Quantitative,Hard
"Find the next letter in the series: C, D, E, ?",F,H,G,E,F,Logical,Medium
Choose the synonym of 'benefit'.,advantage,late,small,weak,advantage,Verbal,Easy
"If 10 workers finish a task in 6 days, how many worker-days are needed?",60,62,65,58,60,Puzzle,Hard
What is 32 + 78?,110,117,113,108,110,Quantitative,Medium
What is the square of 15?,224,226,225,230,225,Quantitative,Hard
"Find the next letter in the series: G, H, I, ?",J,L,K,I,J,Logical,Medium
Choose the synonym of 'benefit'.,late,advantage,small,weak,advantage,Verbal,Easy
"If 2 workers finish a task in 5 days, how many worker-days are needed?",10,12,8,15,10,Puzzle,Hard
What is 33 + 15?,46,48,55,51,48,Quantitative,Hard
What is the square of 20?,405,400,399,401,400,Quantitative,Easy
"Find the next letter in the series: M, N, O, ?",Q,P,R,O,P,Logical,Medium
Choose the synonym of 'ancient'.,late,small,weak,old,old,Verbal,Hard
"If 10 workers finish a task in 10 days, how many worker-days are needed?",102,100,98,105,100,Puzzle,Medium
What is 99 + 60?,166,162,157,159,159,Quantitative,Hard
What is the square of 8?,63,64,69,65,64,Quantitative,Medium
"Find the next letter in the series: F, G, H, ?",J,H,K,I,I,Logical,Hard
Choose the synonym of 'benefit'.,late,small,advantage,weak,advantage,Verbal,Hard
"If 2 workers finish a task in 3 days, how many worker-days are needed?",4,8,11,6,6,Puzzle,Medium
What is 23 + 93?,116,119,114,123,116,Quantitative,Easy
What is the square of 6?,37,35,36,41,36,Quantitative,Hard
"Find the next letter in the series: T, U, V, ?",W,Y,X,V,W,Logical,Hard
Choose the synonym of 'ancient'.,weak,late,small,old,old,Verbal,Medium
"If 6 workers finish a task in 9 days, how many worker-days are needed?",52,56,59,54,54,Puzzle,Hard
What is 81 + 23?,102,111,104,107,104,Quantitative,Easy
What is the square of 6?,41,35,37,36,36,Quantitative,Easy
"Find the next letter in the series: H, I, J, ?",M,K,L,J,K,Logical,Hard
Choose the synonym of 'bright'.,weak,smart,late,small,smart,Verbal,Easy
"If 9 workers finish a task in 5 days, how many worker-days are needed?",47,50,43,45,45,Puzzle,Medium
What is 98 + 69?,170,167,165,174,167,Quantitative,Easy
What is the square of 14?,201,196,197,195,196,Quantitative,Medium
"Find the next letter in the series: L, M, N, ?",Q,N,P,O,O,Logical,Hard
Choose the synonym of 'rapid'.,weak,fast,late,small,fast,Verbal,Medium
"If 2 workers finish a task in 10 days, how many worker-days are needed?",22,25,20,18,20,Puzzle,Medium
What is 63 + 56?,126,122,119,117,119,Quantitative,Easy
What is the square of 9?,82,80,81,86,81,Quantitative,Easy
"Find the next letter in the series: D, E, F, ?",F,I,G,H,G,Logical,Hard
Choose the synonym of 'rapid'.,small,late,fast,weak,fast,Verbal,Hard
"If 7 workers finish a task in 10 days, how many worker-days are needed?",75,72,68,70,70,Puzzle,Easy
What is 31 + 27?,58,65,61,56,58,Quantitative,Hard
What is the square of 6?,35,37,41,36,36,Quantitative,Easy
"Find the next letter in the series: H, I, J, ?",M,L,K,J,K,Logical,Hard
Choose the synonym of 'bright'.,small,smart,weak,late,smart,Verbal,Medium
"If 2 workers finish a task in 4 days, how many worker-days are needed?",8,10,13,6,8,Puzzle,Easy
What is 89 + 41?,137,128,130,133,130,Quantitative,Hard
What is the square of 17?,290,294,288,289,289,Quantitative,Easy
"Find the next letter in the series: S, T, U, ?",U,W,V,X,V,Logical,Medium
Choose the synonym of 'bright'.,small,weak,late,smart,smart,Verbal,Easy
"If 6 workers finish a task in 3 days, how many worker-days are needed?",16,23,20,18,18,Puzzle,Hard
What is 43 + 20?,66,63,61,70,63,Quantitative,Hard
What is the square of 11?,126,121,120,122,121,Quantitative,Medium
"Find the next letter in the series: Q, R, S, ?",V,S,U,T,T,Logical,Easy
Choose the synonym of 'benefit'.,weak,small,advantage,late,advantage,Verbal,Medium
"If 8 workers finish a task in 3 days, how many worker-days are needed?",22,29,26,24,24,Puzzle,Hard
What is 70 + 43?,111,116,113,120,113,Quantitative,Medium
What is the square of 13?,168,169,170,174,169,Quantitative,Easy
"Find the next letter in the series: D, E, F, ?",G,I,F,H,G,Logical,Hard
Choose the synonym of 'ancient'.,late,small,old,weak,old,Verbal,Easy
"If 9 workers finish a task in 6 days, how many worker-days are needed?",56,52,59,54,54,Puzzle,Easy
What is 32 + 46?,81,85,78,76,78,Quantitative,Medium
What is the square of 16?,261,257,256,255,256,Quantitative,Medium
"Find the next letter in the series: Q, R, S, ?",V,U,S,T,T,Logical,Medium
Choose the synonym of 'bright'.,weak,small,late,smart,smart,Verbal,Medium
"If 2 workers finish a task in 7 days, how many worker-days are needed?",12,19,16,14,14,Puzzle,Medium
What is 44 + 77?,119,124,128,121,121,Quantitative,Hard
What is the square of 12?,145,143,149,144,144,Quantitative,Hard
"Find the next letter in the series: L, M, N, ?",O,P,Q,N,O,Logical,Hard
Choose the synonym of 'benefit'.,advantage,small,late,weak,advantage,Verbal,Hard
"If 8 workers finish a task in 5 days, how many worker-days are needed?",38,45,42,40,40,Puzzle,Hard
What is 25 + 56?,84,79,81,88,81,Quantitative,Easy
What is the square of 5?,26,25,24,30,25,Quantitative,Hard
"Find the next letter in the series: A, B, C, ?",C,E,D,F,D,Logical,Medium
Choose the synonym of 'benefit'.,small,advantage,late,weak,advantage,Verbal,Hard
"If 10 workers finish a task in 2 days, how many worker-days are needed?",18,25,22,20,20,Puzzle,Hard
What is 84 + 72?,159,156,154,163,156,Quantitative,Easy
What is the square of 13?,174,169,168,170,169,Quantitative,Hard
"Find the next letter in the series: R, S, T, ?",V,W,T,U,U,Logical,Medium
Choose the synonym of 'bright'.,smart,small,weak,late,smart,Verbal,Medium
"If 5 workers finish a task in 10 days, how many worker-days are needed?",52,48,55,50,50,Puzzle,Medium
What is 28 + 20?,55,46,51,48,48,Quantitative,Easy
What is the square of 16?,255,256,257,261,256,Quantitative,Easy
"Find the next letter in the series: L, M, N, ?",N,O,P,Q,O,Logical,Easy
Choose the synonym of 'benefit'.,advantage,late,small,weak,advantage,Verbal,Medium
"If 3 workers finish a task in 3 days, how many worker-days are needed?",7,11,9,14,9,Puzzle,Hard
What is 59 + 30?,92,87,96,89,89,Quantitative,Hard
What is the square of 11?,120,122,126,121,121,Quantitative,Easy
"Find the next letter in the series: A, B, C, ?",D,C,E,F,D,Logical,Hard
Choose the synonym of 'honest'.,truthful,late,weak,small,truthful,Verbal,Easy
"If 2 workers finish a task in 4 days, how many worker-days are needed?",13,6,10,8,8,Puzzle,Hard
What is 51 + 65?,116,114,119,123,116,Quantitative,Hard
What is the square of 6?,41,35,37,36,36,Quantitative,Medium
"Find the next letter in the series: B, C, D, ?",F,D,E,G,E,Logical,Easy
Choose the synonym of 'rapid'.,weak,small,fast,late,fast,Verbal,Easy
"If 4 workers finish a task in 2 days, how many worker-days are needed?",13,10,6,8,8,Puzzle,Medium
What is 20 + 17?,35,40,37,44,37,Quantitative,Easy
What is the square of 4?,17,21,15,16,16,Quantitative,Hard
"Find the next letter in the series: E, F, G, ?",I,H,G,J,H,Logical,Hard
Choose the synonym of 'rapid'.,fast,small,late,weak,fast,Verbal,Hard
"If 10 workers finish a task in 9 days, how many worker-days are needed?",90,88,95,92,90,Puzzle,Easy
What is 69 + 97?,169,166,173,164,166,Quantitative,Easy
What is the square of 6?,41,35,36,37,36,Quantitative,Medium
"Find the next letter in the series: M, N, O, ?",O,R,Q,P,P,Logical,Medium
Choose the synonym of 'bright'.,smart,weak,small,late,smart,Verbal,Easy
"If 2 workers finish a task in 10 days, how many worker-days are needed?",18,25,22,20,20,Puzzle,Hard
What is 87 + 80?,174,167,165,170,167,Quantitative,Easy
What is the square of 6?,41,37,36,35,36,Quantitative,Hard
"Find the next letter in the series: H, I, J, ?",J,K,L,M,K,Logical,Hard
Choose the synonym of 'benefit'.,weak,small,advantage,late,advantage,Verbal,Medium
"If 5 workers finish a task in 8 days, how many worker-days are needed?",38,40,42,45,40,Puzzle,Hard
What is 77 + 35?,115,119,110,112,112,Quantitative,Medium
What is the square of 7?,48,49,50,54,49,Quantitative,Hard
"Find the next letter in the series: A, B, C, ?",C,F,D,E,D,Logical,Hard
Choose the synonym of 'bright'.,small,late,weak,smart,smart,Verbal,Medium
"If 3 workers finish a task in 5 days, how many worker-days are needed?",13,20,15,17,15,Puzzle,Medium
What is 47 + 44?,91,94,98,89,91,Quantitative,Medium
What is the square of 4?,16,17,15,21,16,Quantitative,Medium
"Find the next letter in the series: N, O, P, ?",R,P,S,Q,Q,Logical,Easy
Choose the synonym of 'bright'.,weak,small,late,smart,smart,Verbal,Hard
"If 2 workers finish a task in 10 days, how many worker-days are needed?",20,18,22,25,20,Puzzle,Easy
What is 61 + 80?,148,144,141,139,141,Quantitative,Medium
What is the square of 18?,329,325,324,323,324,Quantitative,Hard
"Find the next letter in the series: B, C, D, ?",G,D,F,E,E,Logical,Medium
Choose the synonym of 'ancient'.,weak,small,late,old,old,Verbal,Easy
"If 5 workers finish a task in 8 days, how many worker-days are needed?",42,45,40,38,40,Puzzle,Easy
What is 63 + 94?,157,164,155,160,157,Quantitative,Easy
What is the square of 5?,25,24,26,30,25,Quantitative,Medium
"Find the next letter in the series: O, P, Q, ?",T,Q,S,R,R,Logical,Hard
Choose the synonym of 'honest'.,late,truthful,weak,small,truthful,Verbal,Hard
"If 10 workers finish a task in 3 days, how many worker-days are needed?",32,30,35,28,30,Puzzle,Medium
What is 85 + 14?,106,99,97,102,99,Quantitative,Medium
What is the square of 18?,324,323,325,329,324,Quantitative,Medium
"Find the next letter in the series: S, T, U, ?",V,X,U,W,V,Logical,Hard
Choose the synonym of 'benefit'.,advantage,weak,small,late,advantage,Verbal,Hard
"If 8 workers finish a task in 3 days, how many worker-days are needed?",22,29,24,26,24,Puzzle,Hard
What is 69 + 96?,172,168,165,163,165,Quantitative,Easy
What is the square of 5?,30,24,25,26,25,Quantitative,Medium
"Find the next letter in the series: B, C, D, ?",F,G,E,D,E,Logical,Medium
Choose the synonym of 'honest'.,late,small,weak,truthful,truthful,Verbal,Hard
"If 7 workers finish a task in 7 days, how many worker-days are needed?",49,51,54,47,49,Puzzle,Medium
What is 79 + 96?,178,182,173,175,175,Quantitative,Medium
What is the square of 19?,366,361,362,360,361,Quantitative,Hard
"Find the next letter in the series: A, B, C, ?",E,C,D,F,D,Logical,Hard
Choose the synonym of 'benefit'.,weak,advantage,small,late,advantage,Verbal,Medium
"If 7 workers finish a task in 5 days, how many worker-days are needed?",40,37,35,33,35,Puzzle,Hard
What is 57 + 69?,124,133,129,126,126,Quantitative,Medium
What is the square of 12?,149,144,145,143,144,Quantitative,Medium
"Find the next letter in the series: N, O, P, ?",Q,R,S,P,Q,Logical,Easy
Choose the synonym of 'ancient'.,small,old,late,weak,old,Verbal,Medium
"If 9 workers finish a task in 9 days, how many worker-days are needed?",79,86,81,83,81,Puzzle,Easy
What is 69 + 66?,142,133,138,135,135,Quantitative,Hard
What is the square of 10?,99,100,101,105,100,Quantitative,Easy
"Find the next letter in the series: A, B, C, ?",C,F,D,E,D,Logical,Hard
Choose the synonym of 'rapid'.,weak,late,small,fast,fast,Verbal,Hard
"If 8 workers finish a task in 7 days, how many worker-days are needed?",58,56,61,54,56,Puzzle,Hard
What is 26 + 24?,50,53,57,48,50,Quantitative,Easy
What is the square of 16?,257,261,255,256,256,Quantitative,Medium
"Find the next letter in the series: G, H, I, ?",L,I,K,J,J,Logical,Easy
Choose the synonym of 'bright'.,weak,smart,small,late,smart,Verbal,Medium
"If 6 workers finish a task in 10 days, how many worker-days are needed?",60,65,62,58,60,Puzzle,Easy
What is 17 + 28?,52,48,43,45,45,Quantitative,Hard
What is the square of 6?,35,37,36,41,36,Quantitative,Medium
"Find the next letter in the series: S, T, U, ?",X,U,W,V,V,Logical,Hard
Choose the synonym of 'benefit'.,weak,small,late,advantage,advantage,Verbal,Hard
"If 2 workers finish a task in 10 days, how many worker-days are needed?",18,22,20,25,20,Puzzle,Hard
What is 87 + 41?,128,135,126,131,128,Quantitative,Medium
What is the square of 13?,174,170,168,169,169,Quantitative,Hard
"Find the next letter in the series: K, L, M, ?",O,N,P,M,N,Logical,Medium
Choose the synonym of 'ancient'.,late,old,weak,small,old,Verbal,Easy
"If 10 workers finish a task in 5 days, how many worker-days are needed?",48,55,50,52,50,Puzzle,Hard
What is 44 + 99?,141,146,143,150,143,Quantitative,Medium
What is the square of 15?,226,230,225,224,225,Quantitative,Hard
"Find the next letter in the series: E, F, G, ?",G,J,H,I,H,Logical,Medium
Choose the synonym of 'ancient'.,small,old,late,weak,old,Verbal,Medium
"If 5 workers finish a task in 9 days, how many worker-days are needed?",50,43,47,45,45,Puzzle,Easy
What is 52 + 50?,109,102,100,105,102,Quantitative,Easy
What is the square of 15?,226,224,225,230,225,Quantitative,Easy
"Find the next letter in the series: U, V, W, ?",Z,X,W,Y,X,Logical,Medium
Choose the synonym of 'benefit'.,small,advantage,late,weak,advantage,Verbal,Easy
"If 5 workers finish a task in 2 days, how many worker-days are needed?",15,12,8,10,10,Puzzle,Hard
What is 25 + 33?,61,58,56,65,58,Quantitative,Medium
What is the square of 20?,399,401,405,400,400,Quantitative,Hard
"Find the next letter in the series: P, Q, R, ?",U,S,T,R,S,Logical,Hard
Choose the synonym of 'bright'.,small,smart,late,weak,smart,Verbal,Easy
"If 3 workers finish a task in 6 days, how many worker-days are needed?",23,20,18,16,18,Puzzle,Medium
What is 98 + 65?,166,163,161,170,163,Quantitative,Easy
What is the square of 8?,64,69,63,65,64,Quantitative,Easy
"Find the next letter in the series: H, I, J, ?",M,K,L,J,K,Logical,Medium
Choose the synonym of 'ancient'.,small,late,weak,old,old,Verbal,Hard
"If 8 workers finish a task in 8 days, how many worker-days are needed?",69,62,66,64,64,Puzzle,Easy
What is 11 + 23?,37,41,34,32,34,Quantitative,Easy
What is the square of 3?,10,9,14,8,9,Quantitative,Hard
"Find the next letter in the series: F, G, H, ?",K,I,J,H,I,Logical,Easy
Choose the synonym of 'ancient'.,small,weak,old,late,old,Verbal,Hard
"If 7 workers finish a task in 6 days, how many worker-days are needed?",44,47,40,42,42,Puzzle,Hard
What is 38 + 35?,76,73,71,80,73,Quantitative,Easy
What is the square of 14?,197,195,201,196,196,Quantitative,Easy
"Find the next letter in the series: L, M, N, ?",N,O,Q,P,O,Logical,Medium
Choose the synonym of 'benefit'.,weak,advantage,small,late,advantage,Verbal,Medium
"If 2 workers finish a task in 2 days, how many worker-days are needed?",2,4,6,9,4,Puzzle,Hard
What is 44 + 11?,62,53,58,55,55,Quantitative,Medium
What is the square of 14?,197,196,201,195,196,Quantitative,Hard
"Find the next letter in the series: S, T, U, ?",W,X,U,V,V,Logical,Medium
Choose the synonym of 'ancient'.,old,late,small,weak,old,Verbal,Medium
"If 3 workers finish a task in 4 days, how many worker-days are needed?",12,14,10,17,12,Puzzle,Easy
What is 48 + 49?,104,95,97,100,97,Quantitative,Easy
What is the square of 6?,37,41,36,35,36,Quantitative,Medium
"Find the next letter in the series: M, N, O, ?",Q,O,P,R,P,Logical,Medium
Choose the synonym of 'benefit'.,advantage,late,small,weak,advantage,Verbal,Easy
"If 6 workers finish a task in 4 days, how many worker-days are needed?",24,22,26,29,24,Puzzle,Hard
What is 56 + 12?,68,66,75,71,68,Quantitative,Easy
What is the square of 14?,197,201,195,196,196,Quantitative,Medium
"Find the next letter in the series: L, M, N, ?",P,N,O,Q,O,Logical,Hard
Choose the synonym of 'rapid'.,small,weak,late,fast,fast,Verbal,Easy
"If 10 workers finish a task in 9 days, how many worker-days are needed?",88,95,92,90,90,Puzzle,Easy
What is 59 + 36?,102,98,93,95,95,Quantitative,Medium
What is the square of 16?,255,256,261,257,256,Quantitative,Easy
"Find the next letter in the series: J, K, L, ?",M,O,L,N,M,Logical,Easy
Choose the synonym of 'benefit'.,late,small,advantage,weak,advantage,Verbal,Medium
"If 5 workers finish a task in 5 days, how many worker-days are needed?",23,25,30,27,25,Puzzle,Easy
What is 29 + 79?,115,111,108,106,108,Quantitative,Medium
What is the square of 3?,9,8,10,14,9,Quantitative,Easy
"Find the next letter in the series: J, K, L, ?",N,M,L,O,M,Logical,Medium
Choose the synonym of 'honest'.,truthful,weak,small,late,truthful,Verbal,Easy
"If 3 workers finish a task in 2 days, how many worker-days are needed?",11,6,8,4,6,Puzzle,Easy
What is 59 + 27?,89,86,93,84,86,Quantitative,Easy
What is the square of 13?,168,169,174,170,169,Quantitative,Easy
"Find the next letter in the series: K, L, M, ?",P,M,O,N,N,Logical,Easy
Choose the synonym of 'ancient'.,small,old,weak,late,old,Verbal,Medium
"If 8 workers finish a task in 5 days, how many worker-days are needed?",38,42,40,45,40,Puzzle,Hard
What is 45 + 51?,103,99,96,94,96,Quantitative,Easy
What is the square of 9?,86,82,80,81,81,Quantitative,Easy
"Find the next letter in the series: E, F, G, ?",H,I,G,J,H,Logical,Easy
Choose the synonym of 'bright'.,late,smart,small,weak,smart,Verbal,Easy
"If 7 workers finish a task in 6 days, how many worker-days are needed?",42,44,40,47,42,Puzzle,Hard
What is 52 + 49?,104,99,108,101,101,Quantitative,Medium
What is the square of 12?,143,144,149,145,144,Quantitative,Medium
"Find the next letter in the series: N, O, P, ?",R,Q,P,S,Q,Logical,Easy
Choose the synonym of 'rapid'.,small,weak,late,fast,fast,Verbal,Medium
"If 8 workers finish a task in 4 days, how many worker-days are needed?",34,30,32,37,32,Puzzle,Hard
What is 39 + 11?,53,50,57,48,50,Quantitative,Medium
What is the square of 15?,225,226,224,230,225,Quantitative,Medium
"Find the next letter in the series: J, K, L, ?",M,L,O,N,M,Logical,Hard
Choose the synonym of 'ancient'.,small,old,weak,late,old,Verbal,Medium
"If 6 workers finish a task in 7 days, how many worker-days are needed?",47,42,44,40,42,Puzzle,Medium
What is 17 + 31?,51,46,48,55,48,Quantitative,Easy
What is the square of 19?,362,366,361,360,361,Quantitative,Hard
"Find the next letter in the series: C, D, E, ?",F,G,E,H,F,Logical,Easy
Choose the synonym of 'rapid'.,small,weak,late,fast,fast,Verbal,Easy
"If 8 workers finish a task in 5 days, how many worker-days are needed?",38,40,45,42,40,Puzzle,Easy
What is 55 + 58?,113,111,120,116,113,Quantitative,Easy
What is the square of 19?,361,362,360,366,361,Quantitative,Easy
"Find the next letter in the series: A, B, C, ?",F,E,C,D,D,Logical,Hard
Choose the synonym of 'benefit'.,advantage,small,late,weak,advantage,Verbal,Easy
"If 6 workers finish a task in 7 days, how many worker-days are needed?",40,44,42,47,42,Puzzle,Hard
What is 66 + 12?,85,76,78,81,78,Quantitative,Medium
What is the square of 3?,14,9,8,10,9,Quantitative,Hard
"Find the next letter in the series: C, D, E, ?",H,F,G,E,F,Logical,Easy
Choose the synonym of 'bright'.,weak,late,small,smart,smart,Verbal,Easy
"If 4 workers finish a task in 3 days, how many worker-days are needed?",10,12,17,14,12,Puzzle,Medium
What is 30 + 90?,127,120,118,123,120,Quantitative,Medium
What is the square of 10?,99,101,105,100,100,Quantitative,Medium
"Find the next letter in the series: K, L, M, ?",P,N,O,M,N,Logical,Medium
Choose the synonym of 'benefit'.,late,small,advantage,weak,advantage,Verbal,Easy
"If 2 workers finish a task in 2 days, how many worker-days are needed?",4,9,2,6,4,Puzzle,Hard
What is 40 + 19?,62,59,66,57,59,Quantitative,Hard
What is the square of 15?,230,226,224,225,225,Quantitative,Medium
"Find the next letter in the series: O, P, Q, ?",Q,T,R,S,R,Logical,Medium
Choose the synonym of 'benefit'.,weak,late,advantage,small,advantage,Verbal,Medium
"If 10 workers finish a task in 8 days, how many worker-days are needed?",78,85,80,82,80,Puzzle,Easy
What is 26 + 13?,46,37,39,42,39,Quantitative,Hard
What is the square of 8?,63,65,64,69,64,Quantitative,Medium
"Find the next letter in the series: G, H, I, ?",J,I,L,K,J,Logical,Medium
Choose the synonym of 'rapid'.,late,fast,small,weak,fast,Verbal,Hard
"If 6 workers finish a task in 3 days, how many worker-days are needed?",23,20,18,16,18,Puzzle,Medium
What is 92 + 82?,174,177,181,172,174,Quantitative,Hard
What is the square of 11?,126,122,121,120,121,Quantitative,Easy
"Find the next letter in the series: T, U, V, ?",V,W,Y,X,W,Logical,Hard
Choose the synonym of 'rapid'.,weak,small,fast,late,fast,Verbal,Medium
"If 3 workers finish a task in 6 days, how many worker-days are needed?",20,23,16,18,18,Puzzle,Hard
What is 86 + 47?,131,133,136,140,133,Quantitative,Hard
What is the square of 8?,65,64,63,69,64,Quantitative,Easy
"Find the next letter in the series: I, J, K, ?",M,N,L,K,L,Logical,Hard
Choose the synonym of 'ancient'.,weak,late,old,small,old,Verbal,Easy
"If 7 workers finish a task in 6 days, how many worker-days are needed?",40,42,47,44,42,Puzzle,Medium
What is 94 + 74?,168,166,171,175,168,Quantitative,Hard
What is the square of 6?,36,35,37,41,36,Quantitative,Hard
"Find the next letter in the series: C, D, E, ?",G,F,E,H,F,Logical,Easy
Choose the synonym of 'benefit'.,small,late,advantage,weak,advantage,Verbal,Medium
"If 9 workers finish a task in 7 days, how many worker-days are needed?",68,63,65,61,63,Puzzle,Hard
What is 30 + 72?,100,109,105,102,102,Quantitative,Hard
What is the square of 11?,121,126,120,122,121,Quantitative,Medium
"Find the next letter in the series: R, S, T, ?",T,U,W,V,U,Logical,Easy
Choose the synonym of 'bright'.,smart,weak,late,small,smart,Verbal,Hard
"If 5 workers finish a task in 3 days, how many worker-days are needed?",20,15,13,17,15,Puzzle,Hard
What is 67 + 37?,104,111,107,102,104,Quantitative,Hard
What is the square of 20?,401,399,400,405,400,Quantitative,Hard
"Find the next letter in the series: T, U, V, ?",X,Y,V,W,W,Logical,Hard
Choose the synonym of 'rapid'.,late,small,weak,fast,fast,Verbal,Medium
"If 2 workers finish a task in 9 days, how many worker-days are needed?",18,16,20,23,18,Puzzle,Easy
What is 32 + 17?,49,56,52,47,49,Quantitative,Medium
What is the square of 3?,14,9,8,10,9,Quantitative,Hard
"Find the next letter in the series: F, G, H, ?",K,J,I,H,I,Logical,Hard
Choose the synonym of 'bright'.,weak,small,smart,late,smart,Verbal,Medium
"If 6 workers finish a task in 3 days, how many worker-days are needed?",23,20,18,16,18,Puzzle,Easy
What is 92 + 42?,134,141,132,137,134,Quantitative,Medium
What is the square of 19?,361,366,362,360,361,Quantitative,Medium
"Find the next letter in the series: A, B, C, ?",D,F,C,E,D,Logical,Medium
Choose the synonym of 'honest'.,truthful,late,small,weak,truthful,Verbal,Medium
"If 3 workers finish a task in 6 days, how many worker-days are needed?",16,23,20,18,18,Puzzle,Medium
What is 43 + 26?,69,67,72,76,69,Quantitative,Hard
What is the square of 12?,144,149,145,143,144,Quantitative,Medium
"Find the next letter in the series: B, C, D, ?",G,F,E,D,E,Logical,Hard
Choose the synonym of 'honest'.,small,weak,late,truthful,truthful,Verbal,Hard
"If 4 workers finish a task in 6 days, how many worker-days are needed?",26,22,24,29,24,Puzzle,Medium
What is 23 + 43?,66,69,64,73,66,Quantitative,Hard
What is the square of 15?,226,225,230,224,225,Quantitative,Hard
"Find the next letter in the series: R, S, T, ?",V,W,U,T,U,Logical,Medium
Choose the synonym of 'benefit'.,late,advantage,small,weak,advantage,Verbal,Medium
"If 3 workers finish a task in 2 days, how many worker-days are needed?",11,4,6,8,6,Puzzle,Hard
What is 51 + 11?,62,65,69,60,62,Quantitative,Hard
What is the square of 11?,122,126,120,121,121,Quantitative,Easy
"Find the next letter in the series: P, Q, R, ?",U,R,T,S,S,Logical,Medium
Choose the synonym of 'rapid'.,small,weak,late,fast,fast,Verbal,Easy
"If 6 workers finish a task in 3 days, how many worker-days are needed?",16,23,20,18,18,Puzzle,Medium
What is 24 + 78?,102,109,105,100,102,Quantitative,Medium
What is the square of 5?,26,30,25,24,25,Quantitative,Medium
"Find the next letter in the series: N, O, P, ?",R,Q,P,S,Q,Logical,Easy
Choose the synonym of 'bright'.,late,smart,small,weak,smart,Verbal,Hard
"If 7 workers finish a task in 9 days, how many worker-days are needed?",68,63,65,61,63,Puzzle,Medium
What is 77 + 89?,173,164,169,166,166,Quantitative,Easy
What is the square of 12?,145,143,149,144,144,Quantitative,Easy
"Find the next letter in the series: F, G, H, ?",K,I,J,H,I,Logical,Medium
Choose the synonym of 'rapid'.,fast,small,late,weak,fast,Verbal,Medium
"If 6 workers finish a task in 4 days, how many worker-days are needed?",22,24,29,26,24,Puzzle,Hard
What is 52 + 38?,88,90,93,97,90,Quantitative,Hard
What is the square of 8?,63,64,65,69,64,Quantitative,Easy
"Find the next letter in the series: K, L, M, ?",O,N,P,M,N,Logical,Hard
Choose the synonym of 'honest'.,weak,small,truthful,late,truthful,Verbal,Easy
"If 7 workers finish a task in 8 days, how many worker-days are needed?",54,56,61,58,56,Puzzle,Hard
What is 84 + 55?,142,139,146,137,139,Quantitative,Medium
What is the square of 4?,17,16,21,15,16,Quantitative,Easy
"Find the next letter in the series: M, N, O, ?",P,O,Q,R,P,Logical,Medium
Choose the synonym of 'bright'.,weak,smart,late,small,smart,Verbal,Medium
"If 6 workers finish a task in 7 days, how many worker-days are needed?",42,47,44,40,42,Puzzle,Medium
What is 32 + 94?,126,129,133,124,126,Quantitative,Hard
What is the square of 4?,17,21,15,16,16,Quantitative,Hard
"Find the next letter in the series: O, P, Q, ?",Q,T,S,R,R,Logical,Easy
Choose the synonym of 'benefit'.,weak,small,advantage,late,advantage,Verbal,Easy
"If 10 workers finish a task in 2 days, how many worker-days are needed?",25,22,20,18,20,Puzzle,Easy
What is 46 + 54?,107,100,98,103,100,Quantitative,Hard
What is the square of 5?,30,26,25,24,25,Quantitative,Medium
"Find the next letter in the series: U, V, W, ?",W,Z,Y,X,X,Logical,Medium
Choose the synonym of 'rapid'.,small,weak,fast,late,fast,Verbal,Easy
"If 5 workers finish a task in 2 days, how many worker-days are needed?",8,12,10,15,10,Puzzle,Hard
What is 56 + 64?,127,120,118,123,120,Quantitative,Hard
What is the square of 8?,63,64,65,69,64,Quantitative,Easy
"Find the next letter in the series: T, U, V, ?",W,V,X,Y,W,Logical,Medium
Choose the synonym of 'honest'.,late,small,truthful,weak,truthful,Verbal,Hard
"If 8 workers finish a task in 10 days, how many worker-days are needed?",85,78,82,80,80,Puzzle,Easy
What is 59 + 10?,67,72,76,69,69,Quantitative,Easy
What is the square of 18?,324,325,323,329,324,Quantitative,Easy
"Find the next letter in the series: E, F, G, ?",I,H,J,G,H,Logical,Medium
Choose the synonym of 'rapid'.,late,weak,small,fast,fast,Verbal,Medium
"If 10 workers finish a task in 10 days, how many worker-days are needed?",102,98,105,100,100,Puzzle,Medium
What is 10 + 58?,71,66,75,68,68,Quantitative,Easy
What is the square of 12?,145,144,143,149,144,Quantitative,Hard
"Find the next letter in the series: A, B, C, ?",C,F,E,D,D,Logical,Hard
Choose the synonym of 'rapid'.,late,weak,small,fast,fast,Verbal,Hard
"If 5 workers finish a task in 7 days, how many worker-days are needed?",35,33,37,40,35,Puzzle,Hard
What is 84 + 27?,118,111,114,109,111,Quantitative,Medium
What is the square of 14?,201,196,195,197,196,Quantitative,Easy
"Find the next letter in the series: J, K, L, ?",L,M,O,N,M,Logical,Easy
Choose the synonym of 'bright'.,late,weak,smart,small,smart,Verbal,Medium
"If 9 workers finish a task in 3 days, how many worker-days are needed?",32,27,29,25,27,Puzzle,Hard
What is 64 + 33?,100,97,104,95,97,Quantitative,Hard
What is the square of 11?,121,120,126,122,121,Quantitative,Medium
"Find the next letter in the series: N, O, P, ?",P,S,R,Q,Q,Logical,Medium
Choose the synonym of 'bright'.,late,small,weak,smart,smart,Verbal,Easy
"If 2 workers finish a task in 4 days, how many worker-days are needed?",6,13,10,8,8,Puzzle,Medium
What is 24 + 60?,82,87,91,84,84,Quantitative,Hard
What is the square of 20?,401,405,400,399,400,Quantitative,Medium
"Find the next letter in the series: J, K, L, ?",L,O,N,M,M,Logical,Easy
Choose the synonym of 'bright'.,small,late,smart,weak,smart,Verbal,Easy
"If 8 workers finish a task in 9 days, how many worker-days are needed?",77,72,74,70,72,Puzzle,Hard
What is 94 + 91?,185,188,192,183,185,Quantitative,Medium
What is the square of 8?,64,69,63,65,64,Quantitative,Medium
"Find the next letter in the series: E, F, G, ?",G,J,H,I,H,Logical,Hard
Choose the synonym of 'rapid'.,small,weak,late,fast,fast,Verbal,Medium
"If 8 workers finish a task in 4 days, how many worker-days are needed?",32,30,37,34,32,Puzzle,Medium
What is 19 + 53?,70,75,72,79,72,Quantitative,Hard
What is the square of 10?,100,99,101,105,100,Quantitative,Hard
"Find the next letter in the series: D, E, F, ?",I,F,G,H,G,Logical,Easy
Choose the synonym of 'rapid'.,late,small,weak,fast,fast,Verbal,Hard
"If 2 workers finish a task in 2 days, how many worker-days are needed?",2,4,6,9,4,Puzzle,Medium
What is 42 + 68?,108,117,110,113,110,Quantitative,Medium
What is the square of 13?,169,170,168,174,169,Quantitative,Medium
"Find the next letter in the series: N, O, P, ?",S,R,P,Q,Q,Logical,Hard
Choose the synonym of 'bright'.,weak,smart,late,small,smart,Verbal,Medium
"If 6 workers finish a task in 9 days, how many worker-days are needed?",56,54,52,59,54,Puzzle,Hard
What is 35 + 52?,85,87,94,90,87,Quantitative,Medium
What is the square of 9?,82,80,81,86,81,Quantitative,Hard
"Find the next letter in the series: E, F, G, ?",H,G,I,J,H,Logical,Hard
Choose the synonym of 'rapid'.,weak,fast,small,late,fast,Verbal,Hard
"If 3 workers finish a task in 8 days, how many worker-days are needed?",22,24,26,29,24,Puzzle,Hard
What is 93 + 23?,114,119,123,116,116,Quantitative,Easy
What is the square of 10?,101,99,100,105,100,Quantitative,Medium
"Find the next letter in the series: R, S, T, ?",V,T,U,W,U,Logical,Medium
Choose the synonym of 'bright'.,small,weak,late,smart,smart,Verbal,Hard
"If 4 workers finish a task in 4 days, how many worker-days are needed?",14,16,21,18,16,Puzzle,Easy
What is 50 + 78?,131,128,135,126,128,Quantitative,Hard
What is the square of 20?,400,399,405,401,400,Quantitative,Easy
"Find the next letter in the series: S, T, U, ?",X,V,U,W,V,Logical,Easy
Choose the synonym of 'bright'.,late,weak,smart,small,smart,Verbal,Easy
"If 6 workers finish a task in 9 days, how many worker-days are needed?",52,54,59,56,54,Puzzle,Medium
What is 75 + 55?,137,128,133,130,130,Quantitative,Hard
What is the square of 20?,400,399,401,405,400,Quantitative,Hard
"Find the next letter in the series: F, G, H, ?",H,I,K,J,I,Logical,Hard
Choose the synonym of 'bright'.,small,late,weak,smart,smart,Verbal,Easy
"If 9 workers finish a task in 7 days, how many worker-days are needed?",61,68,65,63,63,Puzzle,Hard
What is 34 + 63?,97,95,104,100,97,Quantitative,Easy
What is the square of 7?,54,50,49,48,49,Quantitative,Medium
"Find the next letter in the series: O, P, Q, ?",T,R,S,Q,R,Logical,Hard
Choose the synonym of 'rapid'.,fast,small,late,weak,fast,Verbal,Easy
"If 5 workers finish a task in 10 days, how many worker-days are needed?",48,55,52,50,50,Puzzle,Easy
What is 62 + 73?,142,135,138,133,135,Quantitative,Hard
What is the square of 20?,400,401,399,405,400,Quantitative,Easy
"Find the next letter in the series: N, O, P, ?",R,P,Q,S,Q,Logical,Medium
Choose the synonym of 'rapid'.,small,late,weak,fast,fast,Verbal,Hard
"If 2 workers finish a task in 9 days, how many worker-days are needed?",20,16,18,23,18,Puzzle,Hard
What is 30 + 22?,59,52,55,50,52,Quantitative,Medium
What is the square of 20?,400,399,401,405,400,Quantitative,Medium
"Find the next letter in the series: C, D, E, ?",G,H,F,E,F,Logical,Medium
Choose the synonym of 'honest'.,truthful,small,weak,late,truthful,Verbal,Medium
"If 5 workers finish a task in 7 days, how many worker-days are needed?",33,35,37,40,35,Puzzle,Easy
What is 85 + 21?,106,104,109,113,106,Quantitative,Easy
What is the square of 16?,255,257,261,256,256,Quantitative,Medium
"Find the next letter in the series: A, B, C, ?",C,E,D,F,D,Logical,Medium
Choose the synonym of 'bright'.,weak,small,smart,late,smart,Verbal,Hard
"If 3 workers finish a task in 8 days, how many worker-days are needed?",24,22,29,26,24,Puzzle,Easy
What is 73 + 11?,91,84,82,87,84,Quantitative,Hard
What is the square of 18?,325,329,324,323,324,Quantitative,Medium
"Find the next letter in the series: N, O, P, ?",Q,R,P,S,Q,Logical,Hard
Choose the synonym of 'rapid'.,weak,fast,late,small,fast,Verbal,Hard
"If 6 workers finish a task in 6 days, how many worker-days are needed?",34,41,38,36,36,Puzzle,Hard
What is 22 + 98?,127,123,120,118,120,Quantitative,Easy
What is the square of 9?,86,80,82,81,81,Quantitative,Easy
"Find the next letter in the series: I, J, K, ?",M,K,L,N,L,Logical,Easy
Choose the synonym of 'benefit'.,small,late,advantage,weak,advantage,Verbal,Easy
"If 5 workers finish a task in 4 days, how many worker-days are needed?",18,22,25,20,20,Puzzle,Easy
What is 52 + 47?,99,106,97,102,99,Quantitative,Easy
What is the square of 15?,230,224,226,225,225,Quantitative,Hard
"Find the next letter in the series: T, U, V, ?",Y,W,V,X,W,Logical,Hard
Choose the synonym of 'benefit'.,small,advantage,late,weak,advantage,Verbal,Easy
"If 6 workers finish a task in 5 days, how many worker-days are needed?",35,28,32,30,30,Puzzle,Hard
What is 95 + 79?,174,181,172,177,174,Quantitative,Hard
What is the square of 5?,25,24,26,30,25,Quantitative,Medium
"Find the next letter in the series: F, G, H, ?",H,K,J,I,I,Logical,Medium
Choose the synonym of 'benefit'.,advantage,late,weak,small,advantage,Verbal,Hard
"If 8 workers finish a task in 7 days, how many worker-days are needed?",54,58,61,56,56,Puzzle,Medium
What is 70 + 52?,129,120,122,125,122,Quantitative,Hard
What is the square of 14?,195,196,197,201,196,Quantitative,Hard
"Find the next letter in the series: M, N, O, ?",P,R,Q,O,P,Logical,Hard
Choose the synonym of 'bright'.,smart,small,late,weak,smart,Verbal,Easy
"If 8 workers finish a task in 6 days, how many worker-days are needed?",53,46,48,50,48,Puzzle,Hard
What is 39 + 14?,51,60,56,53,53,Quantitative,Medium
What is the square of 7?,54,50,48,49,49,Quantitative,Medium
"Find the next letter in the series: G, H, I, ?",I,K,L,J,J,Logical,Easy
Choose the synonym of 'honest'.,late,weak,small,truthful,truthful,Verbal,Hard
"If 5 workers finish a task in 2 days, how many worker-days are needed?",12,8,10,15,10,Puzzle,Hard
What is 50 + 69?,126,122,119,117,119,Quantitative,Easy
What is the square of 6?,36,41,37,35,36,Quantitative,Hard
"Find the next letter in the series: P, Q, R, ?",T,R,S,U,S,Logical,Medium
Choose the synonym of 'ancient'.,old,late,weak,small,old,Verbal,Medium
"If 4 workers finish a task in 8 days, how many worker-days are needed?",37,32,30,34,32,Puzzle,Hard
What is 87 + 78?,168,165,163,172,165,Quantitative,Medium
What is the square of 20?,399,401,405,400,400,Quantitative,Easy
"Find the next letter in the series: Q, R, S, ?",U,S,T,V,T,Logical,Medium
Choose the synonym of 'benefit'.,advantage,weak,small,late,advantage,Verbal,Hard
"If 10 workers finish a task in 9 days, how many worker-days are needed?",92,90,95,88,90,Puzzle,Medium
What is 66 + 10?,83,79,74,76,76,Quantitative,Hard
What is the square of 20?,400,405,399,401,400,Quantitative,Medium
"Find the next letter in the series: U, V, W, ?",Y,X,W,Z,X,Logical,Easy
Choose the synonym of 'benefit'.,late,advantage,weak,small,advantage,Verbal,Hard
"If 9 workers finish a task in 8 days, how many worker-days are needed?",72,70,77,74,72,Puzzle,Easy
What is 58 + 78?,134,139,143,136,136,Quantitative,Hard
What is the square of 20?,400,405,401,399,400,Quantitative,Easy
"Find the next letter in the series: F, G, H, ?",J,K,H,I,I,Logical,Hard
Choose the synonym of 'rapid'.,small,weak,late,fast,fast,Verbal,Medium
"If 4 workers finish a task in 2 days, how many worker-days are needed?",10,6,13,8,8,Puzzle,Medium
What is 99 + 48?,154,145,150,147,147,Quantitative,Medium
What is the square of 19?,362,366,360,361,361,Quantitative,Medium
"Find the next letter in the series: A, B, C, ?",E,F,D,C,D,Logical,Medium
Choose the synonym of 'honest'.,weak,truthful,small,late,truthful,Verbal,Hard
"If 9 workers finish a task in 9 days, how many worker-days are needed?",79,83,86,81,81,Puzzle,Medium
What is 88 + 11?,99,106,102,97,99,Quantitative,Medium
What is the square of 8?,63,69,65,64,64,Quantitative,Medium
"Find the next letter in the series: U, V, W, ?",X,Y,W,Z,X,Logical,Hard
Choose the synonym of 'rapid'.,fast,weak,small,late,fast,Verbal,Hard
"If 4 workers finish a task in 5 days, how many worker-days are needed?",22,18,20,25,20,Puzzle,Medium
What is 27 + 37?,62,64,67,71,64,Quantitative,Easy
What is the square of 4?,16,15,17,21,16,Quantitative,Easy
"Find the next letter in the series: N, O, P, ?",P,S,Q,R,Q,Logical,Hard
Choose the synonym of 'honest'.,small,late,truthful,weak,truthful,Verbal,Hard
"If 10 workers finish a task in 3 days, how many worker-days are needed?",35,28,30,32,30,Puzzle,Hard
What is 41 + 94?,135,133,138,142,135,Quantitative,Medium
What is the square of 12?,143,144,145,149,144,Quantitative,Medium
"Find the next letter in the series: H, I, J, ?",M,L,K,J,K,Logical,Medium
Choose the synonym of 'ancient'.,weak,late,small,old,old,Verbal,Hard
"If 5 workers finish a task in 6 days, how many worker-days are needed?",35,32,30,28,30,Puzzle,Medium
What is 77 + 68?,145,143,152,148,145,Quantitative,Medium
What is the square of 6?,36,41,37,35,36,Quantitative,Easy
"Find the next letter in the series: F, G, H, ?",H,J,I,K,I,Logical,Hard
Choose the synonym of 'bright'.,small,late,weak,smart,smart,Verbal,Easy
"If 10 workers finish a task in 3 days, how many worker-days are needed?",35,30,28,32,30,Puzzle,Hard
What is 39 + 28?,74,65,67,70,67,Quantitative,Medium
What is the square of 19?,362,361,366,360,361,Quantitative,Hard
"Find the next letter in the series: U, V, W, ?",X,Y,Z,W,X,Logical,Hard
Choose the synonym of 'honest'.,late,small,truthful,weak,truthful,Verbal,Hard
"If 2 workers finish a task in 10 days, how many worker-days are needed?",22,25,18,20,20,Puzzle,Medium
What is 78 + 22?,103,107,98,100,100,Quantitative,Hard
What is the square of 18?,323,324,325,329,324,Quantitative,Medium
"Find the next letter in the series: T, U, V, ?",X,Y,W,V,W,Logical,Easy
Choose the synonym of 'rapid'.,weak,small,fast,late,fast,Verbal,Easy
"If 2 workers finish a task in 3 days, how many worker-days are needed?",6,11,8,4,6,Puzzle,Easy
What is 50 + 17?,70,65,67,74,67,Quantitative,Medium
What is the square of 13?,168,174,169,170,169,Quantitative,Hard
"Find the next letter in the series: G, H, I, ?",J,K,I,L,J,Logical,Hard
Choose the synonym of 'bright'.,smart,small,weak,late,smart,Verbal,Medium
"If 4 workers finish a task in 10 days, how many worker-days are needed?",40,45,38,42,40,Puzzle,Medium
What is 25 + 29?,61,54,57,52,54,Quantitative,Easy
What is the square of 17?,290,294,288,289,289,Quantitative,Easy
"Find the next letter in the series: N, O, P, ?",S,R,P,Q,Q,Logical,Medium
Choose the synonym of 'rapid'.,fast,weak,small,late,fast,Verbal,Medium
"If 6 workers finish a task in 7 days, how many worker-days are needed?",40,47,42,44,42,Puzzle,Hard
What is 68 + 67?,142,133,138,135,135,Quantitative,Hard
What is the square of 12?,143,145,149,144,144,Quantitative,Easy
"Find the next letter in the series: S, T, U, ?",W,U,X,V,V,Logical,Hard
Choose the synonym of 'benefit'.,advantage,late,small,weak,advantage,Verbal,Easy
"If 9 workers finish a task in 8 days, how many worker-days are needed?",77,72,70,74,72,Puzzle,Easy
What is 80 + 67?,147,150,154,145,147,Quantitative,Hard
What is the square of 6?,41,37,35,36,36,Quantitative,Medium
"Find the next letter in the series: L, M, N, ?",P,Q,O,N,O,Logical,Medium
Choose the synonym of 'ancient'.,weak,old,small,late,old,Verbal,Easy
"If 5 workers finish a task in 8 days, how many worker-days are needed?",42,38,45,40,40,Puzzle,Easy
What is 41 + 61?,102,109,100,105,102,Quantitative,Hard
What is the square of 9?,80,81,82,86,81,Quantitative,Medium
"Find the next letter in the series: G, H, I, ?",I,K,J,L,J,Logical,Medium
Choose the synonym of 'honest'.,truthful,small,weak,late,truthful,Verbal,Hard
"If 4 workers finish a task in 9 days, how many worker-days are needed?",41,34,36,38,36,Puzzle,Medium
What is 57 + 45?,109,100,105,102,102,Quantitative,Easy
What is the square of 12?,143,149,144,145,144,Quantitative,Hard
"Find the next letter in the series: S, T, U, ?",W,X,V,U,V,Logical,Medium
Choose the synonym of 'honest'.,small,weak,truthful,late,truthful,Verbal,Easy
"If 3 workers finish a task in 5 days, how many worker-days are needed?",17,15,20,13,15,Puzzle,Easy
What is 53 + 95?,146,151,155,148,148,Quantitative,Hard
What is the square of 15?,230,225,224,226,225,Quantitative,Medium
"Find the next letter in the series: T, U, V, ?",W,X,Y,V,W,Logical,Easy
Choose the synonym of 'rapid'.,weak,small,fast,late,fast,Verbal,Easy
"If 9 workers finish a task in 8 days, how many worker-days are needed?",74,72,70,77,72,Puzzle,Hard
What is 31 + 44?,78,73,75,82,75,Quantitative,Easy
What is the square of 20?,401,400,399,405,400,Quantitative,Medium
"Find the next letter in the series: R, S, T, ?",V,T,U,W,U,Logical,Easy
Choose the synonym of 'ancient'.,late,small,old,weak,old,Verbal,Easy
"If 4 workers finish a task in 3 days, how many worker-days are needed?",12,14,10,17,12,Puzzle,Hard
What is 15 + 25?,47,43,40,38,40,Quantitative,Easy
What is the square of 19?,361,360,366,362,361,Quantitative,Hard
"Find the next letter in the series: M, N, O, ?",O,P,R,Q,P,Logical,Hard
Choose the synonym of 'bright'.,small,weak,smart,late,smart,Verbal,Easy
"If 10 workers finish a task in 7 days, how many worker-days are needed?",70,75,72,68,70,Puzzle,Hard
What is 83 + 72?,158,155,162,153,155,Quantitative,Medium
What is the square of 8?,65,63,64,69,64,Quantitative,Hard
"Find the next letter in the series: R, S, T, ?",T,U,W,V,U,Logical,Medium
Choose the synonym of 'rapid'.,weak,small,fast,late,fast,Verbal,Hard
"If 5 workers finish a task in 6 days, how many worker-days are needed?",30,32,28,35,30,Puzzle,Hard
What is 25 + 67?,99,90,95,92,92,Quantitative,Medium
What is the square of 20?,401,400,399,405,400,Quantitative,Medium
"Find the next letter in the series: L, M, N, ?",O,N,P,Q,O,Logical,Hard
Choose the synonym of 'rapid'.,weak,late,fast,small,fast,Verbal,Medium
"If 4 workers finish a task in 9 days, how many worker-days are needed?",38,41,36,34,36,Puzzle,Easy
What is 99 + 47?,153,149,146,144,146,Quantitative,Medium
What is the square of 19?,366,361,362,360,361,Quantitative,Easy
"Find the next letter in the series: T, U, V, ?",W,Y,X,V,W,Logical,Medium
Choose the synonym of 'rapid'.,small,fast,weak,late,fast,Verbal,Easy
"If 8 workers finish a task in 3 days, how many worker-days are needed?",22,24,29,26,24,Puzzle,Hard
What is 69 + 71?,147,143,140,138,140,Quantitative,Hard
What is the square of 4?,15,17,16,21,16,Quantitative,Medium
"Find the next letter in the series: R, S, T, ?",V,T,U,W,U,Logical,Easy
Choose the synonym of 'bright'.,small,late,smart,weak,smart,Verbal,Medium
"If 8 workers finish a task in 9 days, how many worker-days are needed?",70,72,74,77,72,Puzzle,Easy
What is 99 + 35?,137,132,141,134,134,Quantitative,Medium
What is the square of 7?,54,49,50,48,49,Quantitative,Easy
"Find the next letter in the series: M, N, O, ?",P,R,Q,O,P,Logical,Easy
Choose the synonym of 'rapid'.,late,fast,small,weak,fast,Verbal,Hard
"If 9 workers finish a task in 9 days, how many worker-days are needed?",86,79,83,81,81,Puzzle,Medium
What is 47 + 45?,99,90,95,92,92,Quantitative,Hard
What is the square of 14?,195,201,196,197,196,Quantitative,Easy
"Find the next letter in the series: I, J, K, ?",N,K,M,L,L,Logical,Medium
Choose the synonym of 'ancient'.,weak,old,late,small,old,Verbal,Medium
"If 3 workers finish a task in 9 days, how many worker-days are needed?",25,27,29,32,27,Puzzle,Easy
What is 57 + 85?,142,140,145,149,142,Quantitative,Hard
What is the square of 3?,9,8,14,10,9,Quantitative,Hard
"Find the next letter in the series: T, U, V, ?",W,V,X,Y,W,Logical,Hard
Choose the synonym of 'benefit'.,late,weak,small,advantage,advantage,Verbal,Medium
"If 6 workers finish a task in 8 days, how many worker-days are needed?",46,48,53,50,48,Puzzle,Easy
What is 25 + 93?,116,125,118,121,118,Quantitative,Hard
What is the square of 14?,197,196,195,201,196,Quantitative,Medium
"Find the next letter in the series: N, O, P, ?",P,Q,R,S,Q,Logical,Hard
Choose the synonym of 'rapid'.,late,small,weak,fast,fast,Verbal,Medium
"If 8 workers finish a task in 4 days, how many worker-days are needed?",37,32,30,34,32,Puzzle,Easy
What is 67 + 74?,148,141,144,139,141,Quantitative,Hard
What is the square of 15?,230,225,226,224,225,Quantitative,Easy
"Find the next letter in the series: C, D, E, ?",F,H,E,G,F,Logical,Hard
Choose the synonym of 'bright'.,smart,weak,late,small,smart,Verbal,Easy
"If 7 workers finish a task in 7 days, how many worker-days are needed?",47,51,49,54,49,Puzzle,Hard
What is 44 + 48?,90,92,99,95,92,Quantitative,Medium
What is the square of 6?,35,41,36,37,36,Quantitative,Easy
"Find the next letter in the series: D, E, F, ?",G,H,F,I,G,Logical,Medium
Choose the synonym of 'honest'.,truthful,late,small,weak,truthful,Verbal,Hard
"If 3 workers finish a task in 7 days, how many worker-days are needed?",19,26,23,21,21,Puzzle,Hard
What is 42 + 46?,95,86,91,88,88,Quantitative,Easy
What is the square of 18?,324,323,329,325,324,Quantitative,Hard
"Find the next letter in the series: U, V, W, ?",W,X,Z,Y,X,Logical,Medium
Choose the synonym of 'bright'.,small,late,weak,smart,smart,Verbal,Medium
"If 7 workers finish a task in 7 days, how many worker-days are needed?",47,49,54,51,49,Puzzle,Medium
What is 73 + 58?,131,129,134,138,131,Quantitative,Medium
What is the square of 17?,288,289,290,294,289,Quantitative,Hard
"Find the next letter in the series: E, F, G, ?",G,H,I,J,H,Logical,Medium
Choose the synonym of 'ancient'.,weak,late,small,old,old,Verbal,Medium
"If 3 workers finish a task in 10 days, how many worker-days are needed?",30,28,32,35,30,Puzzle,Medium
What is 75 + 81?,159,156,163,154,156,Quantitative,Hard
What is the square of 6?,37,35,41,36,36,Quantitative,Easy
"Find the next letter in the series: A, B, C, ?",D,E,C,F,D,Logical,Easy
Choose the synonym of 'bright'.,small,late,weak,smart,smart,Verbal,Hard
"If 7 workers finish a task in 4 days, how many worker-days are needed?",33,26,28,30,28,Puzzle,Hard
What is 50 + 36?,86,89,84,93,86,Quantitative,Easy
What is the square of 20?,400,399,401,405,400,Quantitative,Hard
"Find the next letter in the series: S, T, U, ?",V,W,U,X,V,Logical,Hard
Choose the synonym of 'ancient'.,late,weak,small,old,old,Verbal,Hard
"If 10 workers finish a task in 5 days, how many worker-days are needed?",48,52,55,50,50,Puzzle,Easy
What is 58 + 19?,77,75,84,80,77,Quantitative,Medium
What is the square of 17?,290,289,288,294,289,Quantitative,Medium
"Find the next letter in the series: M, N, O, ?",P,Q,O,R,P,Logical,Easy
Choose the synonym of 'honest'.,weak,small,truthful,late,truthful,Verbal,Hard
"If 4 workers finish a task in 7 days, how many worker-days are needed?",26,28,33,30,28,Puzzle,Medium
What is 72 + 63?,133,138,135,142,135,Quantitative,Hard
What is the square of 16?,257,261,255,256,256,Quantitative,Easy
"Find the next letter in the series: A, B, C, ?",D,F,C,E,D,Logical,Hard
Choose the synonym of 'bright'.,smart,late,weak,small,smart,Verbal,Medium
"If 5 workers finish a task in 2 days, how many worker-days are needed?",12,8,10,15,10,Puzzle,Easy
What is 21 + 17?,41,36,45,38,38,Quantitative,Easy
What is the square of 6?,41,36,37,35,36,Quantitative,Easy
"Find the next letter in the series: L, M, N, ?",Q,O,P,N,O,Logical,Hard
Choose the synonym of 'honest'.,weak,late,truthful,small,truthful,Verbal,Medium
"If 2 workers finish a task in 6 days, how many worker-days are needed?",17,14,10,12,12,Puzzle,Hard
What is 77 + 57?,134,141,137,132,134,Quantitative,Easy
What is the square of 4?,16,17,21,15,16,Quantitative,Hard
"Find the next letter in the series: T, U, V, ?",X,W,Y,V,W,Logical,Hard
Choose the synonym of 'rapid'.,small,weak,fast,late,fast,Verbal,Medium
"If 5 workers finish a task in 10 days, how many worker-days are needed?",48,52,55,50,50,Puzzle,Easy
What is 96 + 82?,178,176,185,181,178,Quantitative,Hard
What is the square of 18?,323,329,324,325,324,Quantitative,Medium
"Find the next letter in the series: I, J, K, ?",K,N,L,M,L,Logical,Easy
Choose the synonym of 'ancient'.,late,small,old,weak,old,Verbal,Easy
"If 9 workers finish a task in 8 days, how many worker-days are needed?",70,72,77,74,72,Puzzle,Hard
What is 75 + 38?,113,111,120,116,113,Quantitative,Easy
What is the square of 12?,145,144,143,149,144,Quantitative,Medium
"Find the next letter in the series: H, I, J, ?",J,L,M,K,K,Logical,Medium
Choose the synonym of 'rapid'.,small,fast,late,weak,fast,Verbal,Easy
"If 8 workers finish a task in 5 days, how many worker-days are needed?",45,42,38,40,40,Puzzle,Medium
What is 45 + 40?,83,85,92,88,85,Quantitative,Medium
What is the square of 6?,35,37,41,36,36,Quantitative,Easy
"Find the next letter in the series: A, B, C, ?",E,D,C,F,D,Logical,Easy
Choose the synonym of 'bright'.,smart,late,weak,small,smart,Verbal,Hard
"If 7 workers finish a task in 7 days, how many worker-days are needed?",49,51,47,54,49,Puzzle,Medium
What is 72 + 13?,83,88,92,85,85,Quantitative,Easy
What is the square of 12?,149,144,145,143,144,Quantitative,Easy
"Find the next letter in the series: J, K, L, ?",M,O,N,L,M,Logical,Easy
Choose the synonym of 'ancient'.,weak,old,small,late,old,Verbal,Hard
"If 8 workers finish a task in 5 days, how many worker-days are needed?",45,42,38,40,40,Puzzle,Medium
What is 12 + 83?,102,93,95,98,95,Quantitative,Easy
What is the square of 14?,197,195,196,201,196,Quantitative,Easy
"Find the next letter in the series: P, Q, R, ?",U,S,T,R,S,Logical,Easy
Choose the synonym of 'honest'.,late,weak,small,truthful,truthful,Verbal,Hard
"If 2 workers finish a task in 3 days, how many worker-days are needed?",4,8,11,6,6,Puzzle,Medium
What is 17 + 83?,100,98,103,107,100,Quantitative,Hard
What is the square of 17?,290,294,288,289,289,Quantitative,Easy
"Find the next letter in the series: A, B, C, ?",C,F,D,E,D,Logical,Hard
Choose the synonym of 'benefit'.,late,weak,small,advantage,advantage,Verbal,Hard
"If 8 workers finish a task in 6 days, how many worker-days are needed?",48,50,46,53,48,Puzzle,Hard
What is 69 + 92?,159,164,161,168,161,Quantitative,Hard
What is the square of 18?,324,323,325,329,324,Quantitative,Medium
"Find the next letter in the series: Q, R, S, ?",T,V,U,S,T,Logical,Hard
Choose the synonym of 'honest'.,small,late,truthful,weak,truthful,Verbal,Easy
"If 7 workers finish a task in 5 days, how many worker-days are needed?",40,33,37,35,35,Puzzle,Hard
What is 76 + 97?,173,176,180,171,173,Quantitative,Hard
What is the square of 15?,224,225,226,230,225,Quantitative,Hard
"Find the next letter in the series: A, B, C, ?",C,E,D,F,D,Logical,Easy
Choose the synonym of 'benefit'.,advantage,small,weak,late,advantage,Verbal,Hard
"If 10 workers finish a task in 9 days, how many worker-days are needed?",90,92,95,88,90,Puzzle,Medium
What is 18 + 91?,116,112,107,109,109,Quantitative,Hard
What is the square of 15?,230,225,224,226,225,Quantitative,Hard
"Find the next letter in the series: F, G, H, ?",J,H,I,K,I,Logical,Easy
Choose the synonym of 'honest'.,truthful,small,weak,late,truthful,Verbal,Medium
"If 4 workers finish a task in 2 days, how many worker-days are needed?",8,6,13,10,8,Puzzle,Easy
What is 86 + 20?,106,104,113,109,106,Quantitative,Easy
What is the square of 9?,82,80,86,81,81,Quantitative,Medium
"Find the next letter in the series: A, B, C, ?",C,F,D,E,D,Logical,Medium
Choose the synonym of 'rapid'.,late,weak,small,fast,fast,Verbal,Hard
"If 5 workers finish a task in 6 days, how many worker-days are needed?",35,32,30,28,30,Puzzle,Hard
What is 73 + 28?,101,99,104,108,101,Quantitative,Hard
What is the square of 14?,201,197,196,195,196,Quantitative,Medium
"Find the next letter in the series: H, I, J, ?",M,K,J,L,K,Logical,Medium
Choose the synonym of 'benefit'.,late,small,advantage,weak,advantage,Verbal,Medium
"If 9 workers finish a task in 5 days, how many worker-days are needed?",47,43,50,45,45,Puzzle,Hard
What is 81 + 81?,165,169,160,162,162,Quantitative,Hard
What is the square of 16?,257,256,261,255,256,Quantitative,Easy
"Find the next letter in the series: O, P, Q, ?",S,Q,R,T,R,Logical,Medium
Choose the synonym of 'honest'.,small,weak,truthful,late,truthful,Verbal,Easy
"If 9 workers finish a task in 5 days, how many worker-days are needed?",50,45,47,43,45,Puzzle,Medium
What is 17 + 78?,102,98,95,93,95,Quantitative,Medium
What is the square of 7?,54,50,48,49,49,Quantitative,Easy
"Find the next letter in the series: E, F, G, ?",I,J,H,G,H,Logical,Hard
Choose the synonym of 'bright'.,weak,small,late,smart,smart,Verbal,Medium
"If 10 workers finish a task in 3 days, how many worker-days are needed?",28,35,32,30,30,Puzzle,Hard
What is 84 + 81?,163,172,168,165,165,Quantitative,Easy
What is the square of 15?,225,230,226,224,225,Quantitative,Medium
"Find the next letter in the series: H, I, J, ?",J,K,L,M,K,Logical,Medium
Choose the synonym of 'ancient'.,old,small,late,weak,old,Verbal,Easy
"If 9 workers finish a task in 3 days, how many worker-days are needed?",27,29,25,32,27,Puzzle,Hard
What is 19 + 32?,51,49,58,54,51,Quantitative,Easy
What is the square of 8?,64,69,65,63,64,Quantitative,Hard
"Find the next letter in the series: P, Q, R, ?",T,R,U,S,S,Logical,Easy
Choose the synonym of 'honest'.,truthful,late,weak,small,truthful,Verbal,Easy
"If 6 workers finish a task in 2 days, how many worker-days are needed?",10,14,17,12,12,Puzzle,Easy
What is 37 + 18?,53,55,58,62,55,Quantitative,Easy
What is the square of 13?,169,168,174,170,169,Quantitative,Medium
"Find the next letter in the series: U, V, W, ?",Y,Z,W,X,X,Logical,Hard
Choose the synonym of 'honest'.,weak,small,late,truthful,truthful,Verbal,Easy
"If 6 workers finish a task in 4 days, how many worker-days are needed?",26,29,22,24,24,Puzzle,Medium
What is 47 + 91?,136,138,141,145,138,Quantitative,Easy
What is the square of 19?,361,360,362,366,361,Quantitative,Easy
"Find the next letter in the series: P, Q, R, ?",R,U,S,T,S,Logical,Easy
Choose the synonym of 'benefit'.,small,advantage,late,weak,advantage,Verbal,Medium
"If 6 workers finish a task in 10 days, how many worker-days are needed?",58,60,65,62,60,Puzzle,Easy
What is 26 + 54?,80,87,83,78,80,Quantitative,Easy
What is the square of 8?,63,65,69,64,64,Quantitative,Hard
"Find the next letter in the series: Q, R, S, ?",V,U,S,T,T,Logical,Hard
Choose the synonym of 'benefit'.,late,weak,small,advantage,advantage,Verbal,Hard
"If 10 workers finish a task in 3 days, how many worker-days are needed?",30,32,28,35,30,Puzzle,Medium
What is 45 + 47?,95,99,90,92,92,Quantitative,Medium
What is the square of 8?,63,64,65,69,64,Quantitative,Easy
"Find the next letter in the series: L, M, N, ?",N,Q,O,P,O,Logical,Medium
Choose the synonym of 'honest'.,late,truthful,small,weak,truthful,Verbal,Hard
"If 2 workers finish a task in 8 days, how many worker-days are needed?",18,16,21,14,16,Puzzle,Easy
What is 40 + 89?,136,129,127,132,129,Quantitative,Hard
What is the square of 18?,323,325,329,324,324,Quantitative,Easy
"Find the next letter in the series: B, C, D, ?",F,E,G,D,E,Logical,Hard
Choose the synonym of 'ancient'.,weak,late,small,old,old,Verbal,Easy
"If 6 workers finish a task in 7 days, how many worker-days are needed?",42,40,47,44,42,Puzzle,Easy
What is 49 + 44?,93,100,91,96,93,Quantitative,Hard
What is the square of 9?,82,81,80,86,81,Quantitative,Easy
"Find the next letter in the series: R, S, T, ?",V,U,W,T,U,Logical,Hard
Choose the synonym of 'benefit'.,late,advantage,small,weak,advantage,Verbal,Hard
"If 6 workers finish a task in 9 days, how many worker-days are needed?",56,59,54,52,54,Puzzle,Medium
What is 85 + 31?,116,123,114,119,116,Quantitative,Hard
What is the square of 10?,100,105,101,99,100,Quantitative,Easy
"Find the next letter in the series: O, P, Q, ?",Q,R,T,S,R,Logical,Hard
Choose the synonym of 'ancient'.,weak,late,old,small,old,Verbal,Easy
"If 8 workers finish a task in 5 days, how many worker-days are needed?",38,42,45,40,40,Puzzle,Medium
What is 59 + 30?,87,96,89,92,89,Quantitative,Easy
What is the square of 20?,399,400,401,405,400,Quantitative,Medium
"Find the next letter in the series: C, D, E, ?",E,F,G,H,F,Logical,Medium
Choose the synonym of 'benefit'.,advantage,small,weak,late,advantage,Verbal,Easy
"If 5 workers finish a task in 2 days, how many worker-days are needed?",15,12,10,8,10,Puzzle,Hard
What is 55 + 72?,134,130,125,127,127,Quantitative,Hard
What is the square of 20?,401,405,400,399,400,Quantitative,Medium
"Find the next letter in the series: F, G, H, ?",H,K,I,J,I,Logical,Easy
Choose the synonym of 'ancient'.,weak,small,late,old,old,Verbal,Easy
"If 2 workers finish a task in 8 days, how many worker-days are needed?",18,14,16,21,16,Puzzle,Easy
What is 53 + 32?,92,83,85,88,85,Quantitative,Easy
What is the square of 8?,63,64,65,69,64,Quantitative,Medium
"Find the next letter in the series: H, I, J, ?",K,J,M,L,K,Logical,Medium
Choose the synonym of 'honest'.,weak,late,truthful,small,truthful,Verbal,Easy
"If 7 workers finish a task in 10 days, how many worker-days are needed?",68,70,72,75,70,Puzzle,Hard
What is 64 + 58?,122,129,120,125,122,Quantitative,Easy
What is the square of 5?,30,25,26,24,25,Quantitative,Hard
"Find the next letter in the series: O, P, Q, ?",R,Q,S,T,R,Logical,Easy
Choose the synonym of 'benefit'.,small,weak,late,advantage,advantage,Verbal,Easy
"If 7 workers finish a task in 3 days, how many worker-days are needed?",26,19,21,23,21,Puzzle,Easy
What is 52 + 62?,112,117,121,114,114,Quantitative,Hard
What is the square of 4?,16,15,17,21,16,Quantitative,Hard
"Find the next letter in the series: G, H, I, ?",J,L,I,K,J,Logical,Hard
Choose the synonym of 'rapid'.,weak,late,fast,small,fast,Verbal,Medium
"If 2 workers finish a task in 4 days, how many worker-days are needed?",13,10,6,8,8,Puzzle,Medium
What is 88 + 24?,110,115,119,112,112,Quantitative,Medium
What is the square of 18?,324,325,329,323,324,Quantitative,Easy
"Find the next letter in the series: I, J, K, ?",L,M,N,K,L,Logical,Hard
Choose the synonym of 'honest'.,weak,late,truthful,small,truthful,Verbal,Hard
"If 4 workers finish a task in 6 days, how many worker-days are needed?",29,22,26,24,24,Puzzle,Easy
What is 80 + 97?,175,184,180,177,177,Quantitative,Hard
What is the square of 7?,48,49,54,50,49,Quantitative,Hard
"Find the next letter in the series: H, I, J, ?",J,M,L,K,K,Logical,Easy
Choose the synonym of 'benefit'.,late,weak,advantage,small,advantage,Verbal,Medium
"If 10 workers finish a task in 2 days, how many worker-days are needed?",20,25,22,18,20,Puzzle,Easy
What is 57 + 72?,136,129,127,132,129,Quantitative,Hard
What is the square of 10?,100,105,101,99,100,Quantitative,Hard
"Find the next letter in the series: C, D, E, ?",H,E,F,G,F,Logical,Easy
Choose the synonym of 'benefit'.,advantage,small,late,weak,advantage,Verbal,Medium
"If 2 workers finish a task in 9 days, how many worker-days are needed?",23,18,16,20,18,Puzzle,Hard
What is 72 + 98?,173,168,170,177,170,Quantitative,Hard
What is the square of 15?,230,224,225,226,225,Quantitative,Hard
"Find the next letter in the series: L, M, N, ?",P,O,N,Q,O,Logical,Easy
Choose the synonym of 'benefit'.,advantage,small,late,weak,advantage,Verbal,Hard
"If 10 workers finish a task in 5 days, how many worker-days are needed?",55,52,50,48,50,Puzzle,Medium
What is 99 + 28?,127,134,125,130,127,Quantitative,Hard
What is the square of 18?,324,323,329,325,324,Quantitative,Hard
"Find the next letter in the series: U, V, W, ?",W,Z,X,Y,X,Logical,Medium
Choose the synonym of 'rapid'.,small,late,weak,fast,fast,Verbal,Easy
"If 8 workers finish a task in 6 days, how many worker-days are needed?",46,53,50,48,48,Puzzle,Medium
What is 49 + 12?,68,64,61,59,61,Quantitative,Hard
What is the square of 16?,256,255,261,257,256,Quantitative,Easy
"Find the next letter in the series: E, F, G, ?",I,H,J,G,H,Logical,Medium
Choose the synonym of 'rapid'.,weak,small,fast,late,fast,Verbal,Medium
"If 8 workers finish a task in 4 days, how many worker-days are needed?",34,30,37,32,32,Puzzle,Easy
What is 33 + 18?,54,51,49,58,51,Quantitative,Medium
What is the square of 14?,196,197,201,195,196,Quantitative,Hard
"Find the next letter in the series: O, P, Q, ?",S,T,Q,R,R,Logical,Hard
Choose the synonym of 'rapid'.,fast,small,late,weak,fast,Verbal,Medium
"If 6 workers finish a task in 9 days, how many worker-days are needed?",59,52,54,56,54,Puzzle,Hard
What is 86 + 35?,121,119,128,124,121,Quantitative,Easy
What is the square of 10?,100,101,99,105,100,Quantitative,Easy
"Find the next letter in the series: L, M, N, ?",N,P,O,Q,O,Logical,Medium
Choose the synonym of 'ancient'.,late,weak,old,small,old,Verbal,Easy
"If 6 workers finish a task in 10 days, how many worker-days are needed?",62,60,65,58,60,Puzzle,Hard
What is 71 + 96?,167,170,165,174,167,Quantitative,Medium
What is the square of 11?,121,122,120,126,121,Quantitative,Medium
"Find the next letter in the series: P, Q, R, ?",S,T,U,R,S,Logical,Hard
Choose the synonym of 'ancient'.,small,weak,late,old,old,Verbal,Easy
"If 2 workers finish a task in 6 days, how many worker-days are needed?",17,10,12,14,12,Puzzle,Hard
What is 55 + 44?,99,106,97,102,99,Quantitative,Easy
What is the square of 16?,255,261,256,257,256,Quantitative,Medium
"Find the next letter in the series: S, T, U, ?",V,W,X,U,V,Logical,Hard
Choose the synonym of 'rapid'.,weak,small,late,fast,fast,Verbal,Easy
"If 3 workers finish a task in 2 days, how many worker-days are needed?",8,4,6,11,6,Puzzle,Easy
What is 54 + 61?,118,113,115,122,115,Quantitative,Hard
What is the square of 5?,26,24,30,25,25,Quantitative,Medium
"Find the next letter in the series: P, Q, R, ?",R,U,S,T,S,Logical,Hard
Choose the synonym of 'rapid'.,late,weak,small,fast,fast,Verbal,Easy
"If 10 workers finish a task in 5 days, how many worker-days are needed?",50,48,52,55,50,Puzzle,Hard
What is 99 + 19?,118,116,125,121,118,Quantitative,Easy
What is the square of 20?,405,400,401,399,400,Quantitative,Hard
"Find the next letter in the series: R, S, T, ?",V,U,T,W,U,Logical,Hard
Choose the synonym of 'benefit'.,weak,late,small,advantage,advantage,Verbal,Medium
"If 2 workers finish a task in 4 days, how many worker-days are needed?",10,13,8,6,8,Puzzle,Medium
What is 34 + 77?,111,114,109,118,111,Quantitative,Easy
What is the square of 18?,323,329,324,325,324,Quantitative,Hard
"Find the next letter in the series: S, T, U, ?",V,U,X,W,V,Logical,Easy
Choose the synonym of 'benefit'.,advantage,weak,late,small,advantage,Verbal,Easy
"If 9 workers finish a task in 5 days, how many worker-days are needed?",47,50,45,43,45,Puzzle,Hard
What is 22 + 75?,100,104,95,97,97,Quantitative,Easy
What is the square of 17?,289,290,288,294,289,Quantitative,Easy
"Find the next letter in the series: N, O, P, ?",S,R,Q,P,Q,Logical,Hard
Choose the synonym of 'bright'.,weak,small,smart,late,smart,Verbal,Easy
"If 4 workers finish a task in 8 days, how many worker-days are needed?",37,30,32,34,32,Puzzle,Medium
What is 38 + 44?,82,89,85,80,82,Quantitative,Medium
What is the square of 13?,170,169,168,174,169,Quantitative,Medium
"Find the next letter in the series: L, M, N, ?",Q,N,P,O,O,Logical,Hard
Choose the synonym of 'benefit'.,late,weak,advantage,small,advantage,Verbal,Medium
"If 9 workers finish a task in 7 days, how many worker-days are needed?",68,61,65,63,63,Puzzle,Hard
What is 59 + 78?,144,140,137,135,137,Quantitative,Easy
What is the square of 12?,144,149,143,145,144,Quantitative,Medium
"Find the next letter in the series: N, O, P, ?",Q,R,P,S,Q,Logical,Easy
Choose the synonym of 'honest'.,weak,small,truthful,late,truthful,Verbal,Medium
"If 3 workers finish a task in 10 days, how many worker-days are needed?",32,30,28,35,30,Puzzle,Hard
What is 61 + 67?,135,126,131,128,128,Quantitative,Medium
What is the square of 10?,105,100,101,99,100,Quantitative,Easy
"Find the next letter in the series: B, C, D, ?",F,D,G,E,E,Logical,Medium
Choose the synonym of 'honest'.,weak,small,late,truthful,truthful,Verbal,Hard
"If 10 workers finish a task in 3 days, how many worker-days are needed?",30,35,32,28,30,Puzzle,Medium
What is 74 + 66?,138,143,140,147,140,Quantitative,Hard
What is the square of 16?,261,255,256,257,256,Quantitative,Easy
"Find the next letter in the series: J, K, L, ?",N,M,O,L,M,Logical,Medium
Choose the synonym of 'honest'.,truthful,late,weak,small,truthful,Verbal,Easy
"If 10 workers finish a task in 4 days, how many worker-days are needed?",38,45,40,42,40,Puzzle,Easy
What is 34 + 50?,87,84,91,82,84,Quantitative,Hard
What is the square of 17?,289,290,288,294,289,Quantitative,Hard
"Find the next letter in the series: H, I, J, ?",J,L,M,K,K,Logical,Easy
Choose the synonym of 'honest'.,late,truthful,weak,small,truthful,Verbal,Medium
"If 10 workers finish a task in 3 days, how many worker-days are needed?",28,35,30,32,30,Puzzle,Hard
What is 33 + 76?,112,116,107,109,109,Quantitative,Hard
What is the square of 14?,201,196,195,197,196,Quantitative,Hard
"Find the next letter in the series: K, L, M, ?",O,P,N,M,N,Logical,Easy
Choose the synonym of 'rapid'.,fast,small,weak,late,fast,Verbal,Medium
"If 8 workers finish a task in 5 days, how many worker-days are needed?",42,45,40,38,40,Puzzle,Hard
What is 21 + 87?,115,111,108,106,108,Quantitative,Hard
What is the square of 12?,149,143,144,145,144,Quantitative,Medium
"Find the next letter in the series: C, D, E, ?",H,G,E,F,F,Logical,Easy
Choose the synonym of 'ancient'.,old,small,late,weak,old,Verbal,Hard
"If 8 workers finish a task in 6 days, how many worker-days are needed?",53,50,48,46,48,Puzzle,Medium
What is 34 + 72?,113,109,106,104,106,Quantitative,Medium
What is the square of 5?,26,24,30,25,25,Quantitative,Hard
"Find the next letter in the series: D, E, F, ?",F,H,I,G,G,Logical,Medium
Choose the synonym of 'rapid'.,weak,fast,small,late,fast,Verbal,Easy
"If 9 workers finish a task in 6 days, how many worker-days are needed?",52,59,56,54,54,Puzzle,Medium
What is 53 + 25?,76,85,81,78,78,Quantitative,Medium
What is the square of 17?,290,288,289,294,289,Quantitative,Medium
"Find the next letter in the series: D, E, F, ?",I,G,H,F,G,Logical,Hard
Choose the synonym of 'honest'.,weak,late,small,truthful,truthful,Verbal,Easy
"If 7 workers finish a task in 3 days, how many worker-days are needed?",19,23,21,26,21,Puzzle,Hard
What is 74 + 42?,119,116,123,114,116,Quantitative,Easy
What is the square of 9?,81,86,82,80,81,Quantitative,Hard
"Find the next letter in the series: A, B, C, ?",C,F,E,D,D,Logical,Hard
Choose the synonym of 'benefit'.,advantage,late,weak,small,advantage,Verbal,Hard
"If 5 workers finish a task in 2 days, how many worker-days are needed?",15,12,8,10,10,Puzzle,Easy
What is 54 + 85?,139,146,137,142,139,Quantitative,Easy
What is the square of 5?,26,25,24,30,25,Quantitative,Hard
"Find the next letter in the series: S, T, U, ?",X,U,V,W,V,Logical,Hard
Choose the synonym of 'rapid'.,weak,small,fast,late,fast,Verbal,Medium
"If 6 workers finish a task in 3 days, how many worker-days are needed?",23,18,20,16,18,Puzzle,Easy
What is 14 + 63?,80,84,77,75,77,Quantitative,Medium
What is the square of 5?,24,26,30,25,25,Quantitative,Medium
"Find the next letter in the series: N, O, P, ?",Q,P,S,R,Q,Logical,Hard
Choose the synonym of 'honest'.,truthful,late,weak,small,truthful,Verbal,Medium
"If 6 workers finish a task in 8 days, how many worker-days are needed?",50,46,48,53,48,Puzzle,Medium
What is 90 + 43?,131,133,136,140,133,Quantitative,Easy
What is the square of 3?,9,14,8,10,9,Quantitative,Medium
"Find the next letter in the series: Q, R, S, ?",V,S,U,T,T,Logical,Hard
Choose the synonym of 'bright'.,small,smart,late,weak,smart,Verbal,Easy
"If 2 workers finish a task in 3 days, how many worker-days are needed?",6,11,4,8,6,Puzzle,Medium
What is 60 + 81?,139,144,141,148,141,Quantitative,Hard
What is the square of 14?,196,197,195,201,196,Quantitative,Easy
"Find the next letter in the series: H, I, J, ?",M,K,L,J,K,Logical,Easy
Choose the synonym of 'bright'.,weak,small,late,smart,smart,Verbal,Medium
"If 6 workers finish a task in 2 days, how many worker-days are needed?",10,17,12,14,12,Puzzle,Easy
What is 68 + 10?,78,85,76,81,78,Quantitative,Easy
What is the square of 6?,41,35,37,36,36,Quantitative,Hard
"Find the next letter in the series: I, J, K, ?",N,M,L,K,L,Logical,Hard
Choose the synonym of 'bright'.,smart,small,weak,late,smart,Verbal,Easy
"If 10 workers finish a task in 8 days, how many worker-days are needed?",82,85,78,80,80,Puzzle,Hard
What is 20 + 34?,61,54,57,52,54,Quantitative,Hard
What is the square of 7?,48,49,50,54,49,Quantitative,Hard
"Find the next letter in the series: M, N, O, ?",R,O,P,Q,P,Logical,Medium
Choose the synonym of 'ancient'.,small,late,weak,old,old,Verbal,Easy
"If 10 workers finish a task in 3 days, how many worker-days are needed?",32,35,28,30,30,Puzzle,Easy
What is 98 + 24?,120,129,122,125,122,Quantitative,Medium
What is the square of 13?,174,170,169,168,169,Quantitative,Easy
"Find the next letter in the series: E, F, G, ?",H,G,J,I,H,Logical,Hard
Choose the synonym of 'benefit'.,weak,late,advantage,small,advantage,Verbal,Medium
"If 2 workers finish a task in 5 days, how many worker-days are needed?",8,10,15,12,10,Puzzle,Medium
What is 26 + 53?,82,77,86,79,79,Quantitative,Medium
What is the square of 17?,288,294,289,290,289,Quantitative,Easy
"Find the next letter in the series: I, J, K, ?",N,M,L,K,L,Logical,Hard
Choose the synonym of 'bright'.,weak,small,smart,late,smart,Verbal,Medium
"If 7 workers finish a task in 10 days, how many worker-days are needed?",68,75,70,72,70,Puzzle,Easy
What is 79 + 39?,116,118,121,125,118,Quantitative,Easy
What is the square of 7?,50,54,48,49,49,Quantitative,Medium
"Find the next letter in the series: A, B, C, ?",E,D,F,C,D,Logical,Medium
Choose the synonym of 'benefit'.,small,weak,advantage,late,advantage,Verbal,Hard
"If 9 workers finish a task in 4 days, how many worker-days are needed?",34,38,41,36,36,Puzzle,Easy
What is 50 + 60?,117,110,113,108,110,Quantitative,Easy
What is the square of 14?,201,195,196,197,196,Quantitative,Easy
"Find the next letter in the series: C, D, E, ?",G,F,H,E,F,Logical,Easy
Choose the synonym of 'ancient'.,weak,late,old,small,old,Verbal,Medium
"If 6 workers finish a task in 4 days, how many worker-days are needed?",29,22,26,24,24,Puzzle,Easy
What is 86 + 23?,116,109,107,112,109,Quantitative,Hard
What is the square of 19?,362,366,360,361,361,Quantitative,Medium
"Find the next letter in the series: M, N, O, ?",O,P,R,Q,P,Logical,Medium
Choose the synonym of 'honest'.,weak,small,truthful,late,truthful,Verbal,Hard
"If 10 workers finish a task in 10 days, how many worker-days are needed?",100,98,105,102,100,Puzzle,Medium
What is 34 + 87?,121,124,128,119,121,Quantitative,Hard
What is the square of 8?,69,64,65,63,64,Quantitative,Easy
"Find the next letter in the series: C, D, E, ?",H,E,F,G,F,Logical,Easy
Choose the synonym of 'bright'.,late,weak,smart,small,smart,Verbal,Medium
"If 2 workers finish a task in 4 days, how many worker-days are needed?",10,13,8,6,8,Puzzle,Medium
What is 12 + 73?,88,92,83,85,85,Quantitative,Easy
What is the square of 19?,360,366,362,361,361,Quantitative,Medium
"Find the next letter in the series: E, F, G, ?",G,I,H,J,H,Logical,Easy
Choose the synonym of 'ancient'.,weak,old,small,late,old,Verbal,Hard
"If 9 workers finish a task in 8 days, how many worker-days are needed?",77,74,72,70,72,Puzzle,Hard
What is 14 + 38?,59,55,52,50,52,Quantitative,Hard
What is the square of 20?,400,405,399,401,400,Quantitative,Hard
"Find the next letter in the series: D, E, F, ?",G,H,I,F,G,Logical,Easy
Choose the synonym of 'honest'.,truthful,small,weak,late,truthful,Verbal,Hard
"If 3 workers finish a task in 4 days, how many worker-days are needed?",12,14,10,17,12,Puzzle,Medium
What is 63 + 55?,116,121,125,118,118,Quantitative,Medium
What is the square of 8?,65,69,63,64,64,Quantitative,Hard
"Find the next letter in the series: H, I, J, ?",J,L,M,K,K,Logical,Easy
Choose the synonym of 'bright'.,weak,small,late,smart,smart,Verbal,Hard
"If 3 workers finish a task in 3 days, how many worker-days are needed?",11,9,7,14,9,Puzzle,Easy
What is 76 + 77?,151,160,156,153,153,Quantitative,Hard
What is the square of 17?,290,294,288,289,289,Quantitative,Medium
"Find the next letter in the series: H, I, J, ?",K,L,J,M,K,Logical,Hard
Choose the synonym of 'benefit'.,small,late,advantage,weak,advantage,Verbal,Hard
"If 6 workers finish a task in 9 days, how many worker-days are needed?",54,59,52,56,54,Puzzle,Hard
What is 46 + 23?,76,72,69,67,69,Quantitative,Easy
What is the square of 12?,143,149,145,144,144,Quantitative,Hard
"Find the next letter in the series: G, H, I, ?",L,J,I,K,J,Logical,Medium
Choose the synonym of 'benefit'.,weak,advantage,late,small,advantage,Verbal,Medium
"If 3 workers finish a task in 6 days, how many worker-days are needed?",18,20,16,23,18,Puzzle,Hard
What is 83 + 59?,142,145,140,149,142,Quantitative,Hard
What is the square of 12?,143,145,144,149,144,Quantitative,Easy
"Find the next letter in the series: G, H, I, ?",L,I,K,J,J,Logical,Easy
Choose the synonym of 'rapid'.,late,weak,fast,small,fast,Verbal,Easy
"If 9 workers finish a task in 8 days, how many worker-days are needed?",72,70,74,77,72,Puzzle,Hard
What is 22 + 53?,78,82,73,75,75,Quantitative,Hard
What is the square of 9?,80,81,86,82,81,Quantitative,Easy
"Find the next letter in the series: G, H, I, ?",I,L,J,K,J,Logical,Medium
Choose the synonym of 'ancient'.,late,old,weak,small,old,Verbal,Easy
"If 2 workers finish a task in 5 days, how many worker-days are needed?",15,8,12,10,10,Puzzle,Hard
What is 67 + 92?,166,157,162,159,159,Quantitative,Medium
What is the square of 11?,121,122,126,120,121,Quantitative,Medium
"Find the next letter in the series: I, J, K, ?",N,M,L,K,L,Logical,Hard
Choose the synonym of 'benefit'.,weak,advantage,small,late,advantage,Verbal,Easy
"If 3 workers finish a task in 10 days, how many worker-days are needed?",32,35,30,28,30,Puzzle,Hard
What is 82 + 41?,121,126,130,123,123,Quantitative,Medium
What is the square of 8?,63,69,65,64,64,Quantitative,Hard
"Find the next letter in the series: G, H, I, ?",J,L,I,K,J,Logical,Easy
Choose the synonym of 'benefit'.,small,late,advantage,weak,advantage,Verbal,Easy
"If 3 workers finish a task in 9 days, how many worker-days are needed?",25,29,27,32,27,Puzzle,Hard
What is 33 + 97?,130,133,128,137,130,Quantitative,Medium
What is the square of 4?,15,21,17,16,16,Quantitative,Easy
"Find the next letter in the series: F, G, H, ?",I,H,K,J,I,Logical,Medium
Choose the synonym of 'bright'.,late,small,smart,weak,smart,Verbal,Hard
"If 7 workers finish a task in 9 days, how many worker-days are needed?",61,63,65,68,63,Puzzle,Hard
What is 32 + 30?,62,69,65,60,62,Quantitative,Hard
What is the square of 17?,294,289,290,288,289,Quantitative,Hard
"Find the next letter in the series: O, P, Q, ?",Q,R,T,S,R,Logical,Hard
Choose the synonym of 'rapid'.,weak,small,late,fast,fast,Verbal,Hard
"If 2 workers finish a task in 4 days, how many worker-days are needed?",10,13,8,6,8,Puzzle,Medium
What is 69 + 66?,138,133,142,135,135,Quantitative,Easy
What is the square of 5?,30,24,26,25,25,Quantitative,Easy
"Find the next letter in the series: P, Q, R, ?",S,R,U,T,S,Logical,Hard
Choose the synonym of 'ancient'.,old,weak,late,small,old,Verbal,Medium
"If 7 workers finish a task in 5 days, how many worker-days are needed?",37,40,35,33,35,Puzzle,Easy
What is 41 + 29?,77,68,73,70,70,Quantitative,Medium
What is the square of 11?,126,120,121,122,121,Quantitative,Hard
"Find the next letter in the series: F, G, H, ?",K,H,I,J,I,Logical,Hard
Choose the synonym of 'benefit'.,advantage,weak,late,small,advantage,Verbal,Medium
"If 10 workers finish a task in 8 days, how many worker-days are needed?",80,82,85,78,80,Puzzle,Medium
What is 16 + 68?,82,91,84,87,84,Quantitative,Hard
What is the square of 5?,26,25,24,30,25,Quantitative,Hard
"Find the next letter in the series: A, B, C, ?",C,F,E,D,D,Logical,Medium
Choose the synonym of 'bright'.,late,smart,small,weak,smart,Verbal,Easy
"If 9 workers finish a task in 4 days, how many worker-days are needed?",41,34,36,38,36,Puzzle,Medium
What is 32 + 80?,115,112,110,119,112,Quantitative,Easy
What is the square of 5?,26,24,25,30,25,Quantitative,Easy
"Find the next letter in the series: F, G, H, ?",J,K,I,H,I,Logical,Hard
Choose the synonym of 'benefit'.,weak,small,advantage,late,advantage,Verbal,Easy
"If 4 workers finish a task in 5 days, how many worker-days are needed?",25,20,22,18,20,Puzzle,Medium
What is 94 + 25?,119,122,126,117,119,Quantitative,Hard
What is the square of 7?,48,50,54,49,49,Quantitative,Medium
"Find the next letter in the series: M, N, O, ?",Q,O,P,R,P,Logical,Medium
Choose the synonym of 'bright'.,smart,small,late,weak,smart,Verbal,Hard
"If 7 workers finish a task in 3 days, how many worker-days are needed?",26,21,19,23,21,Puzzle,Easy
What is 67 + 66?,131,136,140,133,133,Quantitative,Easy
What is the square of 13?,170,168,169,174,169,Quantitative,Hard
"Find the next letter in the series: S, T, U, ?",X,W,U,V,V,Logical,Easy
Choose the synonym of 'bright'.,small,late,smart,weak,smart,Verbal,Hard
"If 3 workers finish a task in 3 days, how many worker-days are needed?",9,14,7,11,9,Puzzle,Hard
What is 23 + 41?,62,71,67,64,64,Quantitative,Medium
What is the square of 9?,80,82,86,81,81,Quantitative,Medium
"Find the next letter in the series: E, F, G, ?",G,J,I,H,H,Logical,Medium
Choose the synonym of 'ancient'.,weak,old,late,small,old,Verbal,Easy
"If 5 workers finish a task in 6 days, how many worker-days are needed?",32,35,28,30,30,Puzzle,Hard
What is 24 + 48?,79,75,70,72,72,Quantitative,Hard
What is the square of 12?,143,144,149,145,144,Quantitative,Hard
"Find the next letter in the series: I, J, K, ?",K,M,N,L,L,Logical,Hard
Choose the synonym of 'benefit'.,late,weak,advantage,small,advantage,Verbal,Easy
"If 6 workers finish a task in 4 days, how many worker-days are needed?",26,22,24,29,24,Puzzle,Hard
What is 53 + 14?,65,74,67,70,67,Quantitative,Hard
What is the square of 18?,323,329,325,324,324,Quantitative,Hard
"Find the next letter in the series: H, I, J, ?",M,J,L,K,K,Logical,Medium
Choose the synonym of 'bright'.,small,weak,late,smart,smart,Verbal,Medium
"If 2 workers finish a task in 7 days, how many worker-days are needed?",16,19,14,12,14,Puzzle,Easy
What is 20 + 42?,69,60,65,62,62,Quantitative,Easy
What is the square of 7?,54,48,49,50,49,Quantitative,Medium
"Find the next letter in the series: C, D, E, ?",F,E,G,H,F,Logical,Hard
Choose the synonym of 'ancient'.,weak,small,late,old,old,Verbal,Hard
"If 2 workers finish a task in 8 days, how many worker-days are needed?",18,16,14,21,16,Puzzle,Easy
What is 47 + 32?,82,77,86,79,79,Quantitative,Easy
What is the square of 5?,30,26,25,24,25,Quantitative,Easy
"Find the next letter in the series: R, S, T, ?",V,T,U,W,U,Logical,Medium
Choose the synonym of 'ancient'.,late,weak,small,old,old,Verbal,Medium
"If 9 workers finish a task in 3 days, how many worker-days are needed?",32,27,29,25,27,Puzzle,Medium
What is 97 + 33?,137,133,130,128,130,Quantitative,Easy
What is the square of 5?,24,25,26,30,25,Quantitative,Easy
"Find the next letter in the series: I, J, K, ?",L,K,M,N,L,Logical,Easy
Choose the synonym of 'ancient'.,old,weak,late,small,old,Verbal,Easy
"If 9 workers finish a task in 7 days, how many worker-days are needed?",61,68,63,65,63,Puzzle,Hard
What is 72 + 42?,117,114,112,121,114,Quantitative,Easy
What is the square of 15?,230,224,225,226,225,Quantitative,Hard
"Find the next letter in the series: T, U, V, ?",V,W,Y,X,W,Logical,Medium
Choose the synonym of 'benefit'.,late,small,weak,advantage,advantage,Verbal,Hard
"If 3 workers finish a task in 6 days, how many worker-days are needed?",16,20,23,18,18,Puzzle,Easy
What is 93 + 95?,191,186,195,188,188,Quantitative,Medium
What is the square of 6?,41,35,36,37,36,Quantitative,Hard
"Find the next letter in the series: M, N, O, ?",O,P,Q,R,P,Logical,Medium
Choose the synonym of 'ancient'.,weak,late,old,small,old,Verbal,Medium
"If 6 workers finish a task in 5 days, how many worker-days are needed?",30,35,28,32,30,Puzzle,Medium
What is 45 + 86?,134,131,129,138,131,Quantitative,Easy
What is the square of 9?,82,80,81,86,81,Quantitative,Hard
"Find the next letter in the series: G, H, I, ?",I,L,K,J,J,Logical,Easy
Choose the synonym of 'rapid'.,weak,small,fast,late,fast,Verbal,Hard
"If 7 workers finish a task in 2 days, how many worker-days are needed?",19,12,16,14,14,Puzzle,Hard
What is 58 + 52?,110,117,113,108,110,Quantitative,Medium
What is the square of 5?,25,24,26,30,25,Quantitative,Easy
"Find the next letter in the series: N, O, P, ?",R,P,S,Q,Q,Logical,Easy
Choose the synonym of 'benefit'.,small,late,advantage,weak,advantage,Verbal,Hard
"If 5 workers finish a task in 6 days, how many worker-days are needed?",32,30,35,28,30,Puzzle,Medium
What is 32 + 48?,80,78,87,83,80,Quantitative,Medium
What is the square of 17?,289,290,294,288,289,Quantitative,Hard
"Find the next letter in the series: O, P, Q, ?",Q,T,R,S,R,Logical,Easy
Choose the synonym of 'rapid'.,late,small,fast,weak,fast,Verbal,Hard
"If 5 workers finish a task in 5 days, how many worker-days are needed?",30,25,27,23,25,Puzzle,Hard
What is 74 + 94?,166,175,171,168,168,Quantitative,Medium
What is the square of 15?,226,230,224,225,225,Quantitative,Easy
"Find the next letter in the series: I, J, K, ?",K,L,M,N,L,Logical,Hard
Choose the synonym of 'honest'.,small,truthful,late,weak,truthful,Verbal,Hard
"If 2 workers finish a task in 3 days, how many worker-days are needed?",4,8,11,6,6,Puzzle,Medium
What is 43 + 14?,57,64,60,55,57,Quantitative,Hard
What is the square of 15?,224,225,226,230,225,Quantitative,Hard
"Find the next letter in the series: K, L, M, ?",N,P,O,M,N,Logical,Easy
Choose the synonym of 'benefit'.,small,weak,late,advantage,advantage,Verbal,Easy
"If 2 workers finish a task in 9 days, how many worker-days are needed?",18,20,23,16,18,Puzzle,Medium
What is 91 + 66?,155,157,164,160,157,Quantitative,Medium
What is the square of 4?,15,17,21,16,16,Quantitative,Medium
"Find the next letter in the series: J, K, L, ?",M,N,O,L,M,Logical,Hard
Choose the synonym of 'benefit'.,small,late,weak,advantage,advantage,Verbal,Easy
"If 5 workers finish a task in 9 days, how many worker-days are needed?",45,50,43,47,45,Puzzle,Medium
What is 86 + 79?,165,163,168,172,165,Quantitative,Easy
What is the square of 8?,65,69,64,63,64,Quantitative,Hard
"Find the next letter in the series: A, B, C, ?",E,F,D,C,D,Logical,Easy
Choose the synonym of 'rapid'.,small,weak,late,fast,fast,Verbal,Hard
"If 4 workers finish a task in 10 days, how many worker-days are needed?",38,42,40,45,40,Puzzle,Hard
What is 98 + 92?,190,193,188,197,190,Quantitative,Hard
What is the square of 4?,21,15,17,16,16,Quantitative,Hard
"Find the next letter in the series: C, D, E, ?",G,F,H,E,F,Logical,Hard
Choose the synonym of 'honest'.,weak,truthful,small,late,truthful,Verbal,Medium
"If 4 workers finish a task in 2 days, how many worker-days are needed?",6,8,10,13,8,Puzzle,Easy
What is 75 + 88?,161,166,163,170,163,Quantitative,Medium
What is the square of 19?,366,360,362,361,361,Quantitative,Medium
"Find the next letter in the series: P, Q, R, ?",R,S,U,T,S,Logical,Hard
Choose the synonym of 'rapid'.,fast,small,weak,late,fast,Verbal,Easy
"If 5 workers finish a task in 6 days, how many worker-days are needed?",35,30,32,28,30,Puzzle,Hard
What is 32 + 25?,60,64,55,57,57,Quantitative,Easy
What is the square of 10?,101,99,100,105,100,Quantitative,Hard
"Find the next letter in the series: N, O, P, ?",S,P,R,Q,Q,Logical,Easy
Choose the synonym of 'rapid'.,small,fast,weak,late,fast,Verbal,Hard
"If 5 workers finish a task in 7 days, how many worker-days are needed?",40,33,37,35,35,Puzzle,Easy
What is 99 + 96?,198,202,193,195,195,Quantitative,Medium
What is the square of 12?,145,149,143,144,144,Quantitative,Medium
"Find the next letter in the series: E, F, G, ?",G,J,H,I,H,Logical,Medium
Choose the synonym of 'ancient'.,old,late,weak,small,old,Verbal,Medium
"If 10 workers finish a task in 8 days, how many worker-days are needed?",85,78,82,80,80,Puzzle,Medium
What is 43 + 58?,101,108,99,104,101,Quantitative,Easy
What is the square of 8?,65,63,64,69,64,Quantitative,Easy
"Find the next letter in the series: F, G, H, ?",J,I,H,K,I,Logical,Medium
Choose the synonym of 'bright'.,small,late,weak,smart,smart,Verbal,Easy
"If 9 workers finish a task in 4 days, how many worker-days are needed?",38,34,36,41,36,Puzzle,Medium
What is 20 + 40?,63,58,60,67,60,Quantitative,Medium
What is the square of 15?,230,224,226,225,225,Quantitative,Hard
"Find the next letter in the series: B, C, D, ?",G,F,D,E,E,Logical,Medium
Choose the synonym of 'benefit'.,weak,advantage,small,late,advantage,Verbal,Easy
"If 10 workers finish a task in 2 days, how many worker-days are needed?",22,25,20,18,20,Puzzle,Easy
What is 26 + 13?,37,42,46,39,39,Quantitative,Easy
What is the square of 5?,24,26,25,30,25,Quantitative,Easy
"Find the next letter in the series: R, S, T, ?",V,T,W,U,U,Logical,Hard
Choose the synonym of 'honest'.,late,truthful,small,weak,truthful,Verbal,Easy
"If 5 workers finish a task in 7 days, how many worker-days are needed?",35,37,40,33,35,Puzzle,Easy
What is 68 + 35?,110,103,106,101,103,Quantitative,Hard
What is the square of 6?,37,36,35,41,36,Quantitative,Medium
"Find the next letter in the series: K, L, M, ?",O,M,N,P,N,Logical,Hard
Choose the synonym of 'benefit'.,weak,late,small,advantage,advantage,Verbal,Medium
"If 10 workers finish a task in 8 days, how many worker-days are needed?",80,78,82,85,80,Puzzle,Hard
What is 14 + 95?,107,109,116,112,109,Quantitative,Easy
What is the square of 12?,143,144,149,145,144,Quantitative,Easy
"Find the next letter in the series: K, L, M, ?",N,O,P,M,N,Logical,Hard
Choose the synonym of 'benefit'.,small,advantage,late,weak,advantage,Verbal,Easy
"If 2 workers finish a task in 6 days, how many worker-days are needed?",12,17,10,14,12,Puzzle,Easy
What is 83 + 45?,128,135,126,131,128,Quantitative,Medium
What is the square of 7?,54,49,50,48,49,Quantitative,Medium
"Find the next letter in the series: P, Q, R, ?",S,R,U,T,S,Logical,Easy
Choose the synonym of 'honest'.,truthful,weak,late,small,truthful,Verbal,Medium
"If 7 workers finish a task in 3 days, how many worker-days are needed?",21,19,26,23,21,Puzzle,Hard
What is 77 + 73?,150,153,148,157,150,Quantitative,Easy
What is the square of 7?,54,50,49,48,49,Quantitative,Medium
"Find the next letter in the series: E, F, G, ?",H,I,J,G,H,Logical,Medium
Choose the synonym of 'honest'.,late,weak,small,truthful,truthful,Verbal,Easy
"If 4 workers finish a task in 7 days, how many worker-days are needed?",33,30,28,26,28,Puzzle,Easy
What is 48 + 85?,140,131,136,133,133,Quantitative,Hard
What is the square of 8?,65,64,69,63,64,Quantitative,Hard
"Find the next letter in the series: N, O, P, ?",R,Q,P,S,Q,Logical,Medium
Choose the synonym of 'rapid'.,small,weak,fast,late,fast,Verbal,Easy
"If 7 workers finish a task in 6 days, how many worker-days are needed?",47,44,42,40,42,Puzzle,Medium
What is 98 + 46?,144,151,142,147,144,Quantitative,Medium
What is the square of 20?,401,400,399,405,400,Quantitative,Medium
"Find the next letter in the series: O, P, Q, ?",S,Q,T,R,R,Logical,Medium
Choose the synonym of 'ancient'.,old,late,weak,small,old,Verbal,Hard
"If 2 workers finish a task in 8 days, how many worker-days are needed?",21,14,18,16,16,Puzzle,Medium
What is 73 + 70?,141,143,146,150,143,Quantitative,Hard
What is the square of 6?,36,35,41,37,36,Quantitative,Easy
"Find the next letter in the series: I, J, K, ?",M,L,N,K,L,Logical,Easy
Choose the synonym of 'ancient'.,weak,old,late,small,old,Verbal,Hard
"If 8 workers finish a task in 6 days, how many worker-days are needed?",50,53,48,46,48,Puzzle,Easy
What is 49 + 31?,87,83,78,80,80,Quantitative,Easy
What is the square of 6?,36,37,35,41,36,Quantitative,Easy
"Find the next letter in the series: L, M, N, ?",N,O,Q,P,O,Logical,Medium
Choose the synonym of 'bright'.,late,small,smart,weak,smart,Verbal,Easy
"If 7 workers finish a task in 2 days, how many worker-days are needed?",16,12,19,14,14,Puzzle,Easy
What is 23 + 60?,90,83,81,86,83,Quantitative,Medium
What is the square of 9?,86,80,81,82,81,Quantitative,Hard
"Find the next letter in the series: T, U, V, ?",W,V,X,Y,W,Logical,Easy
Choose the synonym of 'benefit'.,late,weak,small,advantage,advantage,Verbal,Hard
"If 9 workers finish a task in 8 days, how many worker-days are needed?",77,72,74,70,72,Puzzle,Easy
What is 83 + 81?,167,171,164,162,164,Quantitative,Medium
What is the square of 19?,360,366,362,361,361,Quantitative,Hard
"Find the next letter in the series: P, Q, R, ?",U,R,T,S,S,Logical,Easy
Choose the synonym of 'bright'.,small,late,smart,weak,smart,Verbal,Easy
"If 9 workers finish a task in 8 days, how many worker-days are needed?",70,72,77,74,72,Puzzle,Medium
What is 37 + 47?,87,91,84,82,84,Quantitative,Easy
What is the square of 20?,400,401,405,399,400,Quantitative,Easy
"Find the next letter in the series: S, T, U, ?",V,X,W,U,V,Logical,Easy
Choose the synonym of 'bright'.,late,small,weak,smart,smart,Verbal,Hard
"If 6 workers finish a task in 7 days, how many worker-days are needed?",47,40,42,44,42,Puzzle,Hard
What is 97 + 67?,164,167,171,162,164,Quantitative,Hard
What is the square of 3?,10,9,14,8,9,Quantitative,Medium
"Find the next letter in the series: G, H, I, ?",I,L,K,J,J,Logical,Medium
Choose the synonym of 'ancient'.,weak,small,late,old,old,Verbal,Easy
"If 8 workers finish a task in 5 days, how many worker-days are needed?",40,42,45,38,40,Puzzle,Medium
What is 41 + 20?,59,68,64,61,61,Quantitative,Medium
What is the square of 9?,82,81,80,86,81,Quantitative,Medium
"Find the next letter in the series: M, N, O, ?",P,R,O,Q,P,Logical,Medium
Choose the synonym of 'bright'.,small,smart,weak,late,smart,Verbal,Easy
"If 2 workers finish a task in 9 days, how many worker-days are needed?",20,23,18,16,18,Puzzle,Hard
What is 31 + 26?,60,57,55,64,57,Quantitative,Easy
What is the square of 8?,63,65,64,69,64,Quantitative,Easy
"Find the next letter in the series: E, F, G, ?",J,H,I,G,H,Logical,Hard
Choose the synonym of 'ancient'.,late,weak,old,small,old,Verbal,Medium
"If 7 workers finish a task in 7 days, how many worker-days are needed?",49,54,47,51,49,Puzzle,Medium
What is 97 + 87?,184,182,191,187,184,Quantitative,Hard
What is the square of 3?,9,8,14,10,9,Quantitative,Medium
"Find the next letter in the series: F, G, H, ?",H,J,I,K,I,Logical,Medium
Choose the synonym of 'bright'.,small,smart,weak,late,smart,Verbal,Hard
"If 9 workers finish a task in 7 days, how many worker-days are needed?",65,68,63,61,63,Puzzle,Easy
What is 67 + 75?,140,145,149,142,142,Quantitative,Medium
What is the square of 20?,399,400,401,405,400,Quantitative,Easy
"Find the next letter in the series: K, L, M, ?",O,N,M,P,N,Logical,Medium
Choose the synonym of 'rapid'.,late,fast,small,weak,fast,Verbal,Easy
"If 8 workers finish a task in 4 days, how many worker-days are needed?",34,32,37,30,32,Puzzle,Hard
What is 65 + 61?,133,124,126,129,126,Quantitative,Medium
What is the square of 14?,201,195,196,197,196,Quantitative,Hard
"Find the next letter in the series: D, E, F, ?",F,G,I,H,G,Logical,Hard
Choose the synonym of 'honest'.,late,weak,small,truthful,truthful,Verbal,Easy
"If 3 workers finish a task in 10 days, how many worker-days are needed?",28,30,32,35,30,Puzzle,Medium
What is 94 + 30?,127,131,124,122,124,Quantitative,Easy
What is the square of 9?,86,80,82,81,81,Quantitative,Medium
"Find the next letter in the series: C, D, E, ?",F,G,H,E,F,Logical,Medium
Choose the synonym of 'bright'.,late,smart,small,weak,smart,Verbal,Hard
"If 5 workers finish a task in 6 days, how many worker-days are needed?",35,32,28,30,30,Puzzle,Easy
What is 29 + 88?,117,120,115,124,117,Quantitative,Medium
What is the square of 6?,37,36,35,41,36,Quantitative,Easy
"Find the next letter in the series: D, E, F, ?",H,G,F,I,G,Logical,Easy
Choose the synonym of 'honest'.,weak,small,late,truthful,truthful,Verbal,Medium
"If 4 workers finish a task in 6 days, how many worker-days are needed?",24,22,26,29,24,Puzzle,Hard
What is 91 + 20?,111,118,114,109,111,Quantitative,Medium
What is the square of 13?,168,169,170,174,169,Quantitative,Hard
"Find the next letter in the series: L, M, N, ?",P,O,N,Q,O,Logical,Medium
Choose the synonym of 'honest'.,truthful,weak,small,late,truthful,Verbal,Medium
"If 6 workers finish a task in 6 days, how many worker-days are needed?",41,36,38,34,36,Puzzle,Medium
What is 82 + 46?,131,135,128,126,128,Quantitative,Medium
What is the square of 13?,168,170,174,169,169,Quantitative,Easy
"Find the next letter in the series: J, K, L, ?",O,M,L,N,M,Logical,Hard
Choose the synonym of 'bright'.,late,smart,small,weak,smart,Verbal,Medium
"If 2 workers finish a task in 4 days, how many worker-days are needed?",13,8,6,10,8,Puzzle,Medium
What is 38 + 17?,53,62,55,58,55,Quantitative,Easy
What is the square of 19?,362,361,360,366,361,Quantitative,Medium
"Find the next letter in the series: D, E, F, ?",I,G,F,H,G,Logical,Hard
Choose the synonym of 'rapid'.,weak,small,fast,late,fast,Verbal,Easy
"If 9 workers finish a task in 6 days, how many worker-days are needed?",52,56,54,59,54,Puzzle,Easy
What is 48 + 26?,81,77,74,72,74,Quantitative,Medium
What is the square of 5?,30,24,25,26,25,Quantitative,Hard
"Find the next letter in the series: M, N, O, ?",R,P,Q,O,P,Logical,Easy
Choose the synonym of 'honest'.,weak,truthful,late,small,truthful,Verbal,Medium
"If 2 workers finish a task in 4 days, how many worker-days are needed?",6,13,8,10,8,Puzzle,Hard
What is 26 + 27?,53,56,51,60,53,Quantitative,Medium
What is the square of 17?,288,289,294,290,289,Quantitative,Easy
"Find the next letter in the series: P, Q, R, ?",T,R,S,U,S,Logical,Hard
Choose the synonym of 'honest'.,small,weak,late,truthful,truthful,Verbal,Hard
"If 3 workers finish a task in 2 days, how many worker-days are needed?",4,6,11,8,6,Puzzle,Medium
What is 63 + 14?,75,84,80,77,77,Quantitative,Medium
What is the square of 7?,49,54,50,48,49,Quantitative,Medium
"Find the next letter in the series: F, G, H, ?",H,J,I,K,I,Logical,Easy
Choose the synonym of 'benefit'.,small,late,weak,advantage,advantage,Verbal,Hard
"If 6 workers finish a task in 3 days, how many worker-days are needed?",16,18,23,20,18,Puzzle,Hard
What is 69 + 72?,144,148,141,139,141,Quantitative,Easy
What is the square of 6?,37,36,35,41,36,Quantitative,Medium
"Find the next letter in the series: H, I, J, ?",K,L,M,J,K,Logical,Hard
Choose the synonym of 'ancient'.,weak,late,old,small,old,Verbal,Easy
"If 5 workers finish a task in 2 days, how many worker-days are needed?",10,8,15,12,10,Puzzle,Easy
What is 11 + 68?,79,82,77,86,79,Quantitative,Easy
What is the square of 13?,169,168,170,174,169,Quantitative,Medium
"Find the next letter in the series: S, T, U, ?",X,W,V,U,V,Logical,Easy
Choose the synonym of 'benefit'.,late,small,weak,advantage,advantage,Verbal,Medium
"If 7 workers finish a task in 10 days, how many worker-days are needed?",70,72,68,75,70,Puzzle,Medium
What is 52 + 13?,68,63,65,72,65,Quantitative,Easy
What is the square of 16?,256,255,257,261,256,Quantitative,Easy
"Find the next letter in the series: E, F, G, ?",J,H,G,I,H,Logical,Hard
Choose the synonym of 'honest'.,truthful,late,small,weak,truthful,Verbal,Hard
"If 10 workers finish a task in 9 days, how many worker-days are needed?",92,88,90,95,90,Puzzle,Easy
What is 63 + 93?,163,154,156,159,156,Quantitative,Medium
What is the square of 13?,174,169,168,170,169,Quantitative,Medium
"Find the next letter in the series: K, L, M, ?",N,O,P,M,N,Logical,Medium
Choose the synonym of 'rapid'.,late,small,fast,weak,fast,Verbal,Hard
"If 10 workers finish a task in 7 days, how many worker-days are needed?",75,68,70,72,70,Puzzle,Medium
What is 55 + 72?,134,130,125,127,127,Quantitative,Easy
What is the square of 6?,36,41,35,37,36,Quantitative,Hard
"Find the next letter in the series: S, T, U, ?",X,V,U,W,V,Logical,Easy
Choose the synonym of 'benefit'.,late,small,advantage,weak,advantage,Verbal,Easy
"If 4 workers finish a task in 10 days, how many worker-days are needed?",42,38,40,45,40,Puzzle,Medium
What is 40 + 18?,65,56,58,61,58,Quantitative,Easy
What is the square of 11?,126,121,122,120,121,Quantitative,Hard
"Find the next letter in the series: G, H, I, ?",K,L,I,J,J,Logical,Hard
Choose the synonym of 'bright'.,late,smart,small,weak,smart,Verbal,Hard
"If 7 workers finish a task in 5 days, how many worker-days are needed?",40,35,37,33,35,Puzzle,Easy
What is 13 + 13?,24,33,29,26,26,Quantitative,Hard
What is the square of 11?,121,122,126,120,121,Quantitative,Hard
"Find the next letter in the series: E, F, G, ?",J,H,G,I,H,Logical,Medium
Choose the synonym of 'rapid'.,late,small,fast,weak,fast,Verbal,Easy
"If 10 workers finish a task in 4 days, how many worker-days are needed?",40,45,38,42,40,Puzzle,Hard
What is 54 + 77?,129,131,134,138,131,Quantitative,Hard
What is the square of 20?,401,399,400,405,400,Quantitative,Hard
"Find the next letter in the series: L, M, N, ?",P,N,O,Q,O,Logical,Easy
Choose the synonym of 'honest'.,small,weak,late,truthful,truthful,Verbal,Hard
"If 9 workers finish a task in 10 days, how many worker-days are needed?",92,88,90,95,90,Puzzle,Medium
What is 16 + 22?,36,38,41,45,38,Quantitative,Easy
What is the square of 7?,54,50,48,49,49,Quantitative,Hard
"Find the next letter in the series: E, F, G, ?",G,J,H,I,H,Logical,Easy
Choose the synonym of 'bright'.,smart,weak,small,late,smart,Verbal,Medium
"If 2 workers finish a task in 8 days, how many worker-days are needed?",21,18,16,14,16,Puzzle,Easy
What is 17 + 61?,81,78,85,76,78,Quantitative,Easy
What is the square of 10?,105,100,101,99,100,Quantitative,Easy
"Find the next letter in the series: J, K, L, ?",N,O,L,M,M,Logical,Hard
Choose the synonym of 'rapid'.,small,fast,weak,late,fast,Verbal,Hard
"If 7 workers finish a task in 2 days, how many worker-days are needed?",16,12,19,14,14,Puzzle,Medium
What is 68 + 16?,84,87,82,91,84,Quantitative,Medium
What is the square of 13?,168,169,174,170,169,Quantitative,Easy
"Find the next letter in the series: D, E, F, ?",F,I,H,G,G,Logical,Medium
Choose the synonym of 'bright'.,weak,smart,small,late,smart,Verbal,Medium
"If 2 workers finish a task in 10 days, how many worker-days are needed?",25,20,22,18,20,Puzzle,Medium
What is 66 + 27?,93,91,100,96,93,Quantitative,Easy
What is the square of 15?,225,224,230,226,225,Quantitative,Hard
"Find the next letter in the series: R, S, T, ?",V,U,T,W,U,Logical,Hard
Choose the synonym of 'benefit'.,weak,late,advantage,small,advantage,Verbal,Easy
"If 5 workers finish a task in 7 days, how many worker-days are needed?",40,35,37,33,35,Puzzle,Hard
What is 41 + 92?,136,131,133,140,133,Quantitative,Easy
What is the square of 17?,290,289,288,294,289,Quantitative,Easy
"Find the next letter in the series: O, P, Q, ?",Q,T,R,S,R,Logical,Easy
Choose the synonym of 'rapid'.,fast,small,late,weak,fast,Verbal,Hard
"If 7 workers finish a task in 2 days, how many worker-days are needed?",16,19,14,12,14,Puzzle,Medium
What is 99 + 55?,157,154,152,161,154,Quantitative,Hard
What is the square of 9?,80,82,81,86,81,Quantitative,Hard
"Find the next letter in the series: K, L, M, ?",N,P,M,O,N,Logical,Easy
Choose the synonym of 'bright'.,smart,late,weak,small,smart,Verbal,Easy
"If 5 workers finish a task in 2 days, how many worker-days are needed?",15,12,8,10,10,Puzzle,Medium
What is 56 + 53?,112,107,109,116,109,Quantitative,Easy
What is the square of 16?,261,255,257,256,256,Quantitative,Hard
"Find the next letter in the series: D, E, F, ?",F,H,G,I,G,Logical,Hard
Choose the synonym of 'rapid'.,late,weak,small,fast,fast,Verbal,Hard
"If 4 workers finish a task in 8 days, how many worker-days are needed?",37,34,30,32,32,Puzzle,Easy
What is 17 + 55?,79,75,72,70,72,Quantitative,Medium
What is the square of 19?,360,366,361,362,361,Quantitative,Easy
"Find the next letter in the series: B, C, D, ?",F,G,D,E,E,Logical,Hard
Choose the synonym of 'rapid'.,small,late,weak,fast,fast,Verbal,Hard
"If 6 workers finish a task in 2 days, how many worker-days are needed?",12,14,17,10,12,Puzzle,Easy
What is 37 + 73?,108,110,113,117,110,Quantitative,Medium
What is the square of 20?,399,400,405,401,400,Quantitative,Medium
"Find the next letter in the series: P, Q, R, ?",S,U,T,R,S,Logical,Hard
Choose the synonym of 'rapid'.,late,weak,fast,small,fast,Verbal,Hard
"If 3 workers finish a task in 9 days, how many worker-days are needed?",29,27,32,25,27,Puzzle,Easy
What is 89 + 82?,174,169,178,171,171,Quantitative,Medium
What is the square of 14?,197,195,196,201,196,Quantitative,Medium
"Find the next letter in the series: R, S, T, ?",V,T,W,U,U,Logical,Medium
Choose the synonym of 'ancient'.,small,old,late,weak,old,Verbal,Medium
"If 10 workers finish a task in 6 days, how many worker-days are needed?",65,58,60,62,60,Puzzle,Medium
What is 59 + 86?,143,145,152,148,145,Quantitative,Easy
What is the square of 12?,143,145,149,144,144,Quantitative,Medium
"Find the next letter in the series: K, L, M, ?",O,M,P,N,N,Logical,Hard
Choose the synonym of 'rapid'.,small,weak,fast,late,fast,Verbal,Hard
"If 4 workers finish a task in 2 days, how many worker-days are needed?",6,8,13,10,8,Puzzle,Medium
What is 37 + 53?,97,88,93,90,90,Quantitative,Hard
What is the square of 11?,121,120,122,126,121,Quantitative,Medium
"Find the next letter in the series: U, V, W, ?",Y,X,Z,W,X,Logical,Medium
Choose the synonym of 'benefit'.,advantage,weak,small,late,advantage,Verbal,Medium
"If 10 workers finish a task in 10 days, how many worker-days are needed?",102,105,100,98,100,Puzzle,Hard
What is 61 + 68?,127,132,136,129,129,Quantitative,Medium
What is the square of 12?,143,149,144,145,144,Quantitative,Hard
"Find the next letter in the series: U, V, W, ?",X,Z,Y,W,X,Logical,Medium
Choose the synonym of 'ancient'.,old,small,weak,late,old,Verbal,Hard
"If 5 workers finish a task in 4 days, how many worker-days are needed?",25,22,18,20,20,Puzzle,Medium
What is 97 + 46?,150,141,146,143,143,Quantitative,Medium
What is the square of 11?,122,121,120,126,121,Quantitative,Medium
"Find the next letter in the series: P, Q, R, ?",R,U,S,T,S,Logical,Hard
Choose the synonym of 'honest'.,truthful,late,weak,small,truthful,Verbal,Easy
"If 2 workers finish a task in 7 days, how many worker-days are needed?",14,19,16,12,14,Puzzle,Hard
What is 99 + 88?,194,190,185,187,187,Quantitative,Easy
What is the square of 4?,16,15,17,21,16,Quantitative,Medium
"Find the next letter in the series: C, D, E, ?",H,F,E,G,F,Logical,Hard
Choose the synonym of 'honest'.,truthful,small,weak,late,truthful,Verbal,Medium
"If 8 workers finish a task in 6 days, how many worker-days are needed?",50,53,46,48,48,Puzzle,Easy
What is 60 + 41?,101,104,108,99,101,Quantitative,Easy
What is the square of 5?,24,26,30,25,25,Quantitative,Hard
"Find the next letter in the series: O, P, Q, ?",T,R,S,Q,R,Logical,Medium
Choose the synonym of 'bright'.,smart,weak,late,small,smart,Verbal,Hard
"If 5 workers finish a task in 3 days, how many worker-days are needed?",17,13,15,20,15,Puzzle,Medium
What is 15 + 40?,53,55,58,62,55,Quantitative,Easy
What is the square of 16?,261,256,255,257,256,Quantitative,Easy
"Find the next letter in the series: I, J, K, ?",M,K,L,N,L,Logical,Medium
Choose the synonym of 'bright'.,weak,late,smart,small,smart,Verbal,Medium
"If 4 workers finish a task in 9 days, how many worker-days are needed?",38,36,41,34,36,Puzzle,Medium
What is 35 + 35?,70,73,68,77,70,Quantitative,Hard
What is the square of 20?,405,399,400,401,400,Quantitative,Easy
"Find the next letter in the series: E, F, G, ?",I,J,G,H,H,Logical,Medium
Choose the synonym of 'benefit'.,small,weak,late,advantage,advantage,Verbal,Medium
"If 7 workers finish a task in 10 days, how many worker-days are needed?",72,70,75,68,70,Puzzle,Hard
What is 83 + 46?,127,132,129,136,129,Quantitative,Medium
What is the square of 19?,360,362,366,361,361,Quantitative,Hard
"Find the next letter in the series: I, J, K, ?",M,L,K,N,L,Logical,Easy
Choose the synonym of 'ancient'.,old,small,late,weak,old,Verbal,Easy
"If 7 workers finish a task in 5 days, how many worker-days are needed?",37,33,35,40,35,Puzzle,Hard
What is 27 + 74?,104,99,108,101,101,Quantitative,Easy
What is the square of 17?,289,290,294,288,289,Quantitative,Easy
"Find the next letter in the series: H, I, J, ?",M,L,J,K,K,Logical,Medium
Choose the synonym of 'honest'.,late,truthful,small,weak,truthful,Verbal,Hard
"If 9 workers finish a task in 4 days, how many worker-days are needed?",41,38,36,34,36,Puzzle,Medium
What is 44 + 43?,94,90,85,87,87,Quantitative,Hard
What is the square of 15?,225,226,224,230,225,Quantitative,Easy
"Find the next letter in the series: N, O, P, ?",Q,P,R,S,Q,Logical,Medium
Choose the synonym of 'bright'.,weak,small,late,smart,smart,Verbal,Medium
"If 9 workers finish a task in 5 days, how many worker-days are needed?",43,47,50,45,45,Puzzle,Easy
What is 66 + 25?,94,91,89,98,91,Quantitative,Easy
What is the square of 19?,366,361,360,362,361,Quantitative,Medium
"Find the next letter in the series: I, J, K, ?",N,L,K,M,L,Logical,Hard
Choose the synonym of 'honest'.,truthful,late,small,weak,truthful,Verbal,Easy
"If 6 workers finish a task in 2 days, how many worker-days are needed?",12,17,14,10,12,Puzzle,Medium
What is 49 + 23?,72,79,70,75,72,Quantitative,Hard
What is the square of 12?,143,144,149,145,144,Quantitative,Hard
"Find the next letter in the series: F, G, H, ?",I,H,J,K,I,Logical,Hard
Choose the synonym of 'ancient'.,small,late,old,weak,old,Verbal,Easy
"If 4 workers finish a task in 9 days, how many worker-days are needed?",38,41,34,36,36,Puzzle,Hard
What is 38 + 40?,85,78,76,81,78,Quantitative,Easy
What is the square of 10?,99,100,101,105,100,Quantitative,Medium
"Find the next letter in the series: B, C, D, ?",F,G,E,D,E,Logical,Hard
Choose the synonym of 'benefit'.,late,small,advantage,weak,advantage,Verbal,Medium
"If 5 workers finish a task in 3 days, how many worker-days are needed?",17,13,15,20,15,Puzzle,Hard
What is 83 + 85?,166,175,171,168,168,Quantitative,Hard
What is the square of 19?,360,361,362,366,361,Quantitative,Hard
"Find the next letter in the series: P, Q, R, ?",T,R,S,U,S,Logical,Medium
Choose the synonym of 'bright'.,smart,late,small,weak,smart,Verbal,Medium
"If 5 workers finish a task in 4 days, how many worker-days are needed?",25,22,18,20,20,Puzzle,Easy
What is 29 + 99?,135,131,126,128,128,Quantitative,Medium
What is the square of 3?,9,14,10,8,9,Quantitative,Hard
"Find the next letter in the series: G, H, I, ?",L,K,J,I,J,Logical,Medium
Choose the synonym of 'benefit'.,weak,late,advantage,small,advantage,Verbal,Hard
"If 3 workers finish a task in 5 days, how many worker-days are needed?",17,13,20,15,15,Puzzle,Medium
What is 45 + 30?,82,73,78,75,75,Quantitative,Hard
What is the square of 19?,362,360,361,366,361,Quantitative,Hard
"Find the next letter in the series: L, M, N, ?",N,P,O,Q,O,Logical,Easy
Choose the synonym of 'ancient'.,small,weak,old,late,old,Verbal,Medium
"If 3 workers finish a task in 7 days, how many worker-days are needed?",19,21,23,26,21,Puzzle,Medium
What is 11 + 59?,77,68,70,73,70,Quantitative,Hard
What is the square of 15?,225,226,230,224,225,Quantitative,Hard
"Find the next letter in the series: T, U, V, ?",Y,V,W,X,W,Logical,Medium
Choose the synonym of 'rapid'.,late,small,weak,fast,fast,Verbal,Medium
"If 2 workers finish a task in 10 days, how many worker-days are needed?",25,20,22,18,20,Puzzle,Easy
What is 21 + 71?,95,92,90,99,92,Quantitative,Hard
What is the square of 6?,35,37,36,41,36,Quantitative,Hard
"Find the next letter in the series: S, T, U, ?",V,X,W,U,V,Logical,Medium
Choose the synonym of 'ancient'.,old,weak,late,small,old,Verbal,Medium
"If 6 workers finish a task in 4 days, how many worker-days are needed?",29,26,22,24,24,Puzzle,Hard
What is 42 + 98?,138,140,147,143,140,Quantitative,Easy
What is the square of 12?,145,144,143,149,144,Quantitative,Easy
"Find the next letter in the series: D, E, F, ?",F,H,G,I,G,Logical,Medium
Choose the synonym of 'benefit'.,small,advantage,weak,late,advantage,Verbal,Easy
"If 9 workers finish a task in 6 days, how many worker-days are needed?",52,59,54,56,54,Puzzle,Hard
What is 38 + 15?,53,51,56,60,53,Quantitative,Hard
What is the square of 7?,48,49,50,54,49,Quantitative,Hard
"Find the next letter in the series: A, B, C, ?",F,D,E,C,D,Logical,Easy
Choose the synonym of 'honest'.,small,weak,truthful,late,truthful,Verbal,Medium
"If 4 workers finish a task in 10 days, how many worker-days are needed?",45,38,40,42,40,Puzzle,Hard
What is 25 + 59?,91,82,87,84,84,Quantitative,Hard
What is the square of 8?,63,69,64,65,64,Quantitative,Easy
"Find the next letter in the series: P, Q, R, ?",T,R,S,U,S,Logical,Medium
Choose the synonym of 'benefit'.,late,weak,advantage,small,advantage,Verbal,Medium
"If 4 workers finish a task in 6 days, how many worker-days are needed?",22,24,29,26,24,Puzzle,Easy
What is 14 + 67?,81,79,84,88,81,Quantitative,Easy
What is the square of 18?,325,329,324,323,324,Quantitative,Easy
"Find the next letter in the series: S, T, U, ?",X,W,V,U,V,Logical,Medium
Choose the synonym of 'honest'.,truthful,weak,small,late,truthful,Verbal,Medium
"If 5 workers finish a task in 4 days, how many worker-days are needed?",18,20,22,25,20,Puzzle,Medium
What is 38 + 91?,136,127,129,132,129,Quantitative,Medium
What is the square of 15?,226,224,225,230,225,Quantitative,Medium
"Find the next letter in the series: Q, R, S, ?",V,S,T,U,T,Logical,Medium
Choose the synonym of 'rapid'.,fast,late,small,weak,fast,Verbal,Medium
"If 10 workers finish a task in 10 days, how many worker-days are needed?",102,100,98,105,100,Puzzle,Easy
What is 70 + 59?,127,136,132,129,129,Quantitative,Medium
What is the square of 11?,121,122,126,120,121,Quantitative,Easy
"Find the next letter in the series: Q, R, S, ?",T,U,V,S,T,Logical,Easy
Choose the synonym of 'honest'.,weak,truthful,small,late,truthful,Verbal,Hard
"If 6 workers finish a task in 6 days, how many worker-days are needed?",38,36,34,41,36,Puzzle,Easy
What is 58 + 64?,120,122,129,125,122,Quantitative,Easy
What is the square of 20?,401,400,399,405,400,Quantitative,Hard
"Find the next letter in the series: S, T, U, ?",X,V,U,W,V,Logical,Hard
Choose the synonym of 'bright'.,late,smart,small,weak,smart,Verbal,Hard
"If 6 workers finish a task in 5 days, how many worker-days are needed?",28,32,30,35,30,Puzzle,Medium
What is 40 + 82?,120,125,129,122,122,Quantitative,Medium
What is the square of 13?,174,168,169,170,169,Quantitative,Easy
"Find the next letter in the series: I, J, K, ?",M,K,N,L,L,Logical,Hard
Choose the synonym of 'rapid'.,weak,fast,late,small,fast,Verbal,Easy
"If 4 workers finish a task in 10 days, how many worker-days are needed?",38,42,45,40,40,Puzzle,Easy
What is 58 + 12?,77,70,73,68,70,Quantitative,Easy
What is the square of 19?,361,366,362,360,361,Quantitative,Hard
"Find the next letter in the series: A, B, C, ?",C,D,F,E,D,Logical,Hard
Choose the synonym of 'honest'.,small,truthful,weak,late,truthful,Verbal,Medium
"If 6 workers finish a task in 10 days, how many worker-days are needed?",65,62,60,58,60,Puzzle,Easy
What is 94 + 91?,192,183,188,185,185,Quantitative,Hard
What is the square of 15?,230,226,225,224,225,Quantitative,Medium
"Find the next letter in the series: D, E, F, ?",H,I,G,F,G,Logical,Medium
Choose the synonym of 'honest'.,truthful,weak,small,late,truthful,Verbal,Hard
"If 9 workers finish a task in 10 days, how many worker-days are needed?",92,88,95,90,90,Puzzle,Hard
What is 80 + 82?,160,162,165,169,162,Quantitative,Easy
What is the square of 12?,143,144,145,149,144,Quantitative,Hard
"Find the next letter in the series: G, H, I, ?",L,I,J,K,J,Logical,Easy
Choose the synonym of 'bright'.,small,smart,weak,late,smart,Verbal,Hard
"If 6 workers finish a task in 5 days, how many worker-days are needed?",28,30,35,32,30,Puzzle,Hard
What is 78 + 11?,96,87,89,92,89,Quantitative,Hard
What is the square of 15?,225,224,230,226,225,Quantitative,Easy
"Find the next letter in the series: T, U, V, ?",V,X,Y,W,W,Logical,Medium
Choose the synonym of 'ancient'.,small,late,weak,old,old,Verbal,Easy
"If 4 workers finish a task in 10 days, how many worker-days are needed?",40,45,38,42,40,Puzzle,Medium
What is 17 + 35?,59,55,50,52,52,Quantitative,Medium
What is the square of 13?,170,174,169,168,169,Quantitative,Medium
"Find the next letter in the series: Q, R, S, ?",T,V,U,S,T,Logical,Easy
Choose the synonym of 'honest'.,truthful,weak,late,small,truthful,Verbal,Medium
"If 7 workers finish a task in 7 days, how many worker-days are needed?",47,49,54,51,49,Puzzle,Hard
What is 47 + 63?,110,108,113,117,110,Quantitative,Easy
What is the square of 10?,101,105,99,100,100,Quantitative,Easy
"Find the next letter in the series: Q, R, S, ?",V,U,T,S,T,Logical,Hard
Choose the synonym of 'rapid'.,late,small,fast,weak,fast,Verbal,Hard
"If 4 workers finish a task in 2 days, how many worker-days are needed?",6,10,8,13,8,Puzzle,Hard
What is 24 + 79?,110,101,106,103,103,Quantitative,Medium
What is the square of 15?,225,226,230,224,225,Quantitative,Hard
"Find the next letter in the series: F, G, H, ?",I,J,K,H,I,Logical,Hard
Choose the synonym of 'honest'.,small,late,truthful,weak,truthful,Verbal,Medium
"If 3 workers finish a task in 2 days, how many worker-days are needed?",8,6,4,11,6,Puzzle,Easy
What is 34 + 28?,65,60,62,69,62,Quantitative,Medium
What is the square of 15?,224,230,225,226,225,Quantitative,Easy
"Find the next letter in the series: T, U, V, ?",W,Y,V,X,W,Logical,Hard
Choose the synonym of 'honest'.,truthful,late,small,weak,truthful,Verbal,Medium
"If 4 workers finish a task in 10 days, how many worker-days are needed?",45,42,40,38,40,Puzzle,Medium
What is 23 + 41?,62,71,64,67,64,Quantitative,Easy
What is the square of 17?,288,290,289,294,289,Quantitative,Medium
"Find the next letter in the series: U, V, W, ?",W,X,Y,Z,X,Logical,Medium
Choose the synonym of 'honest'.,late,small,truthful,weak,truthful,Verbal,Medium
"If 2 workers finish a task in 5 days, how many worker-days are needed?",10,8,15,12,10,Puzzle,Medium
What is 87 + 26?,113,120,111,116,113,Quantitative,Hard
What is the square of 5?,26,24,30,25,25,Quantitative,Medium
"Find the next letter in the series: D, E, F, ?",I,G,H,F,G,Logical,Medium
Choose the synonym of 'ancient'.,weak,late,small,old,old,Verbal,Medium
"If 6 workers finish a task in 3 days, how many worker-days are needed?",18,20,16,23,18,Puzzle,Easy
What is 85 + 86?,174,169,178,171,171,Quantitative,Hard
What is the square of 19?,360,361,366,362,361,Quantitative,Medium
"Find the next letter in the series: K, L, M, ?",M,N,O,P,N,Logical,Medium
Choose the synonym of 'benefit'.,advantage,late,small,weak,advantage,Verbal,Easy
"If 4 workers finish a task in 2 days, how many worker-days are needed?",6,13,10,8,8,Puzzle,Hard
What is 99 + 31?,137,128,133,130,130,Quantitative,Easy
What is the square of 13?,168,169,170,174,169,Quantitative,Hard
"Find the next letter in the series: K, L, M, ?",P,N,M,O,N,Logical,Easy
Choose the synonym of 'ancient'.,small,late,old,weak,old,Verbal,Easy
"If 4 workers finish a task in 6 days, how many worker-days are needed?",29,26,22,24,24,Puzzle,Hard
What is 75 + 62?,144,140,137,135,137,Quantitative,Medium
What is the square of 9?,81,86,82,80,81,Quantitative,Hard
"Find the next letter in the series: M, N, O, ?",Q,P,O,R,P,Logical,Easy
Choose the synonym of 'bright'.,late,weak,smart,small,smart,Verbal,Easy
"If 10 workers finish a task in 7 days, how many worker-days are needed?",68,75,70,72,70,Puzzle,Easy
What is 55 + 70?,123,125,132,128,125,Quantitative,Medium
What is the square of 15?,225,224,226,230,225,Quantitative,Easy
"Find the next letter in the series: N, O, P, ?",Q,S,P,R,Q,Logical,Hard
Choose the synonym of 'ancient'.,small,late,old,weak,old,Verbal,Easy
"If 4 workers finish a task in 4 days, how many worker-days are needed?",16,14,18,21,16,Puzzle,Hard
What is 98 + 75?,176,173,180,171,173,Quantitative,Easy
What is the square of 6?,37,41,35,36,36,Quantitative,Hard
"Find the next letter in the series: R, S, T, ?",T,U,W,V,U,Logical,Hard
Choose the synonym of 'benefit'.,weak,late,advantage,small,advantage,Verbal,Easy
"If 7 workers finish a task in 3 days, how many worker-days are needed?",23,19,26,21,21,Puzzle,Easy
What is 29 + 56?,88,85,83,92,85,Quantitative,Easy
What is the square of 8?,63,65,69,64,64,Quantitative,Easy
"Find the next letter in the series: H, I, J, ?",J,M,L,K,K,Logical,Easy
Choose the synonym of 'ancient'.,weak,late,small,old,old,Verbal,Hard
"If 10 workers finish a task in 9 days, how many worker-days are needed?",92,95,88,90,90,Puzzle,Easy
What is 87 + 53?,138,147,140,143,140,Quantitative,Medium
What is the square of 17?,288,290,289,294,289,Quantitative,Medium
"Find the next letter in the series: P, Q, R, ?",U,T,S,R,S,Logical,Easy
Choose the synonym of 'rapid'.,weak,fast,small,late,fast,Verbal,Hard
"If 3 workers finish a task in 10 days, how many worker-days are needed?",35,30,32,28,30,Puzzle,Easy
What is 75 + 53?,135,131,128,126,128,Quantitative,Easy
What is the square of 7?,54,48,50,49,49,Quantitative,Medium
"Find the next letter in the series: H, I, J, ?",M,L,J,K,K,Logical,Easy
Choose the synonym of 'honest'.,small,weak,truthful,late,truthful,Verbal,Hard
"If 10 workers finish a task in 9 days, how many worker-days are needed?",95,88,90,92,90,Puzzle,Easy
What is 47 + 36?,86,81,90,83,83,Quantitative,Hard
What is the square of 9?,82,81,86,80,81,Quantitative,Hard
"Find the next letter in the series: M, N, O, ?",Q,P,R,O,P,Logical,Easy
Choose the synonym of 'bright'.,weak,small,smart,late,smart,Verbal,Easy
"If 5 workers finish a task in 8 days, how many worker-days are needed?",38,42,40,45,40,Puzzle,Easy
What is 80 + 73?,160,151,156,153,153,Quantitative,Hard
What is the square of 20?,399,400,401,405,400,Quantitative,Hard
"Find the next letter in the series: N, O, P, ?",Q,P,R,S,Q,Logical,Easy
Choose the synonym of 'bright'.,late,small,weak,smart,smart,Verbal,Hard
"If 4 workers finish a task in 9 days, how many worker-days are needed?",38,41,34,36,36,Puzzle,Easy
What is 53 + 80?,131,140,136,133,133,Quantitative,Hard
What is the square of 8?,64,63,65,69,64,Quantitative,Hard
"Find the next letter in the series: A, B, C, ?",F,E,C,D,D,Logical,Easy
Choose the synonym of 'bright'.,small,weak,smart,late,smart,Verbal,Medium
"If 2 workers finish a task in 7 days, how many worker-days are needed?",19,16,14,12,14,Puzzle,Medium
What is 63 + 18?,79,81,88,84,81,Quantitative,Medium
What is the square of 9?,80,86,82,81,81,Quantitative,Medium
"Find the next letter in the series: N, O, P, ?",R,Q,S,P,Q,Logical,Hard
Choose the synonym of 'ancient'.,old,late,small,weak,old,Verbal,Medium
"If 2 workers finish a task in 4 days, how many worker-days are needed?",8,10,6,13,8,Puzzle,Easy
What is 69 + 49?,118,121,116,125,118,Quantitative,Easy
What is the square of 12?,144,145,143,149,144,Quantitative,Medium
"Find the next letter in the series: F, G, H, ?",J,K,H,I,I,Logical,Easy
Choose the synonym of 'bright'.,late,weak,smart,small,smart,Verbal,Hard
"If 8 workers finish a task in 3 days, how many worker-days are needed?",22,24,29,26,24,Puzzle,Easy
What is 31 + 53?,84,87,91,82,84,Quantitative,Easy
What is the square of 13?,174,169,170,168,169,Quantitative,Easy
"Find the next letter in the series: J, K, L, ?",O,L,M,N,M,Logical,Medium
Choose the synonym of 'benefit'.,weak,advantage,late,small,advantage,Verbal,Easy
"If 8 workers finish a task in 9 days, how many worker-days are needed?",77,72,74,70,72,Puzzle,Medium
What is 70 + 77?,147,154,145,150,147,Quantitative,Hard
What is the square of 5?,30,25,24,26,25,Quantitative,Medium
"Find the next letter in the series: T, U, V, ?",V,W,Y,X,W,Logical,Easy
Choose the synonym of 'ancient'.,old,small,weak,late,old,Verbal,Medium
"If 3 workers finish a task in 4 days, how many worker-days are needed?",14,17,12,10,12,Puzzle,Medium
What is 32 + 79?,109,118,114,111,111,Quantitative,Medium
What is the square of 3?,10,9,8,14,9,Quantitative,Easy
"Find the next letter in the series: B, C, D, ?",E,F,D,G,E,Logical,Medium
Choose the synonym of 'benefit'.,small,late,weak,advantage,advantage,Verbal,Hard
"If 9 workers finish a task in 2 days, how many worker-days are needed?",20,18,23,16,18,Puzzle,Medium
What is 74 + 50?,131,127,124,122,124,Quantitative,Medium
What is the square of 8?,64,65,63,69,64,Quantitative,Medium
"Find the next letter in the series: M, N, O, ?",P,R,O,Q,P,Logical,Hard
Choose the synonym of 'benefit'.,small,weak,advantage,late,advantage,Verbal,Hard
"If 8 workers finish a task in 5 days, how many worker-days are needed?",40,42,45,38,40,Puzzle,Medium
What is 64 + 68?,132,130,135,139,132,Quantitative,Easy
What is the square of 4?,21,17,15,16,16,Quantitative,Easy
"Find the next letter in the series: R, S, T, ?",W,U,V,T,U,Logical,Medium
Choose the synonym of 'ancient'.,small,late,old,weak,old,Verbal,Easy
"If 2 workers finish a task in 10 days, how many worker-days are needed?",22,18,20,25,20,Puzzle,Easy
What is 80 + 11?,89,91,98,94,91,Quantitative,Hard
What is the square of 15?,225,230,224,226,225,Quantitative,Hard
"Find the next letter in the series: L, M, N, ?",O,Q,P,N,O,Logical,Medium
Choose the synonym of 'benefit'.,late,advantage,small,weak,advantage,Verbal,Hard
"If 8 workers finish a task in 10 days, how many worker-days are needed?",82,78,85,80,80,Puzzle,Easy
What is 67 + 19?,93,86,84,89,86,Quantitative,Hard
What is the square of 10?,105,99,100,101,100,Quantitative,Easy
"Find the next letter in the series: D, E, F, ?",I,H,G,F,G,Logical,Medium
Choose the synonym of 'rapid'.,weak,small,late,fast,fast,Verbal,Easy
"If 5 workers finish a task in 4 days, how many worker-days are needed?",18,25,20,22,20,Puzzle,Easy
What is 15 + 71?,89,84,86,93,86,Quantitative,Easy
What is the square of 7?,49,48,50,54,49,Quantitative,Easy
"Find the next letter in the series: M, N, O, ?",Q,R,O,P,P,Logical,Medium
Choose the synonym of 'rapid'.,weak,late,fast,small,fast,Verbal,Easy
"If 5 workers finish a task in 2 days, how many worker-days are needed?",15,8,10,12,10,Puzzle,Medium
What is 79 + 53?,139,132,135,130,132,Quantitative,Easy
What is the square of 12?,144,145,143,149,144,Quantitative,Medium
"Find the next letter in the series: M, N, O, ?",O,R,P,Q,P,Logical,Easy
Choose the synonym of 'benefit'.,advantage,small,weak,late,advantage,Verbal,Medium
"If 8 workers finish a task in 9 days, how many worker-days are needed?",70,72,77,74,72,Puzzle,Hard
What is 80 + 91?,169,174,178,171,171,Quantitative,Easy
What is the square of 19?,360,366,362,361,361,Quantitative,Medium
"Find the next letter in the series: Q, R, S, ?",V,T,S,U,T,Logical,Hard
Choose the synonym of 'benefit'.,late,advantage,small,weak,advantage,Verbal,Easy
"If 2 workers finish a task in 10 days, how many worker-days are needed?",22,18,20,25,20,Puzzle,Easy
What is 69 + 41?,113,108,110,117,110,Quantitative,Medium
What is the square of 5?,24,30,26,25,25,Quantitative,Hard
"Find the next letter in the series: D, E, F, ?",G,I,H,F,G,Logical,Hard
Choose the synonym of 'ancient'.,old,late,small,weak,old,Verbal,Medium
"If 10 workers finish a task in 9 days, how many worker-days are needed?",95,92,88,90,90,Puzzle,Hard
What is 15 + 46?,59,68,64,61,61,Quantitative,Easy
What is the square of 19?,366,361,360,362,361,Quantitative,Medium
"Find the next letter in the series: J, K, L, ?",N,O,M,L,M,Logical,Medium
Choose the synonym of 'benefit'.,small,late,weak,advantage,advantage,Verbal,Medium
"If 5 workers finish a task in 4 days, how many worker-days are needed?",20,25,18,22,20,Puzzle,Hard
What is 10 + 15?,28,32,23,25,25,Quantitative,Medium
What is the square of 10?,99,101,100,105,100,Quantitative,Easy
"Find the next letter in the series: E, F, G, ?",G,H,I,J,H,Logical,Easy
Choose the synonym of 'benefit'.,weak,advantage,late,small,advantage,Verbal,Hard
"If 6 workers finish a task in 6 days, how many worker-days are needed?",36,38,34,41,36,Puzzle,Medium
What is 65 + 88?,160,153,151,156,153,Quantitative,Hard
What is the square of 4?,17,15,16,21,16,Quantitative,Hard
"Find the next letter in the series: F, G, H, ?",K,I,J,H,I,Logical,Hard
Choose the synonym of 'honest'.,late,truthful,small,weak,truthful,Verbal,Hard
"If 8 workers finish a task in 2 days, how many worker-days are needed?",14,18,16,21,16,Puzzle,Easy
What is 72 + 25?,104,95,97,100,97,Quantitative,Hard
What is the square of 10?,101,99,100,105,100,Quantitative,Easy
"Find the next letter in the series: B, C, D, ?",E,G,F,D,E,Logical,Hard
Choose the synonym of 'ancient'.,small,late,weak,old,old,Verbal,Medium
"If 10 workers finish a task in 8 days, how many worker-days are needed?",82,80,78,85,80,Puzzle,Medium
What is 26 + 79?,108,112,105,103,105,Quantitative,Medium
What is the square of 10?,99,100,105,101,100,Quantitative,Medium
"Find the next letter in the series: D, E, F, ?",I,G,H,F,G,Logical,Hard
Choose the synonym of 'ancient'.,weak,small,late,old,old,Verbal,Easy
"If 10 workers finish a task in 6 days, how many worker-days are needed?",62,60,65,58,60,Puzzle,Easy
What is 24 + 34?,56,61,65,58,58,Quantitative,Easy
What is the square of 14?,201,195,196,197,196,Quantitative,Medium
"Find the next letter in the series: N, O, P, ?",Q,P,R,S,Q,Logical,Medium
Choose the synonym of 'bright'.,small,smart,weak,late,smart,Verbal,Medium
"If 7 workers finish a task in 4 days, how many worker-days are needed?",26,28,30,33,28,Puzzle,Medium
What is 24 + 49?,73,76,80,71,73,Quantitative,Medium
What is the square of 10?,105,100,101,99,100,Quantitative,Easy
"Find the next letter in the series: K, L, M, ?",N,P,M,O,N,Logical,Easy
Choose the synonym of 'benefit'.,late,advantage,weak,small,advantage,Verbal,Easy
"If 9 workers finish a task in 3 days, how many worker-days are needed?",27,29,25,32,27,Puzzle,Hard
What is 75 + 61?,139,143,134,136,136,Quantitative,Hard
What is the square of 6?,36,35,41,37,36,Quantitative,Medium
"Find the next letter in the series: S, T, U, ?",W,V,X,U,V,Logical,Hard
Choose the synonym of 'bright'.,weak,smart,small,late,smart,Verbal,Hard
"If 8 workers finish a task in 4 days, how many worker-days are needed?",32,34,37,30,32,Puzzle,Medium
What is 91 + 45?,143,136,139,134,136,Quantitative,Easy
What is the square of 10?,100,101,99,105,100,Quantitative,Hard
"Find the next letter in the series: O, P, Q, ?",T,Q,S,R,R,Logical,Easy
Choose the synonym of 'honest'.,late,weak,truthful,small,truthful,Verbal,Medium
"If 3 workers finish a task in 10 days, how many worker-days are needed?",28,30,35,32,30,Puzzle,Easy
What is 82 + 63?,143,148,145,152,145,Quantitative,Easy
What is the square of 10?,100,99,105,101,100,Quantitative,Hard
"Find the next letter in the series: S, T, U, ?",X,W,V,U,V,Logical,Hard
Choose the synonym of 'honest'.,truthful,weak,late,small,truthful,Verbal,Medium
"If 6 workers finish a task in 10 days, how many worker-days are needed?",65,60,62,58,60,Puzzle,Hard
What is 54 + 43?,97,104,95,100,97,Quantitative,Medium
What is the square of 20?,401,400,399,405,400,Quantitative,Easy
"Find the next letter in the series: S, T, U, ?",W,U,X,V,V,Logical,Medium
Choose the synonym of 'bright'.,smart,weak,late,small,smart,Verbal,Hard
"If 10 workers finish a task in 9 days, how many worker-days are needed?",90,88,95,92,90,Puzzle,Medium
What is 20 + 32?,52,50,59,55,52,Quantitative,Hard
What is the square of 10?,101,100,105,99,100,Quantitative,Hard
"Find the next letter in the series: A, B, C, ?",C,D,E,F,D,Logical,Hard
Choose the synonym of 'ancient'.,old,weak,small,late,old,Verbal,Easy
"If 5 workers finish a task in 9 days, how many worker-days are needed?",47,43,50,45,45,Puzzle,Medium
What is 52 + 10?,65,60,62,69,62,Quantitative,Hard
What is the square of 10?,105,100,99,101,100,Quantitative,Easy
"Find the next letter in the series: I, J, K, ?",K,L,N,M,L,Logical,Hard
Choose the synonym of 'honest'.,truthful,small,weak,late,truthful,Verbal,Easy
"If 9 workers finish a task in 2 days, how many worker-days are needed?",20,18,23,16,18,Puzzle,Hard
What is 83 + 24?,107,105,114,110,107,Quantitative,Easy
What is the square of 17?,288,294,290,289,289,Quantitative,Medium
"Find the next letter in the series: M, N, O, ?",P,R,Q,O,P,Logical,Hard
Choose the synonym of 'ancient'.,weak,old,small,late,old,Verbal,Medium
"If 3 workers finish a task in 8 days, how many worker-days are needed?",22,29,24,26,24,Puzzle,Easy
What is 33 + 37?,73,68,77,70,70,Quantitative,Easy
What is the square of 11?,120,122,126,121,121,Quantitative,Easy
"Find the next letter in the series: K, L, M, ?",O,P,N,M,N,Logical,Medium
Choose the synonym of 'rapid'.,small,late,weak,fast,fast,Verbal,Medium
"If 8 workers finish a task in 7 days, how many worker-days are needed?",54,61,56,58,56,Puzzle,Medium
What is 15 + 68?,83,81,90,86,83,Quantitative,Easy
What is the square of 4?,17,15,21,16,16,Quantitative,Hard
"Find the next letter in the series: D, E, F, ?",H,I,G,F,G,Logical,Easy
Choose the synonym of 'bright'.,small,smart,weak,late,smart,Verbal,Medium
"If 10 workers finish a task in 3 days, how many worker-days are needed?",35,32,28,30,30,Puzzle,Medium
What is 31 + 95?,124,126,129,133,126,Quantitative,Hard
What is the square of 11?,121,122,126,120,121,Quantitative,Medium
"Find the next letter in the series: U, V, W, ?",Y,Z,X,W,X,Logical,Medium
Choose the synonym of 'rapid'.,small,weak,late,fast,fast,Verbal,Hard
"If 7 workers finish a task in 7 days, how many worker-days are needed?",47,54,51,49,49,Puzzle,Easy
What is 25 + 95?,123,118,120,127,120,Quantitative,Easy
What is the square of 6?,36,37,35,41,36,Quantitative,Hard
"Find the next letter in the series: P, Q, R, ?",T,U,S,R,S,Logical,Easy
Choose the synonym of 'rapid'.,fast,weak,small,late,fast,Verbal,Hard
"If 8 workers finish a task in 10 days, how many worker-days are needed?",80,85,78,82,80,Puzzle,Easy
What is 49 + 38?,85,94,87,90,87,Quantitative,Easy
What is the square of 8?,69,65,63,64,64,Quantitative,Hard
"Find the next letter in the series: F, G, H, ?",K,H,I,J,I,Logical,Easy
Choose the synonym of 'rapid'.,weak,fast,late,small,fast,Verbal,Hard
"If 10 workers finish a task in 5 days, how many worker-days are needed?",52,55,48,50,50,Puzzle,Hard
What is 56 + 28?,84,91,82,87,84,Quantitative,Easy
What is the square of 17?,289,288,290,294,289,Quantitative,Hard
"Find the next letter in the series: C, D, E, ?",G,E,F,H,F,Logical,Hard
Choose the synonym of 'honest'.,small,weak,late,truthful,truthful,Verbal,Medium
"If 6 workers finish a task in 4 days, how many worker-days are needed?",24,29,26,22,24,Puzzle,Easy
What is 71 + 84?,153,158,162,155,155,Quantitative,Hard
What is the square of 8?,64,69,65,63,64,Quantitative,Medium
"Find the next letter in the series: U, V, W, ?",Z,W,Y,X,X,Logical,Easy
Choose the synonym of 'benefit'.,late,advantage,weak,small,advantage,Verbal,Easy
"If 2 workers finish a task in 10 days, how many worker-days are needed?",25,18,20,22,20,Puzzle,Hard
What is 42 + 87?,127,136,129,132,129,Quantitative,Medium
What is the square of 6?,41,37,35,36,36,Quantitative,Hard
"Find the next letter in the series: T, U, V, ?",V,W,X,Y,W,Logical,Medium
Choose the synonym of 'honest'.,weak,late,small,truthful,truthful,Verbal,Hard
"If 10 workers finish a task in 5 days, how many worker-days are needed?",55,50,52,48,50,Puzzle,Hard
What is 62 + 30?,92,95,90,99,92,Quantitative,Easy
What is the square of 11?,121,120,126,122,121,Quantitative,Easy
"Find the next letter in the series: F, G, H, ?",K,H,I,J,I,Logical,Hard
Choose the synonym of 'rapid'.,late,weak,fast,small,fast,Verbal,Medium
"If 10 workers finish a task in 9 days, how many worker-days are needed?",88,95,92,90,90,Puzzle,Medium
What is 38 + 37?,73,82,75,78,75,Quantitative,Hard
What is the square of 7?,54,50,48,49,49,Quantitative,Easy
"Find the next letter in the series: G, H, I, ?",J,K,L,I,J,Logical,Easy
Choose the synonym of 'benefit'.,small,weak,late,advantage,advantage,Verbal,Medium
"If 9 workers finish a task in 9 days, how many worker-days are needed?",79,83,86,81,81,Puzzle,Hard
What is 81 + 22?,101,103,106,110,103,Quantitative,Easy
What is the square of 20?,401,399,405,400,400,Quantitative,Easy
"Find the next letter in the series: P, Q, R, ?",S,U,R,T,S,Logical,Easy
Choose the synonym of 'honest'.,late,truthful,small,weak,truthful,Verbal,Medium
"If 9 workers finish a task in 9 days, how many worker-days are needed?",79,83,81,86,81,Puzzle,Easy
What is 68 + 78?,146,144,149,153,146,Quantitative,Medium
What is the square of 7?,54,48,50,49,49,Quantitative,Easy
"Find the next letter in the series: H, I, J, ?",J,M,L,K,K,Logical,Easy
Choose the synonym of 'honest'.,late,truthful,weak,small,truthful,Verbal,Hard
"If 4 workers finish a task in 3 days, how many worker-days are needed?",14,17,10,12,12,Puzzle,Easy
What is 10 + 87?,104,97,100,95,97,Quantitative,Easy
What is the square of 14?,196,197,195,201,196,Quantitative,Easy
"Find the next letter in the series: T, U, V, ?",X,Y,W,V,W,Logical,Medium
Choose the synonym of 'rapid'.,weak,late,small,fast,fast,Verbal,Hard
"If 9 workers finish a task in 3 days, how many worker-days are needed?",29,32,25,27,27,Puzzle,Hard
What is 93 + 86?,186,177,179,182,179,Quantitative,Hard
What is the square of 15?,226,224,230,225,225,Quantitative,Easy
"Find the next letter in the series: F, G, H, ?",K,H,I,J,I,Logical,Easy
Choose the synonym of 'bright'.,weak,late,smart,small,smart,Verbal,Hard
"If 9 workers finish a task in 3 days, how many worker-days are needed?",27,32,25,29,27,Puzzle,Hard
What is 86 + 16?,100,105,102,109,102,Quantitative,Hard
What is the square of 9?,81,80,82,86,81,Quantitative,Easy
"Find the next letter in the series: D, E, F, ?",G,H,I,F,G,Logical,Hard
Choose the synonym of 'bright'.,late,weak,smart,small,smart,Verbal,Hard
"If 6 workers finish a task in 8 days, how many worker-days are needed?",50,53,48,46,48,Puzzle,Medium
What is 73 + 48?,121,128,119,124,121,Quantitative,Easy
What is the square of 19?,366,361,362,360,361,Quantitative,Hard
"Find the next letter in the series: I, J, K, ?",M,N,K,L,L,Logical,Medium
Choose the synonym of 'ancient'.,weak,old,late,small,old,Verbal,Easy
"If 7 workers finish a task in 6 days, how many worker-days are needed?",44,47,42,40,42,Puzzle,Easy
What is 49 + 68?,117,120,115,124,117,Quantitative,Easy
What is the square of 20?,399,401,405,400,400,Quantitative,Hard
"Find the next letter in the series: R, S, T, ?",W,V,T,U,U,Logical,Easy
Choose the synonym of 'honest'.,weak,late,truthful,small,truthful,Verbal,Easy
"If 7 workers finish a task in 9 days, how many worker-days are needed?",63,68,61,65,63,Puzzle,Easy
What is 94 + 36?,133,137,128,130,130,Quantitative,Easy
What is the square of 17?,288,289,290,294,289,Quantitative,Medium
"Find the next letter in the series: N, O, P, ?",S,R,Q,P,Q,Logical,Medium
Choose the synonym of 'benefit'.,small,weak,advantage,late,advantage,Verbal,Easy
"If 3 workers finish a task in 9 days, how many worker-days are needed?",25,27,32,29,27,Puzzle,Easy
What is 20 + 80?,103,98,100,107,100,Quantitative,Easy
What is the square of 19?,360,362,366,361,361,Quantitative,Easy
"Find the next letter in the series: G, H, I, ?",K,J,L,I,J,Logical,Hard
Choose the synonym of 'benefit'.,small,late,weak,advantage,advantage,Verbal,Medium
"If 7 workers finish a task in 8 days, how many worker-days are needed?",58,56,61,54,56,Puzzle,Medium
What is 33 + 89?,129,122,120,125,122,Quantitative,Easy
What is the square of 3?,8,9,10,14,9,Quantitative,Easy
"Find the next letter in the series: M, N, O, ?",Q,R,P,O,P,Logical,Medium
Choose the synonym of 'benefit'.,late,advantage,weak,small,advantage,Verbal,Hard
"If 4 workers finish a task in 2 days, how many worker-days are needed?",6,8,13,10,8,Puzzle,Hard
What is 79 + 49?,131,126,135,128,128,Quantitative,Hard
What is the square of 12?,143,145,144,149,144,Quantitative,Easy
"Find the next letter in the series: T, U, V, ?",X,W,V,Y,W,Logical,Medium
Choose the synonym of 'honest'.,truthful,late,small,weak,truthful,Verbal,Hard
"If 3 workers finish a task in 10 days, how many worker-days are needed?",28,35,30,32,30,Puzzle,Easy
What is 18 + 73?,98,89,94,91,91,Quantitative,Easy
What is the square of 6?,36,41,35,37,36,Quantitative,Medium
"Find the next letter in the series: G, H, I, ?",K,L,J,I,J,Logical,Medium
Choose the synonym of 'benefit'.,late,small,weak,advantage,advantage,Verbal,Hard
"If 3 workers finish a task in 10 days, how many worker-days are needed?",32,28,30,35,30,Puzzle,Easy
What is 79 + 88?,170,167,174,165,167,Quantitative,Easy
What is the square of 6?,37,35,36,41,36,Quantitative,Easy
"Find the next letter in the series: N, O, P, ?",S,R,P,Q,Q,Logical,Hard
Choose the synonym of 'rapid'.,late,small,weak,fast,fast,Verbal,Medium
"If 10 workers finish a task in 4 days, how many worker-days are needed?",38,40,45,42,40,Puzzle,Medium
What is 81 + 18?,106,102,97,99,99,Quantitative,Hard
What is the square of 19?,366,360,361,362,361,Quantitative,Easy
"Find the next letter in the series: K, L, M, ?",O,N,P,M,N,Logical,Medium
Choose the synonym of 'rapid'.,small,fast,late,weak,fast,Verbal,Hard
"If 4 workers finish a task in 4 days, how many worker-days are needed?",14,16,21,18,16,Puzzle,Hard
What is 11 + 10?,28,21,19,24,21,Quantitative,Hard
What is the square of 11?,122,121,120,126,121,Quantitative,Easy
"Find the next letter in the series: L, M, N, ?",Q,P,N,O,O,Logical,Hard
Choose the synonym of 'rapid'.,weak,late,small,fast,fast,Verbal,Hard
"If 8 workers finish a task in 5 days, how many worker-days are needed?",45,40,42,38,40,Puzzle,Hard
What is 72 + 91?,161,166,163,170,163,Quantitative,Hard
What is the square of 15?,225,230,226,224,225,Quantitative,Hard
"Find the next letter in the series: K, L, M, ?",O,N,P,M,N,Logical,Medium
Choose the synonym of 'bright'.,weak,small,smart,late,smart,Verbal,Hard
"If 4 workers finish a task in 5 days, how many worker-days are needed?",22,20,25,18,20,Puzzle,Hard
What is 22 + 96?,116,118,121,125,118,Quantitative,Hard
What is the square of 20?,401,405,400,399,400,Quantitative,Hard
"Find the next letter in the series: O, P, Q, ?",R,T,S,Q,R,Logical,Easy
Choose the synonym of 'benefit'.,advantage,weak,late,small,advantage,Verbal,Medium
"If 2 workers finish a task in 7 days, how many worker-days are needed?",12,16,19,14,14,Puzzle,Hard
What is 66 + 30?,96,103,99,94,96,Quantitative,Hard
What is the square of 17?,290,294,288,289,289,Quantitative,Medium
"Find the next letter in the series: O, P, Q, ?",Q,S,T,R,R,Logical,Medium
Choose the synonym of 'ancient'.,old,late,small,weak,old,Verbal,Medium
"If 10 workers finish a task in 8 days, how many worker-days are needed?",80,85,78,82,80,Puzzle,Medium
What is 61 + 13?,74,81,77,72,74,Quantitative,Hard
What is the square of 8?,63,65,64,69,64,Quantitative,Hard
"Find the next letter in the series: C, D, E, ?",E,H,G,F,F,Logical,Medium
Choose the synonym of 'honest'.,small,late,truthful,weak,truthful,Verbal,Hard
"If 7 workers finish a task in 8 days, how many worker-days are needed?",54,56,61,58,56,Puzzle,Medium
What is 52 + 33?,85,92,88,83,85,Quantitative,Hard
What is the square of 16?,256,261,255,257,256,Quantitative,Easy
"Find the next letter in the series: H, I, J, ?",J,L,K,M,K,Logical,Hard
Choose the synonym of 'rapid'.,small,fast,late,weak,fast,Verbal,Hard
"If 9 workers finish a task in 4 days, how many worker-days are needed?",34,41,36,38,36,Puzzle,Easy
What is 87 + 11?,101,105,98,96,98,Quantitative,Hard
What is the square of 13?,168,170,169,174,169,Quantitative,Medium
"Find the next letter in the series: J, K, L, ?",M,L,O,N,M,Logical,Medium
Choose the synonym of 'honest'.,late,weak,small,truthful,truthful,Verbal,Easy
"If 8 workers finish a task in 10 days, how many worker-days are needed?",80,82,78,85,80,Puzzle,Hard
What is 95 + 50?,145,143,148,152,145,Quantitative,Medium
What is the square of 3?,8,9,10,14,9,Quantitative,Easy
"Find the next letter in the series: R, S, T, ?",T,U,W,V,U,Logical,Easy
Choose the synonym of 'rapid'.,weak,late,small,fast,fast,Verbal,Medium
"If 4 workers finish a task in 7 days, how many worker-days are needed?",26,30,33,28,28,Puzzle,Medium
What is 52 + 47?,99,97,102,106,99,Quantitative,Medium
What is the square of 19?,366,360,362,361,361,Quantitative,Medium
"Find the next letter in the series: I, J, K, ?",L,N,M,K,L,Logical,Medium
Choose the synonym of 'ancient'.,small,weak,old,late,old,Verbal,Hard
"If 5 workers finish a task in 7 days, how many worker-days are needed?",35,37,40,33,35,Puzzle,Easy
What is 19 + 92?,118,111,109,114,111,Quantitative,Easy
What is the square of 8?,69,63,64,65,64,Quantitative,Hard
"Find the next letter in the series: I, J, K, ?",K,L,N,M,L,Logical,Medium
Choose the synonym of 'honest'.,truthful,late,small,weak,truthful,Verbal,Hard
"If 7 workers finish a task in 7 days, how many worker-days are needed?",54,51,49,47,49,Puzzle,Easy
What is 83 + 65?,151,148,146,155,148,Quantitative,Hard
What is the square of 9?,80,82,81,86,81,Quantitative,Easy
"Find the next letter in the series: E, F, G, ?",I,J,G,H,H,Logical,Hard
Choose the synonym of 'rapid'.,late,weak,fast,small,fast,Verbal,Hard
"If 8 workers finish a task in 4 days, how many worker-days are needed?",32,30,37,34,32,Puzzle,Hard
What is 28 + 49?,84,80,75,77,77,Quantitative,Hard
What is the square of 5?,24,25,30,26,25,Quantitative,Medium
"Find the next letter in the series: D, E, F, ?",H,G,I,F,G,Logical,Hard
Choose the synonym of 'benefit'.,late,advantage,small,weak,advantage,Verbal,Medium
"If 6 workers finish a task in 6 days, how many worker-days are needed?",36,38,34,41,36,Puzzle,Hard
What is 65 + 27?,99,92,95,90,92,Quantitative,Medium
What is the square of 11?,122,120,121,126,121,Quantitative,Easy
"Find the next letter in the series: C, D, E, ?",G,E,F,H,F,Logical,Easy
Choose the synonym of 'honest'.,small,late,truthful,weak,truthful,Verbal,Medium
"If 6 workers finish a task in 2 days, how many worker-days are needed?",14,10,12,17,12,Puzzle,Easy
What is 51 + 63?,117,112,114,121,114,Quantitative,Medium
What is the square of 20?,405,400,401,399,400,Quantitative,Hard
"Find the next letter in the series: K, L, M, ?",O,P,M,N,N,Logical,Easy
Choose the synonym of 'honest'.,weak,late,truthful,small,truthful,Verbal,Medium
"If 7 workers finish a task in 3 days, how many worker-days are needed?",23,19,21,26,21,Puzzle,Hard
What is 86 + 10?,94,99,103,96,96,Quantitative,Hard
What is the square of 11?,126,122,121,120,121,Quantitative,Easy
"Find the next letter in the series: U, V, W, ?",Z,X,Y,W,X,Logical,Medium
Choose the synonym of 'benefit'.,weak,small,late,advantage,advantage,Verbal,Easy
"If 3 workers finish a task in 3 days, how many worker-days are needed?",11,7,9,14,9,Puzzle,Medium
What is 83 + 58?,139,144,148,141,141,Quantitative,Hard
What is the square of 6?,35,41,37,36,36,Quantitative,Easy
"Find the next letter in the series: K, L, M, ?",O,N,M,P,N,Logical,Easy
Choose the synonym of 'honest'.,weak,small,late,truthful,truthful,Verbal,Hard
"If 8 workers finish a task in 9 days, how many worker-days are needed?",77,72,74,70,72,Puzzle,Hard
What is 98 + 33?,129,131,138,134,131,Quantitative,Easy
What is the square of 9?,81,80,82,86,81,Quantitative,Easy
"Find the next letter in the series: I, J, K, ?",K,L,N,M,L,Logical,Hard
Choose the synonym of 'benefit'.,late,advantage,weak,small,advantage,Verbal,Medium
"If 4 workers finish a task in 3 days, how many worker-days are needed?",10,14,17,12,12,Puzzle,Medium
What is 26 + 81?,110,114,107,105,107,Quantitative,Medium
What is the square of 16?,257,255,256,261,256,Quantitative,Medium
"Find the next letter in the series: O, P, Q, ?",T,R,S,Q,R,Logical,Easy
Choose the synonym of 'benefit'.,advantage,weak,small,late,advantage,Verbal,Hard
"If 9 workers finish a task in 10 days, how many worker-days are needed?",88,92,95,90,90,Puzzle,Easy
What is 92 + 62?,157,161,152,154,154,Quantitative,Hard
What is the square of 9?,86,80,81,82,81,Quantitative,Hard
"Find the next letter in the series: J, K, L, ?",N,M,L,O,M,Logical,Easy
Choose the synonym of 'benefit'.,late,small,weak,advantage,advantage,Verbal,Easy
"If 10 workers finish a task in 5 days, how many worker-days are needed?",55,50,48,52,50,Puzzle,Hard
What is 20 + 12?,39,35,30,32,32,Quantitative,Hard
What is the square of 4?,15,21,16,17,16,Quantitative,Hard
"Find the next letter in the series: A, B, C, ?",C,E,F,D,D,Logical,Hard
Choose the synonym of 'ancient'.,small,late,old,weak,old,Verbal,Medium
"If 10 workers finish a task in 10 days, how many worker-days are needed?",98,102,100,105,100,Puzzle,Easy
What is 97 + 72?,176,172,167,169,169,Quantitative,Medium
What is the square of 8?,69,64,65,63,64,Quantitative,Medium
"Find the next letter in the series: C, D, E, ?",G,F,E,H,F,Logical,Hard
Choose the synonym of 'bright'.,late,small,weak,smart,smart,Verbal,Medium
"If 7 workers finish a task in 5 days, how many worker-days are needed?",37,35,33,40,35,Puzzle,Easy
What is 37 + 69?,106,113,104,109,106,Quantitative,Easy
What is the square of 13?,169,168,174,170,169,Quantitative,Easy
"Find the next letter in the series: C, D, E, ?",H,G,E,F,F,Logical,Hard
Choose the synonym of 'rapid'.,small,late,weak,fast,fast,Verbal,Hard
"If 3 workers finish a task in 3 days, how many worker-days are needed?",14,11,9,7,9,Puzzle,Medium
What is 61 + 63?,124,127,131,122,124,Quantitative,Medium
What is the square of 15?,225,224,230,226,225,Quantitative,Hard
"Find the next letter in the series: S, T, U, ?",X,W,U,V,V,Logical,Easy
Choose the synonym of 'benefit'.,late,weak,advantage,small,advantage,Verbal,Easy
"If 7 workers finish a task in 3 days, how many worker-days are needed?",21,19,26,23,21,Puzzle,Medium
What is 15 + 52?,67,65,74,70,67,Quantitative,Easy
What is the square of 11?,121,120,126,122,121,Quantitative,Hard
"Find the next letter in the series: O, P, Q, ?",T,R,Q,S,R,Logical,Hard
Choose the synonym of 'rapid'.,weak,fast,small,late,fast,Verbal,Hard
"If 10 workers finish a task in 6 days, how many worker-days are needed?",60,62,58,65,60,Puzzle,Medium
What is 61 + 97?,156,161,165,158,158,Quantitative,Hard
What is the square of 18?,324,329,323,325,324,Quantitative,Hard
"Find the next letter in the series: D, E, F, ?",F,I,H,G,G,Logical,Easy
Choose the synonym of 'benefit'.,small,weak,late,advantage,advantage,Verbal,Medium
"If 8 workers finish a task in 3 days, how many worker-days are needed?",22,24,29,26,24,Puzzle,Medium
What is 74 + 95?,176,167,172,169,169,Quantitative,Hard
What is the square of 12?,145,143,144,149,144,Quantitative,Hard
"Find the next letter in the series: C, D, E, ?",H,F,E,G,F,Logical,Hard
Choose the synonym of 'ancient'.,small,weak,late,old,old,Verbal,Hard
"If 3 workers finish a task in 10 days, how many worker-days are needed?",32,28,35,30,30,Puzzle,Easy
What is 12 + 44?,59,54,56,63,56,Quantitative,Medium
What is the square of 10?,99,100,101,105,100,Quantitative,Easy
"Find the next letter in the series: T, U, V, ?",W,V,Y,X,W,Logical,Hard
Choose the synonym of 'honest'.,small,weak,truthful,late,truthful,Verbal,Medium
"If 2 workers finish a task in 9 days, how many worker-days are needed?",18,20,23,16,18,Puzzle,Easy
What is 22 + 85?,105,114,110,107,107,Quantitative,Easy
What is the square of 7?,54,49,50,48,49,Quantitative,Medium
"Find the next letter in the series: M, N, O, ?",R,P,Q,O,P,Logical,Medium
Choose the synonym of 'ancient'.,small,weak,late,old,old,Verbal,Easy
"If 9 workers finish a task in 3 days, how many worker-days are needed?",32,29,25,27,27,Puzzle,Easy
What is 50 + 96?,149,146,153,144,146,Quantitative,Hard
What is the square of 14?,196,201,197,195,196,Quantitative,Hard
"Find the next letter in the series: T, U, V, ?",V,W,X,Y,W,Logical,Hard
Choose the synonym of 'rapid'.,weak,late,small,fast,fast,Verbal,Easy
"If 9 workers finish a task in 5 days, how many worker-days are needed?",50,47,45,43,45,Puzzle,Medium
What is 29 + 69?,101,98,105,96,98,Quantitative,Medium
What is the square of 10?,101,100,99,105,100,Quantitative,Medium
"Find the next letter in the series: C, D, E, ?",E,F,G,H,F,Logical,Hard
Choose the synonym of 'bright'.,smart,weak,small,late,smart,Verbal,Medium
"If 8 workers finish a task in 8 days, how many worker-days are needed?",62,66,64,69,64,Puzzle,Hard
What is 14 + 15?,36,32,29,27,29,Quantitative,Hard
What is the square of 19?,361,366,360,362,361,Quantitative,Hard
"Find the next letter in the series: O, P, Q, ?",R,S,Q,T,R,Logical,Hard
Choose the synonym of 'honest'.,small,truthful,weak,late,truthful,Verbal,Hard
"If 2 workers finish a task in 2 days, how many worker-days are needed?",6,4,9,2,4,Puzzle,Medium
What is 87 + 38?,125,128,132,123,125,Quantitative,Hard
What is the square of 10?,100,101,105,99,100,Quantitative,Hard
"Find the next letter in the series: Q, R, S, ?",S,V,T,U,T,Logical,Hard
Choose the synonym of 'bright'.,small,late,smart,weak,smart,Verbal,Hard
"If 2 workers finish a task in 9 days, how many worker-days are needed?",23,18,20,16,18,Puzzle,Hard
What is 25 + 11?,43,34,39,36,36,Quantitative,Easy
What is the square of 8?,65,64,69,63,64,Quantitative,Easy
"Find the next letter in the series: N, O, P, ?",S,Q,P,R,Q,Logical,Medium
Choose the synonym of 'ancient'.,old,weak,small,late,old,Verbal,Easy
"If 9 workers finish a task in 6 days, how many worker-days are needed?",52,56,54,59,54,Puzzle,Hard
What is 59 + 67?,124,126,129,133,126,Quantitative,Easy
What is the square of 7?,54,49,50,48,49,Quantitative,Easy
"Find the next letter in the series: C, D, E, ?",G,E,H,F,F,Logical,Easy
Choose the synonym of 'bright'.,smart,small,weak,late,smart,Verbal,Medium
"If 8 workers finish a task in 2 days, how many worker-days are needed?",21,16,18,14,16,Puzzle,Medium
What is 36 + 65?,101,99,104,108,101,Quantitative,Easy
What is the square of 9?,82,86,81,80,81,Quantitative,Hard
"Find the next letter in the series: U, V, W, ?",Z,Y,W,X,X,Logical,Hard
Choose the synonym of 'honest'.,late,small,truthful,weak,truthful,Verbal,Medium
"If 10 workers finish a task in 5 days, how many worker-days are needed?",52,48,55,50,50,Puzzle,Hard
What is 59 + 44?,101,103,110,106,103,Quantitative,Medium
What is the square of 15?,224,225,226,230,225,Quantitative,Easy
"Find the next letter in the series: E, F, G, ?",G,I,J,H,H,Logical,Easy
Choose the synonym of 'benefit'.,late,advantage,small,weak,advantage,Verbal,Medium
"If 3 workers finish a task in 10 days, how many worker-days are needed?",32,35,28,30,30,Puzzle,Hard
What is 58 + 99?,160,157,155,164,157,Quantitative,Hard
What is the square of 3?,10,9,8,14,9,Quantitative,Easy
"Find the next letter in the series: I, J, K, ?",M,K,N,L,L,Logical,Medium
Choose the synonym of 'bright'.,small,weak,smart,late,smart,Verbal,Medium
"If 10 workers finish a task in 3 days, how many worker-days are needed?",28,35,32,30,30,Puzzle,Hard
What is 88 + 51?,137,142,139,146,139,Quantitative,Easy
What is the square of 14?,196,201,197,195,196,Quantitative,Hard
"Find the next letter in the series: F, G, H, ?",K,J,I,H,I,Logical,Medium
Choose the synonym of 'benefit'.,advantage,small,weak,late,advantage,Verbal,Medium
"If 9 workers finish a task in 5 days, how many worker-days are needed?",45,43,50,47,45,Puzzle,Easy
What is 15 + 24?,46,39,37,42,39,Quantitative,Hard
What is the square of 5?,24,30,25,26,25,Quantitative,Medium
"Find the next letter in the series: G, H, I, ?",L,K,I,J,J,Logical,Easy
Choose the synonym of 'ancient'.,small,late,weak,old,old,Verbal,Easy
"If 5 workers finish a task in 6 days, how many worker-days are needed?",28,35,30,32,30,Puzzle,Medium
What is 34 + 99?,131,136,133,140,133,Quantitative,Medium
What is the square of 8?,64,65,69,63,64,Quantitative,Easy
"Find the next letter in the series: Q, R, S, ?",T,V,U,S,T,Logical,Hard
Choose the synonym of 'ancient'.,old,weak,small,late,old,Verbal,Medium
"If 4 workers finish a task in 5 days, how many worker-days are needed?",22,25,18,20,20,Puzzle,Easy
What is 43 + 44?,90,85,94,87,87,Quantitative,Easy
What is the square of 15?,226,225,224,230,225,Quantitative,Medium
"Find the next letter in the series: D, E, F, ?",F,I,H,G,G,Logical,Medium
Choose the synonym of 'ancient'.,old,late,small,weak,old,Verbal,Hard
"If 7 workers finish a task in 4 days, how many worker-days are needed?",26,30,33,28,28,Puzzle,Easy
What is 97 + 45?,149,142,145,140,142,Quantitative,Easy
What is the square of 20?,401,405,400,399,400,Quantitative,Easy
"Find the next letter in the series: M, N, O, ?",P,R,Q,O,P,Logical,Easy
Choose the synonym of 'rapid'.,late,fast,weak,small,fast,Verbal,Easy
"If 8 workers finish a task in 5 days, how many worker-days are needed?",38,45,42,40,40,Puzzle,Easy
What is 74 + 59?,131,140,133,136,133,Quantitative,Hard
What is the square of 12?,149,143,144,145,144,Quantitative,Hard
"Find the next letter in the series: K, L, M, ?",P,N,M,O,N,Logical,Easy
Choose the synonym of 'rapid'.,fast,weak,late,small,fast,Verbal,Medium
"If 2 workers finish a task in 8 days, how many worker-days are needed?",21,14,16,18,16,Puzzle,Hard
What is 74 + 49?,121,130,126,123,123,Quantitative,Hard
What is the square of 10?,105,100,101,99,100,Quantitative,Medium
"Find the next letter in the series: F, G, H, ?",J,I,K,H,I,Logical,Easy
Choose the synonym of 'honest'.,weak,small,late,truthful,truthful,Verbal,Hard
"If 2 workers finish a task in 2 days, how many worker-days are needed?",4,9,2,6,4,Puzzle,Medium
What is 31 + 93?,122,131,127,124,124,Quantitative,Medium
What is the square of 5?,30,24,25,26,25,Quantitative,Easy
"Find the next letter in the series: P, Q, R, ?",U,S,T,R,S,Logical,Easy
Choose the synonym of 'benefit'.,advantage,weak,small,late,advantage,Verbal,Medium
"If 8 workers finish a task in 2 days, how many worker-days are needed?",18,21,14,16,16,Puzzle,Easy
What is 40 + 49?,96,89,87,92,89,Quantitative,Easy
What is the square of 4?,16,15,21,17,16,Quantitative,Easy
"Find the next letter in the series: P, Q, R, ?",U,S,R,T,S,Logical,Hard
Choose the synonym of 'bright'.,small,late,weak,smart,smart,Verbal,Easy
"If 5 workers finish a task in 4 days, how many worker-days are needed?",25,18,22,20,20,Puzzle,Hard
What is 29 + 61?,93,90,97,88,90,Quantitative,Easy
What is the square of 13?,169,170,174,168,169,Quantitative,Hard
"Find the next letter in the series: R, S, T, ?",V,U,T,W,U,Logical,Hard
Choose the synonym of 'rapid'.,small,fast,weak,late,fast,Verbal,Easy
"If 5 workers finish a task in 3 days, how many worker-days are needed?",20,13,15,17,15,Puzzle,Medium
What is 99 + 18?,117,120,124,115,117,Quantitative,Easy
What is the square of 8?,65,63,64,69,64,Quantitative,Easy
"Find the next letter in the series: B, C, D, ?",E,G,F,D,E,Logical,Hard
Choose the synonym of 'rapid'.,fast,late,weak,small,fast,Verbal,Hard
"If 9 workers finish a task in 9 days, how many worker-days are needed?",81,86,79,83,81,Puzzle,Medium
What is 38 + 94?,139,130,132,135,132,Quantitative,Medium
What is the square of 17?,290,288,289,294,289,Quantitative,Medium
"Find the next letter in the series: J, K, L, ?",L,N,M,O,M,Logical,Easy
Choose the synonym of 'benefit'.,small,late,advantage,weak,advantage,Verbal,Medium
"If 5 workers finish a task in 2 days, how many worker-days are needed?",12,10,15,8,10,Puzzle,Medium
What is 58 + 78?,139,136,143,134,136,Quantitative,Medium
What is the square of 6?,37,41,35,36,36,Quantitative,Hard
"Find the next letter in the series: I, J, K, ?",K,N,M,L,L,Logical,Medium
Choose the synonym of 'honest'.,weak,small,truthful,late,truthful,Verbal,Medium
"If 6 workers finish a task in 2 days, how many worker-days are needed?",10,14,17,12,12,Puzzle,Medium
What is 32 + 13?,48,52,43,45,45,Quantitative,Hard
What is the square of 6?,37,35,41,36,36,Quantitative,Medium
"Find the next letter in the series: P, Q, R, ?",T,U,R,S,S,Logical,Medium
Choose the synonym of 'honest'.,truthful,weak,small,late,truthful,Verbal,Easy
"If 5 workers finish a task in 5 days, how many worker-days are needed?",25,23,27,30,25,Puzzle,Easy
What is 43 + 29?,75,79,72,70,72,Quantitative,Medium
What is the square of 4?,16,15,17,21,16,Quantitative,Easy
"Find the next letter in the series: H, I, J, ?",L,M,K,J,K,Logical,Hard
Choose the synonym of 'rapid'.,late,weak,fast,small,fast,Verbal,Medium
"If 2 workers finish a task in 7 days, how many worker-days are needed?",14,16,12,19,14,Puzzle,Easy
What is 40 + 58?,105,101,98,96,98,Quantitative,Medium
What is the square of 14?,201,195,197,196,196,Quantitative,Hard
"Find the next letter in the series: R, S, T, ?",V,T,W,U,U,Logical,Medium
Choose the synonym of 'ancient'.,weak,small,old,late,old,Verbal,Easy
"If 3 workers finish a task in 8 days, how many worker-days are needed?",22,29,26,24,24,Puzzle,Easy
What is 83 + 61?,151,142,147,144,144,Quantitative,Easy
What is the square of 17?,290,289,288,294,289,Quantitative,Hard
"Find the next letter in the series: U, V, W, ?",Z,Y,X,W,X,Logical,Hard
Choose the synonym of 'bright'.,smart,weak,late,small,smart,Verbal,Medium
"If 6 workers finish a task in 2 days, how many worker-days are needed?",14,10,17,12,12,Puzzle,Easy
What is 52 + 98?,157,153,150,148,150,Quantitative,Easy
What is the square of 3?,8,14,9,10,9,Quantitative,Hard
"Find the next letter in the series: S, T, U, ?",W,U,X,V,V,Logical,Easy
Choose the synonym of 'benefit'.,small,weak,advantage,late,advantage,Verbal,Medium
"If 4 workers finish a task in 6 days, how many worker-days are needed?",24,26,29,22,24,Puzzle,Medium
What is 75 + 35?,117,108,110,113,110,Quantitative,Easy
What is the square of 19?,360,366,362,361,361,Quantitative,Medium
"Find the next letter in the series: J, K, L, ?",M,O,L,N,M,Logical,Easy
Choose the synonym of 'ancient'.,old,weak,late,small,old,Verbal,Easy
"If 5 workers finish a task in 8 days, how many worker-days are needed?",42,40,45,38,40,Puzzle,Medium
What is 24 + 51?,82,78,73,75,75,Quantitative,Medium
What is the square of 14?,201,196,197,195,196,Quantitative,Easy
"Find the next letter in the series: O, P, Q, ?",Q,S,T,R,R,Logical,Medium
Choose the synonym of 'ancient'.,small,late,old,weak,old,Verbal,Medium
"If 9 workers finish a task in 9 days, how many worker-days are needed?",79,81,83,86,81,Puzzle,Medium
What is 12 + 17?,27,36,32,29,29,Quantitative,Easy
What is the square of 3?,9,10,14,8,9,Quantitative,Easy
"Find the next letter in the series: M, N, O, ?",R,Q,P,O,P,Logical,Easy
Choose the synonym of 'honest'.,weak,truthful,small,late,truthful,Verbal,Medium
"If 8 workers finish a task in 10 days, how many worker-days are needed?",78,82,80,85,80,Puzzle,Hard
What is 15 + 90?,103,112,105,108,105,Quantitative,Medium
What is the square of 14?,195,201,197,196,196,Quantitative,Medium
"Find the next letter in the series: T, U, V, ?",W,V,Y,X,W,Logical,Easy
Choose the synonym of 'bright'.,small,weak,smart,late,smart,Verbal,Medium
"If 7 workers finish a task in 10 days, how many worker-days are needed?",72,75,68,70,70,Puzzle,Hard
What is 16 + 60?,74,83,79,76,76,Quantitative,Medium
What is the square of 16?,261,257,255,256,256,Quantitative,Medium
"Find the next letter in the series: S, T, U, ?",U,V,W,X,V,Logical,Hard
Choose the synonym of 'rapid'.,late,fast,weak,small,fast,Verbal,Hard
"If 3 workers finish a task in 3 days, how many worker-days are needed?",11,7,9,14,9,Puzzle,Easy
What is 25 + 99?,122,124,131,127,124,Quantitative,Easy
What is the square of 15?,225,226,230,224,225,Quantitative,Hard
"Find the next letter in the series: I, J, K, ?",L,K,N,M,L,Logical,Easy
Choose the synonym of 'benefit'.,late,advantage,weak,small,advantage,Verbal,Easy
"If 5 workers finish a task in 7 days, how many worker-days are needed?",35,37,40,33,35,Puzzle,Easy
What is 71 + 25?,103,94,99,96,96,Quantitative,Medium
What is the square of 4?,21,16,17,15,16,Quantitative,Easy
"Find the next letter in the series: G, H, I, ?",I,L,J,K,J,Logical,Easy
Choose the synonym of 'ancient'.,weak,old,late,small,old,Verbal,Easy
"If 7 workers finish a task in 10 days, how many worker-days are needed?",72,70,75,68,70,Puzzle,Hard
What is 41 + 69?,113,110,117,108,110,Quantitative,Easy
What is the square of 14?,195,201,197,196,196,Quantitative,Hard
"Find the next letter in the series: N, O, P, ?",P,R,Q,S,Q,Logical,Hard
Choose the synonym of 'honest'.,small,weak,late,truthful,truthful,Verbal,Hard
"If 7 workers finish a task in 5 days, how many worker-days are needed?",35,40,37,33,35,Puzzle,Medium
What is 44 + 84?,135,131,128,126,128,Quantitative,Medium
What is the square of 7?,50,49,54,48,49,Quantitative,Medium
"Find the next letter in the series: N, O, P, ?",Q,R,P,S,Q,Logical,Medium
Choose the synonym of 'rapid'.,small,weak,fast,late,fast,Verbal,Hard
"If 8 workers finish a task in 9 days, how many worker-days are needed?",72,74,70,77,72,Puzzle,Hard
What is 91 + 70?,159,161,164,168,161,Quantitative,Hard
What is the square of 6?,41,35,37,36,36,Quantitative,Medium
"Find the next letter in the series: L, M, N, ?",Q,N,P,O,O,Logical,Easy
Choose the synonym of 'bright'.,smart,late,small,weak,smart,Verbal,Medium
"If 5 workers finish a task in 6 days, how many worker-days are needed?",35,30,32,28,30,Puzzle,Hard
What is 28 + 18?,53,46,44,49,46,Quantitative,Easy
What is the square of 18?,324,323,329,325,324,Quantitative,Easy
"Find the next letter in the series: B, C, D, ?",E,G,F,D,E,Logical,Easy
Choose the synonym of 'benefit'.,weak,advantage,small,late,advantage,Verbal,Hard
"If 9 workers finish a task in 2 days, how many worker-days are needed?",20,18,23,16,18,Puzzle,Easy
What is 85 + 25?,117,110,113,108,110,Quantitative,Medium
What is the square of 9?,82,81,86,80,81,Quantitative,Hard
"Find the next letter in the series: T, U, V, ?",V,W,X,Y,W,Logical,Easy
Choose the synonym of 'benefit'.,weak,advantage,late,small,advantage,Verbal,Hard
"If 7 workers finish a task in 7 days, how many worker-days are needed?",47,49,51,54,49,Puzzle,Hard
What is 36 + 36?,70,75,72,79,72,Quantitative,Medium
What is the square of 8?,63,64,69,65,64,Quantitative,Hard
"Find the next letter in the series: K, L, M, ?",P,M,O,N,N,Logical,Hard
Choose the synonym of 'rapid'.,small,fast,weak,late,fast,Verbal,Hard
"If 8 workers finish a task in 4 days, how many worker-days are needed?",34,37,32,30,32,Puzzle,Easy
What is 48 + 38?,89,84,93,86,86,Quantitative,Hard
What is the square of 7?,49,48,54,50,49,Quantitative,Medium
"Find the next letter in the series: Q, R, S, ?",S,T,V,U,T,Logical,Medium
Choose the synonym of 'benefit'.,small,advantage,late,weak,advantage,Verbal,Medium
"If 10 workers finish a task in 9 days, how many worker-days are needed?",90,88,92,95,90,Puzzle,Hard
What is 53 + 48?,99,108,104,101,101,Quantitative,Hard
What is the square of 19?,360,362,361,366,361,Quantitative,Hard
"Find the next letter in the series: I, J, K, ?",L,M,N,K,L,Logical,Easy
Choose the synonym of 'honest'.,weak,late,small,truthful,truthful,Verbal,Medium
"If 4 workers finish a task in 8 days, how many worker-days are needed?",34,37,32,30,32,Puzzle,Easy
What is 19 + 62?,88,79,81,84,81,Quantitative,Easy
What is the square of 20?,405,400,399,401,400,Quantitative,Easy
"Find the next letter in the series: H, I, J, ?",K,L,M,J,K,Logical,Medium
Choose the synonym of 'rapid'.,weak,small,late,fast,fast,Verbal,Hard
"If 9 workers finish a task in 3 days, how many worker-days are needed?",29,25,32,27,27,Puzzle,Hard
What is 32 + 27?,66,57,59,62,59,Quantitative,Medium
What is the square of 18?,325,324,323,329,324,Quantitative,Medium
"Find the next letter in the series: R, S, T, ?",W,T,U,V,U,Logical,Medium
Choose the synonym of 'ancient'.,late,small,old,weak,old,Verbal,Hard
"If 7 workers finish a task in 9 days, how many worker-days are needed?",65,68,61,63,63,Puzzle,Medium
What is 87 + 10?,95,104,100,97,97,Quantitative,Medium
What is the square of 12?,149,143,145,144,144,Quantitative,Medium
"Find the next letter in the series: M, N, O, ?",R,O,Q,P,P,Logical,Hard
Choose the synonym of 'benefit'.,small,weak,late,advantage,advantage,Verbal,Medium
"If 5 workers finish a task in 2 days, how many worker-days are needed?",15,10,12,8,10,Puzzle,Easy
What is 86 + 15?,99,101,104,108,101,Quantitative,Medium
What is the square of 7?,49,48,54,50,49,Quantitative,Easy
"Find the next letter in the series: N, O, P, ?",P,Q,S,R,Q,Logical,Medium
Choose the synonym of 'benefit'.,late,small,weak,advantage,advantage,Verbal,Easy
"If 3 workers finish a task in 5 days, how many worker-days are needed?",20,13,15,17,15,Puzzle,Hard
What is 97 + 10?,110,114,105,107,107,Quantitative,Hard
What is the square of 18?,324,325,323,329,324,Quantitative,Medium
"Find the next letter in the series: G, H, I, ?",J,L,K,I,J,Logical,Medium
Choose the synonym of 'benefit'.,small,weak,advantage,late,advantage,Verbal,Easy
"If 5 workers finish a task in 9 days, how many worker-days are needed?",50,43,45,47,45,Puzzle,Easy
What is 90 + 26?,116,119,114,123,116,Quantitative,Medium
What is the square of 11?,126,122,121,120,121,Quantitative,Hard
"Find the next letter in the series: C, D, E, ?",H,F,G,E,F,Logical,Hard
Choose the synonym of 'benefit'.,small,late,weak,advantage,advantage,Verbal,Medium
"If 3 workers finish a task in 6 days, how many worker-days are needed?",23,18,20,16,18,Puzzle,Hard
What is 77 + 78?,158,162,155,153,155,Quantitative,Hard
What is the square of 4?,15,16,21,17,16,Quantitative,Easy
"Find the next letter in the series: D, E, F, ?",I,H,G,F,G,Logical,Hard
Choose the synonym of 'bright'.,weak,smart,late,small,smart,Verbal,Easy
"If 9 workers finish a task in 3 days, how many worker-days are needed?",25,32,27,29,27,Puzzle,Hard
What is 77 + 92?,167,172,176,169,169,Quantitative,Easy
What is the square of 3?,14,9,10,8,9,Quantitative,Hard
"Find the next letter in the series: C, D, E, ?",H,G,F,E,F,Logical,Medium
Choose the synonym of 'rapid'.,weak,late,fast,small,fast,Verbal,Easy
"If 6 workers finish a task in 6 days, how many worker-days are needed?",34,38,41,36,36,Puzzle,Medium
What is 23 + 38?,59,68,61,64,61,Quantitative,Medium
What is the square of 14?,196,201,197,195,196,Quantitative,Easy
"Find the next letter in the series: J, K, L, ?",L,N,O,M,M,Logical,Hard
Choose the synonym of 'benefit'.,weak,advantage,late,small,advantage,Verbal,Medium
"If 6 workers finish a task in 7 days, how many worker-days are needed?",44,47,40,42,42,Puzzle,Easy
What is 37 + 23?,63,67,58,60,60,Quantitative,Medium
What is the square of 8?,64,63,69,65,64,Quantitative,Medium
"Find the next letter in the series: G, H, I, ?",K,I,J,L,J,Logical,Easy
Choose the synonym of 'ancient'.,late,old,weak,small,old,Verbal,Easy
"If 10 workers finish a task in 10 days, how many worker-days are needed?",105,102,98,100,100,Puzzle,Medium
What is 68 + 81?,156,147,149,152,149,Quantitative,Medium
What is the square of 10?,105,99,101,100,100,Quantitative,Medium
"Find the next letter in the series: C, D, E, ?",F,G,E,H,F,Logical,Medium
Choose the synonym of 'rapid'.,weak,late,fast,small,fast,Verbal,Easy
"If 2 workers finish a task in 9 days, how many worker-days are needed?",20,18,23,16,18,Puzzle,Hard
What is 92 + 86?,178,176,181,185,178,Quantitative,Medium
What is the square of 18?,325,323,324,329,324,Quantitative,Medium
"Find the next letter in the series: J, K, L, ?",O,N,M,L,M,Logical,Easy
Choose the synonym of 'benefit'.,advantage,weak,small,late,advantage,Verbal,Hard
"If 8 workers finish a task in 10 days, how many worker-days are needed?",78,80,82,85,80,Puzzle,Hard
What is 33 + 97?,137,130,128,133,130,Quantitative,Medium
What is the square of 10?,105,99,101,100,100,Quantitative,Medium
"Find the next letter in the series: B, C, D, ?",F,E,D,G,E,Logical,Hard
Choose the synonym of 'bright'.,small,smart,weak,late,smart,Verbal,Easy
"If 9 workers finish a task in 2 days, how many worker-days are needed?",20,23,16,18,18,Puzzle,Easy
What is 19 + 73?,92,90,99,95,92,Quantitative,Easy
What is the square of 18?,323,325,329,324,324,Quantitative,Medium
"Find the next letter in the series: C, D, E, ?",F,G,H,E,F,Logical,Medium
Choose the synonym of 'ancient'.,old,weak,late,small,old,Verbal,Easy
"If 6 workers finish a task in 3 days, how many worker-days are needed?",23,18,20,16,18,Puzzle,Easy
What is 25 + 94?,122,119,126,117,119,Quantitative,Easy
What is the square of 3?,8,9,10,14,9,Quantitative,Easy
"Find the next letter in the series: L, M, N, ?",P,O,N,Q,O,Logical,Hard
Choose the synonym of 'ancient'.,old,small,weak,late,old,Verbal,Hard
"If 5 workers finish a task in 4 days, how many worker-days are needed?",22,20,18,25,20,Puzzle,Medium
What is 39 + 89?,135,126,131,128,128,Quantitative,Easy
What is the square of 12?,149,144,143,145,144,Quantitative,Medium
"Find the next letter in the series: T, U, V, ?",W,V,Y,X,W,Logical,Hard
Choose the synonym of 'benefit'.,small,late,weak,advantage,advantage,Verbal,Hard
"If 2 workers finish a task in 9 days, how many worker-days are needed?",16,18,23,20,18,Puzzle,Easy
What is 62 + 49?,109,114,118,111,111,Quantitative,Hard
What is the square of 15?,224,226,225,230,225,Quantitative,Easy
"Find the next letter in the series: D, E, F, ?",H,I,F,G,G,Logical,Hard
Choose the synonym of 'bright'.,weak,small,smart,late,smart,Verbal,Hard
"If 3 workers finish a task in 7 days, how many worker-days are needed?",23,26,21,19,21,Puzzle,Easy
What is 78 + 68?,153,146,144,149,146,Quantitative,Medium
What is the square of 16?,255,261,257,256,256,Quantitative,Hard
"Find the next letter in the series: Q, R, S, ?",V,S,T,U,T,Logical,Easy
Choose the synonym of 'benefit'.,advantage,late,small,weak,advantage,Verbal,Medium
"If 3 workers finish a task in 9 days, how many worker-days are needed?",32,25,29,27,27,Puzzle,Hard
What is 65 + 34?,106,97,99,102,99,Quantitative,Easy
What is the square of 5?,30,25,24,26,25,Quantitative,Easy
"Find the next letter in the series: E, F, G, ?",H,J,G,I,H,Logical,Hard
Choose the synonym of 'rapid'.,small,late,weak,fast,fast,Verbal,Medium
"If 6 workers finish a task in 2 days, how many worker-days are needed?",14,12,17,10,12,Puzzle,Medium
What is 51 + 80?,131,129,134,138,131,Quantitative,Medium
What is the square of 9?,81,86,82,80,81,Quantitative,Easy
"Find the next letter in the series: K, L, M, ?",M,O,N,P,N,Logical,Medium
Choose the synonym of 'honest'.,small,weak,late,truthful,truthful,Verbal,Hard
"If 6 workers finish a task in 5 days, how many worker-days are needed?",30,35,28,32,30,Puzzle,Easy
What is 17 + 69?,84,86,93,89,86,Quantitative,Medium
What is the square of 6?,36,41,37,35,36,Quantitative,Hard
"Find the next letter in the series: T, U, V, ?",W,Y,X,V,W,Logical,Hard
Choose the synonym of 'benefit'.,late,advantage,weak,small,advantage,Verbal,Hard
"If 9 workers finish a task in 5 days, how many worker-days are needed?",43,47,45,50,45,Puzzle,Easy
What is 71 + 25?,96,103,99,94,96,Quantitative,Easy
What is the square of 14?,196,195,201,197,196,Quantitative,Easy
"Find the next letter in the series: S, T, U, ?",X,V,W,U,V,Logical,Medium
Choose the synonym of 'bright'.,late,weak,small,smart,smart,Verbal,Easy
"If 9 workers finish a task in 8 days, how many worker-days are needed?",72,74,70,77,72,Puzzle,Hard
What is 61 + 53?,114,121,112,117,114,Quantitative,Medium
What is the square of 9?,81,86,82,80,81,Quantitative,Hard
"Find the next letter in the series: J, K, L, ?",N,O,M,L,M,Logical,Hard
Choose the synonym of 'benefit'.,weak,advantage,late,small,advantage,Verbal,Hard
"If 9 workers finish a task in 5 days, how many worker-days are needed?",45,43,47,50,45,Puzzle,Medium
What is 60 + 87?,147,145,150,154,147,Quantitative,Hard
What is the square of 15?,225,230,224,226,225,Quantitative,Medium
"Find the next letter in the series: Q, R, S, ?",V,S,U,T,T,Logical,Easy
Choose the synonym of 'benefit'.,small,late,weak,advantage,advantage,Verbal,Easy
"If 4 workers finish a task in 6 days, how many worker-days are needed?",22,26,29,24,24,Puzzle,Easy
What is 87 + 67?,154,157,152,161,154,Quantitative,Easy
What is the square of 15?,224,225,230,226,225,Quantitative,Medium
"Find the next letter in the series: I, J, K, ?",M,N,K,L,L,Logical,Easy
Choose the synonym of 'rapid'.,late,fast,weak,small,fast,Verbal,Hard
"If 4 workers finish a task in 9 days, how many worker-days are needed?",34,41,38,36,36,Puzzle,Hard
What is 63 + 40?,110,103,101,106,103,Quantitative,Easy
What is the square of 12?,145,144,149,143,144,Quantitative,Medium
"Find the next letter in the series: U, V, W, ?",W,Y,Z,X,X,Logical,Medium
Choose the synonym of 'ancient'.,weak,small,old,late,old,Verbal,Medium
"If 4 workers finish a task in 10 days, how many worker-days are needed?",45,38,40,42,40,Puzzle,Easy
What is 59 + 11?,68,73,77,70,70,Quantitative,Medium
What is the square of 7?,54,49,50,48,49,Quantitative,Easy
"Find the next letter in the series: H, I, J, ?",K,L,J,M,K,Logical,Medium
Choose the synonym of 'ancient'.,old,small,late,weak,old,Verbal,Easy
"If 9 workers finish a task in 8 days, how many worker-days are needed?",74,70,72,77,72,Puzzle,Medium
What is 75 + 29?,102,104,107,111,104,Quantitative,Easy
What is the square of 5?,25,26,30,24,25,Quantitative,Medium
"Find the next letter in the series: L, M, N, ?",O,P,N,Q,O,Logical,Medium
Choose the synonym of 'bright'.,late,smart,small,weak,smart,Verbal,Easy
"If 7 workers finish a task in 7 days, how many worker-days are needed?",47,51,54,49,49,Puzzle,Medium
What is 76 + 13?,92,87,89,96,89,Quantitative,Medium
What is the square of 14?,201,196,195,197,196,Quantitative,Medium
"Find the next letter in the series: M, N, O, ?",Q,O,P,R,P,Logical,Easy
Choose the synonym of 'ancient'.,late,old,small,weak,old,Verbal,Hard
"If 3 workers finish a task in 3 days, how many worker-days are needed?",7,11,9,14,9,Puzzle,Medium
What is 12 + 38?,50,57,53,48,50,Quantitative,Easy
What is the square of 13?,174,170,169,168,169,Quantitative,Medium
"Find the next letter in the series: O, P, Q, ?",S,T,Q,R,R,Logical,Easy
Choose the synonym of 'honest'.,weak,late,small,truthful,truthful,Verbal,Easy
"If 2 workers finish a task in 7 days, how many worker-days are needed?",14,19,16,12,14,Puzzle,Medium
What is 24 + 87?,118,114,111,109,111,Quantitative,Medium
What is the square of 4?,16,21,15,17,16,Quantitative,Hard
"Find the next letter in the series: E, F, G, ?",I,J,H,G,H,Logical,Medium
Choose the synonym of 'bright'.,late,weak,small,smart,smart,Verbal,Hard
"If 2 workers finish a task in 5 days, how many worker-days are needed?",15,8,12,10,10,Puzzle,Medium
What is 65 + 67?,139,132,135,130,132,Quantitative,Hard
What is the square of 5?,25,26,24,30,25,Quantitative,Medium
"Find the next letter in the series: G, H, I, ?",K,L,J,I,J,Logical,Hard
Choose the synonym of 'benefit'.,weak,small,late,advantage,advantage,Verbal,Hard
"If 6 workers finish a task in 2 days, how many worker-days are needed?",17,12,14,10,12,Puzzle,Medium
What is 65 + 45?,117,110,108,113,110,Quantitative,Easy
What is the square of 18?,325,324,323,329,324,Quantitative,Easy
"Find the next letter in the series: T, U, V, ?",W,V,X,Y,W,Logical,Easy
Choose the synonym of 'rapid'.,small,fast,late,weak,fast,Verbal,Easy
"If 7 workers finish a task in 4 days, how many worker-days are needed?",33,28,30,26,28,Puzzle,Easy
What is 40 + 56?,94,96,103,99,96,Quantitative,Medium
What is the square of 20?,399,405,400,401,400,Quantitative,Easy
"Find the next letter in the series: L, M, N, ?",N,O,P,Q,O,Logical,Hard
Choose the synonym of 'bright'.,small,late,weak,smart,smart,Verbal,Medium
"If 7 workers finish a task in 5 days, how many worker-days are needed?",37,40,35,33,35,Puzzle,Hard
What is 73 + 52?,123,132,125,128,125,Quantitative,Hard
What is the square of 3?,8,10,9,14,9,Quantitative,Medium
"Find the next letter in the series: S, T, U, ?",X,W,V,U,V,Logical,Medium
Choose the synonym of 'ancient'.,weak,late,small,old,old,Verbal,Hard
"If 6 workers finish a task in 10 days, how many worker-days are needed?",65,62,58,60,60,Puzzle,Hard
What is 62 + 96?,161,158,165,156,158,Quantitative,Medium
What is the square of 8?,64,69,63,65,64,Quantitative,Easy
"Find the next letter in the series: O, P, Q, ?",S,R,T,Q,R,Logical,Hard
Choose the synonym of 'bright'.,weak,small,late,smart,smart,Verbal,Hard
"If 8 workers finish a task in 9 days, how many worker-days are needed?",77,70,74,72,72,Puzzle,Medium
What is 69 + 58?,127,134,130,125,127,Quantitative,Medium
What is the square of 10?,105,99,100,101,100,Quantitative,Medium
"Find the next letter in the series: Q, R, S, ?",T,U,S,V,T,Logical,Hard
Choose the synonym of 'rapid'.,weak,fast,late,small,fast,Verbal,Medium
"If 10 workers finish a task in 9 days, how many worker-days are needed?",92,95,88,90,90,Puzzle,Easy
What is 82 + 94?,176,174,183,179,176,Quantitative,Hard
What is the square of 8?,64,63,69,65,64,Quantitative,Easy
"Find the next letter in the series: R, S, T, ?",W,V,U,T,U,Logical,Hard
Choose the synonym of 'ancient'.,old,weak,small,late,old,Verbal,Easy
"If 2 workers finish a task in 2 days, how many worker-days are needed?",9,6,4,2,4,Puzzle,Medium
What is 32 + 87?,117,122,119,126,119,Quantitative,Hard
What is the square of 8?,63,65,69,64,64,Quantitative,Hard
"Find the next letter in the series: H, I, J, ?",M,L,K,J,K,Logical,Medium
Choose the synonym of 'benefit'.,advantage,small,weak,late,advantage,Verbal,Hard
"If 5 workers finish a task in 4 days, how many worker-days are needed?",25,22,20,18,20,Puzzle,Medium
What is 60 + 70?,137,128,133,130,130,Quantitative,Easy
What is the square of 11?,120,121,126,122,121,Quantitative,Medium
"Find the next letter in the series: D, E, F, ?",G,F,H,I,G,Logical,Hard
Choose the synonym of 'ancient'.,late,old,small,weak,old,Verbal,Medium
"If 2 workers finish a task in 6 days, how many worker-days are needed?",14,10,12,17,12,Puzzle,Easy
What is 54 + 61?,118,113,115,122,115,Quantitative,Hard
What is the square of 14?,197,201,196,195,196,Quantitative,Hard
"Find the next letter in the series: J, K, L, ?",L,M,O,N,M,Logical,Hard
Choose the synonym of 'rapid'.,fast,weak,small,late,fast,Verbal,Medium
"If 8 workers finish a task in 4 days, how many worker-days are needed?",37,32,30,34,32,Puzzle,Medium
What is 50 + 68?,121,125,116,118,118,Quantitative,Hard
What is the square of 10?,105,100,101,99,100,Quantitative,Medium
"Find the next letter in the series: S, T, U, ?",W,X,V,U,V,Logical,Hard
Choose the synonym of 'bright'.,late,smart,small,weak,smart,Verbal,Easy
"If 9 workers finish a task in 5 days, how many worker-days are needed?",43,47,45,50,45,Puzzle,Medium
What is 10 + 98?,115,106,108,111,108,Quantitative,Easy
What is the square of 4?,21,17,16,15,16,Quantitative,Easy
"Find the next letter in the series: I, J, K, ?",M,K,L,N,L,Logical,Easy
Choose the synonym of 'benefit'.,late,small,advantage,weak,advantage,Verbal,Hard
"If 4 workers finish a task in 8 days, how many worker-days are needed?",30,37,32,34,32,Puzzle,Easy
What is 37 + 57?,97,101,92,94,94,Quantitative,Easy
What is the square of 13?,169,174,170,168,169,Quantitative,Medium
"Find the next letter in the series: B, C, D, ?",F,E,D,G,E,Logical,Medium
Choose the synonym of 'bright'.,weak,late,small,smart,smart,Verbal,Medium
"If 10 workers finish a task in 4 days, how many worker-days are needed?",38,42,45,40,40,Puzzle,Hard
What is 94 + 94?,195,186,188,191,188,Quantitative,Easy
What is the square of 14?,201,197,195,196,196,Quantitative,Medium
"Find the next letter in the series: D, E, F, ?",G,H,I,F,G,Logical,Easy
Choose the synonym of 'rapid'.,fast,weak,late,small,fast,Verbal,Easy
"If 6 workers finish a task in 5 days, how many worker-days are needed?",35,28,32,30,30,Puzzle,Medium
What is 84 + 56?,143,140,138,147,140,Quantitative,Easy
What is the square of 10?,105,100,101,99,100,Quantitative,Hard
"Find the next letter in the series: Q, R, S, ?",V,U,S,T,T,Logical,Medium
Choose the synonym of 'bright'.,weak,smart,small,late,smart,Verbal,Medium
"If 8 workers finish a task in 5 days, how many worker-days are needed?",40,45,42,38,40,Puzzle,Medium
What is 81 + 60?,141,148,144,139,141,Quantitative,Easy
What is the square of 20?,401,400,405,399,400,Quantitative,Hard
"Find the next letter in the series: F, G, H, ?",J,H,I,K,I,Logical,Easy
Choose the synonym of 'ancient'.,old,weak,small,late,old,Verbal,Easy
"If 10 workers finish a task in 4 days, how many worker-days are needed?",45,40,38,42,40,Puzzle,Medium
What is 42 + 49?,91,94,89,98,91,Quantitative,Hard
What is the square of 6?,37,35,41,36,36,Quantitative,Hard
"Find the next letter in the series: B, C, D, ?",E,F,G,D,E,Logical,Easy
Choose the synonym of 'honest'.,late,weak,truthful,small,truthful,Verbal,Medium
"If 10 workers finish a task in 4 days, how many worker-days are needed?",45,42,38,40,40,Puzzle,Hard
What is 86 + 29?,113,118,122,115,115,Quantitative,Easy
What is the square of 11?,121,122,120,126,121,Quantitative,Hard
"Find the next letter in the series: H, I, J, ?",J,M,L,K,K,Logical,Hard
Choose the synonym of 'honest'.,truthful,late,weak,small,truthful,Verbal,Easy
"If 9 workers finish a task in 9 days, how many worker-days are needed?",83,79,86,81,81,Puzzle,Easy
What is 20 + 83?,106,101,110,103,103,Quantitative,Hard
What is the square of 5?,24,26,30,25,25,Quantitative,Hard
"Find the next letter in the series: Q, R, S, ?",S,V,T,U,T,Logical,Hard
Choose the synonym of 'bright'.,smart,late,small,weak,smart,Verbal,Hard
"If 10 workers finish a task in 10 days, how many worker-days are needed?",100,102,98,105,100,Puzzle,Easy
What is 73 + 25?,96,105,98,101,98,Quantitative,Easy
What is the square of 5?,30,24,26,25,25,Quantitative,Medium
"Find the next letter in the series: K, L, M, ?",N,P,O,M,N,Logical,Medium
Choose the synonym of 'benefit'.,weak,advantage,small,late,advantage,Verbal,Medium
"If 9 workers finish a task in 7 days, how many worker-days are needed?",65,61,68,63,63,Puzzle,Hard
What is 65 + 60?,132,125,123,128,125,Quantitative,Easy
What is the square of 9?,81,82,80,86,81,Quantitative,Easy
"Find the next letter in the series: U, V, W, ?",Z,X,W,Y,X,Logical,Medium
Choose the synonym of 'benefit'.,weak,small,late,advantage,advantage,Verbal,Hard
"If 7 workers finish a task in 4 days, how many worker-days are needed?",30,33,26,28,28,Puzzle,Medium
What is 76 + 93?,167,172,169,176,169,Quantitative,Hard
What is the square of 13?,169,174,168,170,169,Quantitative,Easy
"Find the next letter in the series: D, E, F, ?",I,F,H,G,G,Logical,Medium
Choose the synonym of 'honest'.,small,weak,late,truthful,truthful,Verbal,Hard
"If 10 workers finish a task in 9 days, how many worker-days are needed?",95,88,90,92,90,Puzzle,Medium
What is 81 + 85?,166,169,173,164,166,Quantitative,Hard
What is the square of 7?,54,48,49,50,49,Quantitative,Medium
"Find the next letter in the series: J, K, L, ?",N,L,M,O,M,Logical,Medium
Choose the synonym of 'benefit'.,weak,late,advantage,small,advantage,Verbal,Medium
"If 3 workers finish a task in 5 days, how many worker-days are needed?",15,13,20,17,15,Puzzle,Easy
What is 39 + 44?,83,86,81,90,83,Quantitative,Hard
What is the square of 5?,25,30,24,26,25,Quantitative,Easy
"Find the next letter in the series: D, E, F, ?",G,F,I,H,G,Logical,Medium
Choose the synonym of 'benefit'.,advantage,late,small,weak,advantage,Verbal,Medium
"If 10 workers finish a task in 10 days, how many worker-days are needed?",105,98,102,100,100,Puzzle,Medium
What is 90 + 10?,100,103,107,98,100,Quantitative,Hard
What is the square of 15?,226,225,224,230,225,Quantitative,Easy
"Find the next letter in the series: R, S, T, ?",W,T,V,U,U,Logical,Hard
Choose the synonym of 'honest'.,small,weak,truthful,late,truthful,Verbal,Easy
"If 4 workers finish a task in 6 days, how many worker-days are needed?",22,24,26,29,24,Puzzle,Hard
What is 96 + 42?,136,138,141,145,138,Quantitative,Medium
What is the square of 6?,36,41,35,37,36,Quantitative,Easy
"Find the next letter in the series: H, I, J, ?",M,L,K,J,K,Logical,Medium
Choose the synonym of 'ancient'.,small,weak,old,late,old,Verbal,Medium
"If 10 workers finish a task in 7 days, how many worker-days are needed?",70,75,72,68,70,Puzzle,Easy
What is 70 + 38?,111,106,108,115,108,Quantitative,Easy
What is the square of 8?,69,63,65,64,64,Quantitative,Hard
"Find the next letter in the series: H, I, J, ?",M,J,K,L,K,Logical,Medium
Choose the synonym of 'honest'.,late,truthful,small,weak,truthful,Verbal,Medium
"If 4 workers finish a task in 4 days, how many worker-days are needed?",16,14,21,18,16,Puzzle,Hard
What is 83 + 96?,186,179,182,177,179,Quantitative,Hard
What is the square of 4?,16,17,21,15,16,Quantitative,Easy
"Find the next letter in the series: J, K, L, ?",N,O,M,L,M,Logical,Hard
Choose the synonym of 'ancient'.,weak,small,late,old,old,Verbal,Medium
"If 6 workers finish a task in 9 days, how many worker-days are needed?",54,52,56,59,54,Puzzle,Easy
What is 14 + 41?,58,53,55,62,55,Quantitative,Medium
What is the square of 17?,288,294,290,289,289,Quantitative,Hard
"Find the next letter in the series: D, E, F, ?",I,F,H,G,G,Logical,Hard
Choose the synonym of 'benefit'.,small,late,advantage,weak,advantage,Verbal,Easy
"If 8 workers finish a task in 8 days, how many worker-days are needed?",69,64,62,66,64,Puzzle,Hard
What is 31 + 23?,54,52,57,61,54,Quantitative,Medium
What is the square of 11?,121,126,120,122,121,Quantitative,Easy
"Find the next letter in the series: O, P, Q, ?",Q,S,R,T,R,Logical,Easy
Choose the synonym of 'benefit'.,weak,late,small,advantage,advantage,Verbal,Medium
"If 7 workers finish a task in 8 days, how many worker-days are needed?",54,61,56,58,56,Puzzle,Easy
What is 91 + 98?,189,187,192,196,189,Quantitative,Hard
What is the square of 8?,64,63,69,65,64,Quantitative,Medium
"Find the next letter in the series: K, L, M, ?",N,O,M,P,N,Logical,Easy
Choose the synonym of 'honest'.,weak,late,truthful,small,truthful,Verbal,Medium
"If 7 workers finish a task in 7 days, how many worker-days are needed?",51,54,47,49,49,Puzzle,Easy
What is 42 + 36?,81,85,78,76,78,Quantitative,Easy
What is the square of 12?,145,143,144,149,144,Quantitative,Medium
"Find the next letter in the series: U, V, W, ?",Z,W,Y,X,X,Logical,Medium
Choose the synonym of 'rapid'.,fast,small,late,weak,fast,Verbal,Medium
"If 2 workers finish a task in 5 days, how many worker-days are needed?",10,8,12,15,10,Puzzle,Medium
What is 83 + 77?,167,158,160,163,160,Quantitative,Easy
What is the square of 17?,290,294,289,288,289,Quantitative,Easy
"Find the next letter in the series: D, E, F, ?",G,H,F,I,G,Logical,Medium
Choose the synonym of 'ancient'.,late,small,old,weak,old,Verbal,Medium
"If 7 workers finish a task in 5 days, how many worker-days are needed?",35,40,37,33,35,Puzzle,Easy
What is 29 + 37?,69,64,73,66,66,Quantitative,Easy
What is the square of 4?,15,17,21,16,16,Quantitative,Hard
"Find the next letter in the series: F, G, H, ?",K,H,J,I,I,Logical,Easy
Choose the synonym of 'bright'.,small,late,smart,weak,smart,Verbal,Medium
"If 6 workers finish a task in 10 days, how many worker-days are needed?",60,58,65,62,60,Puzzle,Easy
What is 57 + 40?,97,100,104,95,97,Quantitative,Medium
What is the square of 15?,226,230,225,224,225,Quantitative,Easy
"Find the next letter in the series: T, U, V, ?",W,V,Y,X,W,Logical,Medium
Choose the synonym of 'bright'.,smart,small,weak,late,smart,Verbal,Easy
"If 6 workers finish a task in 8 days, how many worker-days are needed?",46,53,50,48,48,Puzzle,Medium
What is 46 + 11?,57,60,55,64,57,Quantitative,Hard
What is the square of 6?,41,36,35,37,36,Quantitative,Medium
"Find the next letter in the series: O, P, Q, ?",S,Q,R,T,R,Logical,Easy
Choose the synonym of 'rapid'.,fast,late,weak,small,fast,Verbal,Medium
"If 5 workers finish a task in 3 days, how many worker-days are needed?",20,15,13,17,15,Puzzle,Easy
What is 60 + 91?,149,151,158,154,151,Quantitative,Medium
What is the square of 14?,196,195,201,197,196,Quantitative,Medium
"Find the next letter in the series: Q, R, S, ?",S,U,V,T,T,Logical,Hard
Choose the synonym of 'benefit'.,small,advantage,late,weak,advantage,Verbal,Easy
"If 6 workers finish a task in 10 days, how many worker-days are needed?",60,65,62,58,60,Puzzle,Easy
What is 15 + 55?,73,68,70,77,70,Quantitative,Easy
What is the square of 6?,37,35,36,41,36,Quantitative,Medium
"Find the next letter in the series: P, Q, R, ?",U,T,R,S,S,Logical,Hard
Choose the synonym of 'honest'.,weak,truthful,small,late,truthful,Verbal,Easy
"If 3 workers finish a task in 5 days, how many worker-days are needed?",17,15,20,13,15,Puzzle,Medium
What is 23 + 96?,126,117,119,122,119,Quantitative,Medium
What is the square of 4?,21,15,16,17,16,Quantitative,Easy
"Find the next letter in the series: D, E, F, ?",F,H,I,G,G,Logical,Hard
Choose the synonym of 'rapid'.,weak,late,small,fast,fast,Verbal,Medium
"If 4 workers finish a task in 6 days, how many worker-days are needed?",29,22,24,26,24,Puzzle,Medium
What is 61 + 59?,120,127,123,118,120,Quantitative,Easy
What is the square of 14?,196,195,197,201,196,Quantitative,Easy
"Find the next letter in the series: I, J, K, ?",L,M,N,K,L,Logical,Easy
Choose the synonym of 'ancient'.,old,weak,small,late,old,Verbal,Medium
"If 5 workers finish a task in 4 days, how many worker-days are needed?",20,18,22,25,20,Puzzle,Easy
What is 29 + 96?,125,128,132,123,125,Quantitative,Easy
What is the square of 7?,50,48,49,54,49,Quantitative,Hard
"Find the next letter in the series: C, D, E, ?",G,E,F,H,F,Logical,Medium
Choose the synonym of 'benefit'.,advantage,weak,late,small,advantage,Verbal,Medium
"If 3 workers finish a task in 9 days, how many worker-days are needed?",27,32,29,25,27,Puzzle,Easy
What is 25 + 55?,87,83,78,80,80,Quantitative,Hard
What is the square of 20?,401,405,400,399,400,Quantitative,Hard
"Find the next letter in the series: P, Q, R, ?",T,R,U,S,S,Logical,Medium
Choose the synonym of 'benefit'.,weak,late,small,advantage,advantage,Verbal,Hard
"If 4 workers finish a task in 7 days, how many worker-days are needed?",28,26,30,33,28,Puzzle,Easy
What is 72 + 41?,120,113,111,116,113,Quantitative,Hard
What is the square of 16?,256,255,257,261,256,Quantitative,Hard
"Find the next letter in the series: M, N, O, ?",Q,P,O,R,P,Logical,Easy
Choose the synonym of 'honest'.,truthful,weak,small,late,truthful,Verbal,Medium
"If 5 workers finish a task in 7 days, how many worker-days are needed?",40,35,37,33,35,Puzzle,Easy
What is 67 + 55?,122,125,129,120,122,Quantitative,Medium
What is the square of 7?,49,48,50,54,49,Quantitative,Easy
"Find the next letter in the series: Q, R, S, ?",S,V,T,U,T,Logical,Medium
Choose the synonym of 'bright'.,late,small,weak,smart,smart,Verbal,Medium
"If 4 workers finish a task in 2 days, how many worker-days are needed?",8,10,6,13,8,Puzzle,Hard
What is 68 + 66?,134,141,137,132,134,Quantitative,Easy
What is the square of 15?,224,226,230,225,225,Quantitative,Medium
"Find the next letter in the series: P, Q, R, ?",S,U,R,T,S,Logical,Easy
Choose the synonym of 'bright'.,late,weak,small,smart,smart,Verbal,Medium
"If 7 workers finish a task in 3 days, how many worker-days are needed?",21,23,19,26,21,Puzzle,Easy
What is 33 + 20?,51,56,53,60,53,Quantitative,Easy
What is the square of 13?,169,174,168,170,169,Quantitative,Easy
"Find the next letter in the series: L, M, N, ?",O,Q,P,N,O,Logical,Easy
Choose the synonym of 'benefit'.,weak,small,late,advantage,advantage,Verbal,Medium
"If 7 workers finish a task in 9 days, how many worker-days are needed?",63,65,61,68,63,Puzzle,Hard
What is 42 + 85?,125,134,127,130,127,Quantitative,Hard
What is the square of 14?,197,196,201,195,196,Quantitative,Easy
"Find the next letter in the series: L, M, N, ?",O,Q,P,N,O,Logical,Medium
Choose the synonym of 'bright'.,small,smart,weak,late,smart,Verbal,Hard
"If 8 workers finish a task in 8 days, how many worker-days are needed?",66,69,62,64,64,Puzzle,Easy
What is 26 + 95?,128,119,121,124,121,Quantitative,Medium
What is the square of 12?,143,149,145,144,144,Quantitative,Medium
"Find the next letter in the series: K, L, M, ?",O,N,M,P,N,Logical,Hard
Choose the synonym of 'benefit'.,small,weak,late,advantage,advantage,Verbal,Medium
"If 4 workers finish a task in 8 days, how many worker-days are needed?",30,37,32,34,32,Puzzle,Medium
What is 27 + 28?,58,62,55,53,55,Quantitative,Easy
What is the square of 3?,10,14,8,9,9,Quantitative,Medium
"Find the next letter in the series: F, G, H, ?",J,I,K,H,I,Logical,Medium
Choose the synonym of 'honest'.,small,weak,late,truthful,truthful,Verbal,Medium
"If 5 workers finish a task in 5 days, how many worker-days are needed?",25,30,27,23,25,Puzzle,Hard
What is 81 + 59?,140,143,138,147,140,Quantitative,Hard
What is the square of 7?,54,49,50,48,49,Quantitative,Easy
"Find the next letter in the series: I, J, K, ?",L,K,N,M,L,Logical,Hard
Choose the synonym of 'rapid'.,late,weak,fast,small,fast,Verbal,Hard
"If 9 workers finish a task in 8 days, how many worker-days are needed?",77,74,70,72,72,Puzzle,Hard
What is 36 + 39?,75,82,78,73,75,Quantitative,Easy
What is the square of 16?,257,261,255,256,256,Quantitative,Hard
"Find the next letter in the series: Q, R, S, ?",T,V,U,S,T,Logical,Hard
Choose the synonym of 'ancient'.,old,weak,small,late,old,Verbal,Easy
"If 6 workers finish a task in 2 days, how many worker-days are needed?",12,14,10,17,12,Puzzle,Hard
What is 35 + 64?,106,97,99,102,99,Quantitative,Hard
What is the square of 9?,80,81,86,82,81,Quantitative,Hard
"Find the next letter in the series: U, V, W, ?",Z,W,X,Y,X,Logical,Easy
Choose the synonym of 'benefit'.,weak,small,late,advantage,advantage,Verbal,Easy
"If 8 workers finish a task in 9 days, how many worker-days are needed?",72,74,77,70,72,Puzzle,Easy
What is 76 + 69?,145,152,143,148,145,Quantitative,Medium
What is the square of 11?,122,126,120,121,121,Quantitative,Medium
"Find the next letter in the series: U, V, W, ?",X,Z,Y,W,X,Logical,Medium
Choose the synonym of 'honest'.,late,weak,truthful,small,truthful,Verbal,Hard
"If 3 workers finish a task in 6 days, how many worker-days are needed?",16,23,20,18,18,Puzzle,Easy
What is 74 + 23?,104,100,97,95,97,Quantitative,Easy
What is the square of 9?,81,86,82,80,81,Quantitative,Medium
"Find the next letter in the series: J, K, L, ?",O,L,N,M,M,Logical,Easy
Choose the synonym of 'bright'.,small,late,weak,smart,smart,Verbal,Medium
"If 8 workers finish a task in 5 days, how many worker-days are needed?",45,42,38,40,40,Puzzle,Hard
What is 69 + 65?,134,141,132,137,134,Quantitative,Hard
What is the square of 19?,360,366,361,362,361,Quantitative,Medium
"Find the next letter in the series: J, K, L, ?",N,O,L,M,M,Logical,Hard
Choose the synonym of 'honest'.,small,late,truthful,weak,truthful,Verbal,Hard
"If 4 workers finish a task in 9 days, how many worker-days are needed?",36,34,38,41,36,Puzzle,Easy
What is 68 + 17?,92,88,83,85,85,Quantitative,Medium
What is the square of 15?,224,230,225,226,225,Quantitative,Medium
"Find the next letter in the series: B, C, D, ?",D,F,E,G,E,Logical,Easy
Choose the synonym of 'honest'.,late,weak,small,truthful,truthful,Verbal,Hard
"If 5 workers finish a task in 8 days, how many worker-days are needed?",38,42,40,45,40,Puzzle,Easy
What is 86 + 43?,129,136,132,127,129,Quantitative,Medium
What is the square of 9?,86,80,82,81,81,Quantitative,Medium
"Find the next letter in the series: O, P, Q, ?",T,S,Q,R,R,Logical,Easy
Choose the synonym of 'benefit'.,small,late,weak,advantage,advantage,Verbal,Medium
"If 2 workers finish a task in 10 days, how many worker-days are needed?",18,22,25,20,20,Puzzle,Medium
What is 55 + 31?,89,86,84,93,86,Quantitative,Medium
What is the square of 12?,144,149,145,143,144,Quantitative,Easy
"Find the next letter in the series: F, G, H, ?",I,J,H,K,I,Logical,Hard
Choose the synonym of 'honest'.,late,truthful,weak,small,truthful,Verbal,Easy
"If 10 workers finish a task in 8 days, how many worker-days are needed?",82,78,85,80,80,Puzzle,Medium
What is 33 + 86?,119,126,122,117,119,Quantitative,Easy
What is the square of 7?,48,54,49,50,49,Quantitative,Easy
"Find the next letter in the series: M, N, O, ?",O,R,Q,P,P,Logical,Medium
Choose the synonym of 'bright'.,smart,weak,small,late,smart,Verbal,Medium
"If 8 workers finish a task in 7 days, how many worker-days are needed?",61,56,54,58,56,Puzzle,Hard
What is 58 + 14?,72,70,75,79,72,Quantitative,Easy
What is the square of 5?,25,30,26,24,25,Quantitative,Medium
"Find the next letter in the series: Q, R, S, ?",S,U,T,V,T,Logical,Easy
Choose the synonym of 'rapid'.,weak,late,fast,small,fast,Verbal,Medium
"If 9 workers finish a task in 5 days, how many worker-days are needed?",47,45,50,43,45,Puzzle,Hard
What is 13 + 55?,68,75,66,71,68,Quantitative,Medium
What is the square of 17?,289,294,290,288,289,Quantitative,Medium
"Find the next letter in the series: T, U, V, ?",W,X,V,Y,W,Logical,Hard
Choose the synonym of 'bright'.,small,late,smart,weak,smart,Verbal,Medium
"If 8 workers finish a task in 7 days, how many worker-days are needed?",56,61,54,58,56,Puzzle,Easy
What is 82 + 88?,168,170,173,177,170,Quantitative,Hard
What is the square of 20?,399,400,405,401,400,Quantitative,Medium
"Find the next letter in the series: B, C, D, ?",F,G,E,D,E,Logical,Hard
Choose the synonym of 'benefit'.,small,advantage,late,weak,advantage,Verbal,Hard
"If 8 workers finish a task in 6 days, how many worker-days are needed?",50,48,53,46,48,Puzzle,Medium
What is 99 + 94?,193,191,196,200,193,Quantitative,Easy
What is the square of 4?,16,17,21,15,16,Quantitative,Easy
"Find the next letter in the series: I, J, K, ?",K,L,M,N,L,Logical,Medium
Choose the synonym of 'ancient'.,small,old,weak,late,old,Verbal,Medium
"If 5 workers finish a task in 2 days, how many worker-days are needed?",15,8,12,10,10,Puzzle,Easy
What is 48 + 96?,151,147,144,142,144,Quantitative,Medium
What is the square of 14?,201,195,196,197,196,Quantitative,Medium
"Find the next letter in the series: D, E, F, ?",F,I,G,H,G,Logical,Easy
Choose the synonym of 'ancient'.,old,weak,late,small,old,Verbal,Hard
"If 10 workers finish a task in 9 days, how many worker-days are needed?",90,88,95,92,90,Puzzle,Medium
What is 48 + 87?,133,142,138,135,135,Quantitative,Medium
What is the square of 3?,8,10,14,9,9,Quantitative,Easy
"Find the next letter in the series: D, E, F, ?",I,F,G,H,G,Logical,Medium
Choose the synonym of 'ancient'.,late,weak,old,small,old,Verbal,Easy
"If 4 workers finish a task in 7 days, how many worker-days are needed?",26,33,30,28,28,Puzzle,Medium
What is 60 + 79?,142,146,137,139,139,Quantitative,Easy
What is the square of 14?,195,201,197,196,196,Quantitative,Hard
"Find the next letter in the series: D, E, F, ?",F,H,G,I,G,Logical,Hard
Choose the synonym of 'bright'.,late,smart,weak,small,smart,Verbal,Hard
"If 3 workers finish a task in 6 days, how many worker-days are needed?",16,23,18,20,18,Puzzle,Hard
What is 74 + 46?,118,120,123,127,120,Quantitative,Hard
What is the square of 14?,195,197,196,201,196,Quantitative,Hard
"Find the next letter in the series: D, E, F, ?",G,F,I,H,G,Logical,Hard
Choose the synonym of 'honest'.,late,weak,truthful,small,truthful,Verbal,Medium
"If 2 workers finish a task in 6 days, how many worker-days are needed?",17,14,10,12,12,Puzzle,Easy
What is 35 + 38?,71,76,80,73,73,Quantitative,Hard
What is the square of 13?,170,168,174,169,169,Quantitative,Hard
"Find the next letter in the series: J, K, L, ?",M,N,O,L,M,Logical,Medium
Choose the synonym of 'ancient'.,old,late,weak,small,old,Verbal,Medium
"If 4 workers finish a task in 9 days, how many worker-days are needed?",34,38,41,36,36,Puzzle,Hard
What is 12 + 31?,46,50,43,41,43,Quantitative,Easy
What is the square of 8?,69,65,64,63,64,Quantitative,Easy
"Find the next letter in the series: K, L, M, ?",P,O,N,M,N,Logical,Easy
Choose the synonym of 'bright'.,late,smart,weak,small,smart,Verbal,Hard
"If 8 workers finish a task in 2 days, how many worker-days are needed?",16,21,18,14,16,Puzzle,Easy
What is 55 + 24?,79,86,77,82,79,Quantitative,Easy
What is the square of 12?,149,145,143,144,144,Quantitative,Easy
"Find the next letter in the series: T, U, V, ?",X,W,V,Y,W,Logical,Hard
Choose the synonym of 'ancient'.,late,weak,old,small,old,Verbal,Medium
"If 9 workers finish a task in 2 days, how many worker-days are needed?",18,20,16,23,18,Puzzle,Hard
What is 10 + 56?,69,64,73,66,66,Quantitative,Medium
What is the square of 8?,63,65,69,64,64,Quantitative,Hard
"Find the next letter in the series: H, I, J, ?",J,M,L,K,K,Logical,Hard
Choose the synonym of 'bright'.,small,late,smart,weak,smart,Verbal,Hard
"If 5 workers finish a task in 8 days, how many worker-days are needed?",45,40,38,42,40,Puzzle,Hard
What is 78 + 98?,179,176,174,183,176,Quantitative,Medium
What is the square of 12?,145,149,143,144,144,Quantitative,Hard
"Find the next letter in the series: E, F, G, ?",I,J,G,H,H,Logical,Medium
Choose the synonym of 'benefit'.,advantage,small,late,weak,advantage,Verbal,Easy
"If 4 workers finish a task in 3 days, how many worker-days are needed?",14,17,10,12,12,Puzzle,Medium
What is 23 + 26?,52,56,47,49,49,Quantitative,Hard
What is the square of 8?,65,69,63,64,64,Quantitative,Easy
"Find the next letter in the series: F, G, H, ?",H,K,J,I,I,Logical,Medium
Choose the synonym of 'rapid'.,late,weak,fast,small,fast,Verbal,Easy
"If 9 workers finish a task in 6 days, how many worker-days are needed?",54,52,56,59,54,Puzzle,Easy
What is 93 + 23?,114,116,119,123,116,Quantitative,Easy
What is the square of 16?,256,261,257,255,256,Quantitative,Medium
"Find the next letter in the series: T, U, V, ?",X,Y,W,V,W,Logical,Easy
Choose the synonym of 'bright'.,small,late,smart,weak,smart,Verbal,Medium
"If 6 workers finish a task in 7 days, how many worker-days are needed?",47,40,42,44,42,Puzzle,Hard
What is 65 + 69?,141,137,132,134,134,Quantitative,Easy
What is the square of 8?,65,64,69,63,64,Quantitative,Hard
"Find the next letter in the series: U, V, W, ?",Y,X,W,Z,X,Logical,Easy
Choose the synonym of 'ancient'.,late,weak,small,old,old,Verbal,Medium
"If 3 workers finish a task in 9 days, how many worker-days are needed?",32,25,29,27,27,Puzzle,Medium
What is 34 + 79?,116,111,113,120,113,Quantitative,Easy
What is the square of 14?,201,197,195,196,196,Quantitative,Easy
"Find the next letter in the series: B, C, D, ?",E,G,F,D,E,Logical,Medium
Choose the synonym of 'rapid'.,small,fast,weak,late,fast,Verbal,Medium
"If 4 workers finish a task in 6 days, how many worker-days are needed?",26,22,24,29,24,Puzzle,Medium
What is 41 + 93?,141,132,137,134,134,Quantitative,Medium
What is the square of 18?,323,324,329,325,324,Quantitative,Easy
"Find the next letter in the series: B, C, D, ?",D,G,F,E,E,Logical,Hard
Choose the synonym of 'benefit'.,advantage,late,weak,small,advantage,Verbal,Hard
"If 2 workers finish a task in 3 days, how many worker-days are needed?",4,8,11,6,6,Puzzle,Hard
What is 33 + 26?,66,57,59,62,59,Quantitative,Hard
What is the square of 18?,324,325,329,323,324,Quantitative,Hard
"Find the next letter in the series: D, E, F, ?",F,H,I,G,G,Logical,Hard
Choose the synonym of 'bright'.,small,smart,late,weak,smart,Verbal,Easy
"If 3 workers finish a task in 2 days, how many worker-days are needed?",6,8,4,11,6,Puzzle,Medium
What is 88 + 13?,99,108,104,101,101,Quantitative,Easy
What is the square of 18?,324,323,329,325,324,Quantitative,Hard
"Find the next letter in the series: O, P, Q, ?",Q,R,S,T,R,Logical,Easy
Choose the synonym of 'benefit'.,late,small,advantage,weak,advantage,Verbal,Medium
"If 9 workers finish a task in 7 days, how many worker-days are needed?",61,68,65,63,63,Puzzle,Medium
What is 45 + 16?,59,61,68,64,61,Quantitative,Medium
What is the square of 11?,122,120,126,121,121,Quantitative,Hard
"Find the next letter in the series: O, P, Q, ?",S,Q,T,R,R,Logical,Easy
Choose the synonym of 'bright'.,weak,small,late,smart,smart,Verbal,Medium
"If 8 workers finish a task in 3 days, how many worker-days are needed?",24,26,29,22,24,Puzzle,Hard
What is 20 + 66?,89,86,93,84,86,Quantitative,Easy
What is the square of 8?,69,63,64,65,64,Quantitative,Easy
"Find the next letter in the series: P, Q, R, ?",T,R,S,U,S,Logical,Medium
Choose the synonym of 'benefit'.,advantage,late,weak,small,advantage,Verbal,Medium
"If 3 workers finish a task in 10 days, how many worker-days are needed?",35,28,30,32,30,Puzzle,Easy
What is 72 + 84?,163,159,156,154,156,Quantitative,Medium
What is the square of 8?,63,64,65,69,64,Quantitative,Easy
"Find the next letter in the series: Q, R, S, ?",T,U,V,S,T,Logical,Hard
Choose the synonym of 'bright'.,weak,late,smart,small,smart,Verbal,Easy
"If 8 workers finish a task in 5 days, how many worker-days are needed?",42,40,45,38,40,Puzzle,Easy
What is 24 + 16?,40,47,38,43,40,Quantitative,Easy
What is the square of 19?,361,366,360,362,361,Quantitative,Easy
"Find the next letter in the series: O, P, Q, ?",S,Q,T,R,R,Logical,Hard
Choose the synonym of 'benefit'.,advantage,small,weak,late,advantage,Verbal,Easy
"If 10 workers finish a task in 5 days, how many worker-days are needed?",52,55,48,50,50,Puzzle,Medium
What is 52 + 20?,79,70,72,75,72,Quantitative,Medium
What is the square of 5?,24,25,26,30,25,Quantitative,Medium
"Find the next letter in the series: I, J, K, ?",N,L,K,M,L,Logical,Medium
Choose the synonym of 'rapid'.,weak,small,late,fast,fast,Verbal,Easy
"If 5 workers finish a task in 7 days, how many worker-days are needed?",35,33,40,37,35,Puzzle,Medium
What is 97 + 31?,128,126,135,131,128,Quantitative,Hard
What is the square of 7?,54,50,48,49,49,Quantitative,Medium
"Find the next letter in the series: G, H, I, ?",K,L,I,J,J,Logical,Medium
Choose the synonym of 'honest'.,late,truthful,small,weak,truthful,Verbal,Easy
"If 9 workers finish a task in 9 days, how many worker-days are needed?",79,83,86,81,81,Puzzle,Medium
What is 84 + 99?,181,190,186,183,183,Quantitative,Hard
What is the square of 12?,145,144,143,149,144,Quantitative,Hard
"Find the next letter in the series: C, D, E, ?",H,E,G,F,F,Logical,Medium
Choose the synonym of 'rapid'.,late,weak,small,fast,fast,Verbal,Hard
"If 4 workers finish a task in 9 days, how many worker-days are needed?",41,34,36,38,36,Puzzle,Easy
What is 81 + 60?,148,144,141,139,141,Quantitative,Hard
What is the square of 10?,101,100,99,105,100,Quantitative,Medium
"Find the next letter in the series: I, J, K, ?",L,M,N,K,L,Logical,Easy
Choose the synonym of 'ancient'.,late,old,small,weak,old,Verbal,Medium
"If 8 workers finish a task in 4 days, how many worker-days are needed?",30,37,34,32,32,Puzzle,Easy
What is 80 + 21?,108,101,104,99,101,Quantitative,Hard
What is the square of 17?,289,288,294,290,289,Quantitative,Hard
"Find the next letter in the series: N, O, P, ?",R,P,Q,S,Q,Logical,Hard
Choose the synonym of 'benefit'.,late,weak,advantage,small,advantage,Verbal,Medium
"If 9 workers finish a task in 3 days, how many worker-days are needed?",32,29,27,25,27,Puzzle,Hard
What is 79 + 47?,124,129,133,126,126,Quantitative,Hard
What is the square of 3?,9,14,8,10,9,Quantitative,Easy
"Find the next letter in the series: H, I, J, ?",K,M,L,J,K,Logical,Hard
Choose the synonym of 'ancient'.,late,old,small,weak,old,Verbal,Easy
"If 6 workers finish a task in 10 days, how many worker-days are needed?",58,60,62,65,60,Puzzle,Medium
What is 34 + 83?,120,117,124,115,117,Quantitative,Easy
What is the square of 12?,144,145,149,143,144,Quantitative,Hard
"Find the next letter in the series: T, U, V, ?",W,Y,X,V,W,Logical,Hard
Choose the synonym of 'benefit'.,advantage,weak,small,late,advantage,Verbal,Medium
"If 8 workers finish a task in 10 days, how many worker-days are needed?",80,85,82,78,80,Puzzle,Medium
What is 64 + 38?,105,102,109,100,102,Quantitative,Easy
What is the square of 14?,196,195,201,197,196,Quantitative,Medium
"Find the next letter in the series: N, O, P, ?",P,Q,S,R,Q,Logical,Easy
Choose the synonym of 'benefit'.,late,weak,small,advantage,advantage,Verbal,Easy
"If 2 workers finish a task in 3 days, how many worker-days are needed?",11,6,4,8,6,Puzzle,Hard
What is 10 + 56?,64,73,66,69,66,Quantitative,Hard
What is the square of 19?,366,360,362,361,361,Quantitative,Hard
"Find the next letter in the series: L, M, N, ?",N,Q,O,P,O,Logical,Easy
Choose the synonym of 'ancient'.,old,weak,late,small,old,Verbal,Medium
"If 9 workers finish a task in 3 days, how many worker-days are needed?",27,25,32,29,27,Puzzle,Medium
What is 31 + 46?,75,77,80,84,77,Quantitative,Medium
What is the square of 13?,168,169,174,170,169,Quantitative,Medium
"Find the next letter in the series: D, E, F, ?",H,F,I,G,G,Logical,Medium
Choose the synonym of 'ancient'.,weak,small,old,late,old,Verbal,Easy
"If 3 workers finish a task in 6 days, how many worker-days are needed?",18,16,23,20,18,Puzzle,Hard
What is 82 + 83?,168,172,165,163,165,Quantitative,Medium
What is the square of 9?,86,80,82,81,81,Quantitative,Easy
"Find the next letter in the series: L, M, N, ?",P,O,N,Q,O,Logical,Medium
Choose the synonym of 'benefit'.,late,advantage,small,weak,advantage,Verbal,Medium
"If 2 workers finish a task in 8 days, how many worker-days are needed?",21,14,16,18,16,Puzzle,Easy
What is 58 + 70?,135,126,131,128,128,Quantitative,Hard
What is the square of 17?,294,290,288,289,289,Quantitative,Easy
"Find the next letter in the series: F, G, H, ?",H,K,J,I,I,Logical,Hard
Choose the synonym of 'honest'.,truthful,small,late,weak,truthful,Verbal,Easy
"If 4 workers finish a task in 5 days, how many worker-days are needed?",18,22,25,20,20,Puzzle,Easy
What is 25 + 38?,70,61,66,63,63,Quantitative,Hard
What is the square of 13?,170,169,168,174,169,Quantitative,Hard
"Find the next letter in the series: B, C, D, ?",G,D,E,F,E,Logical,Medium
Choose the synonym of 'ancient'.,old,late,small,weak,old,Verbal,Easy
"If 2 workers finish a task in 8 days, how many worker-days are needed?",18,14,16,21,16,Puzzle,Hard
What is 58 + 44?,100,102,105,109,102,Quantitative,Medium
What is the square of 15?,225,226,230,224,225,Quantitative,Medium
"Find the next letter in the series: G, H, I, ?",L,K,J,I,J,Logical,Hard
Choose the synonym of 'bright'.,smart,small,late,weak,smart,Verbal,Medium
"If 8 workers finish a task in 5 days, how many worker-days are needed?",40,45,38,42,40,Puzzle,Medium
What is 23 + 42?,65,68,63,72,65,Quantitative,Easy
What is the square of 16?,261,255,257,256,256,Quantitative,Easy
"Find the next letter in the series: M, N, O, ?",R,O,Q,P,P,Logical,Hard
Choose the synonym of 'bright'.,late,small,smart,weak,smart,Verbal,Hard
"If 4 workers finish a task in 4 days, how many worker-days are needed?",14,21,18,16,16,Puzzle,Medium
What is 24 + 73?,97,95,104,100,97,Quantitative,Hard
What is the square of 7?,50,49,48,54,49,Quantitative,Easy
"Find the next letter in the series: E, F, G, ?",I,G,H,J,H,Logical,Medium
Choose the synonym of 'bright'.,late,smart,small,weak,smart,Verbal,Easy
"If 7 workers finish a task in 8 days, how many worker-days are needed?",56,61,54,58,56,Puzzle,Medium
What is 96 + 52?,146,148,155,151,148,Quantitative,Medium
What is the square of 6?,36,41,35,37,36,Quantitative,Hard
"Find the next letter in the series: A, B, C, ?",F,C,E,D,D,Logical,Hard
Choose the synonym of 'honest'.,weak,small,late,truthful,truthful,Verbal,Medium
"If 9 workers finish a task in 3 days, how many worker-days are needed?",25,32,27,29,27,Puzzle,Medium
What is 24 + 68?,90,95,99,92,92,Quantitative,Medium
What is the square of 9?,81,80,82,86,81,Quantitative,Hard
"Find the next letter in the series: B, C, D, ?",D,G,F,E,E,Logical,Hard
Choose the synonym of 'honest'.,weak,truthful,small,late,truthful,Verbal,Medium
"If 7 workers finish a task in 3 days, how many worker-days are needed?",26,23,21,19,21,Puzzle,Hard
What is 92 + 75?,170,165,174,167,167,Quantitative,Medium
What is the square of 7?,50,48,49,54,49,Quantitative,Easy
"Find the next letter in the series: Q, R, S, ?",V,U,S,T,T,Logical,Easy
Choose the synonym of 'bright'.,late,smart,weak,small,smart,Verbal,Easy
"If 7 workers finish a task in 5 days, how many worker-days are needed?",40,33,37,35,35,Puzzle,Hard
What is 24 + 20?,44,42,51,47,44,Quantitative,Medium
What is the square of 17?,290,289,288,294,289,Quantitative,Medium
"Find the next letter in the series: G, H, I, ?",L,J,I,K,J,Logical,Medium
Choose the synonym of 'rapid'.,late,fast,weak,small,fast,Verbal,Hard
"If 9 workers finish a task in 9 days, how many worker-days are needed?",81,86,79,83,81,Puzzle,Hard
What is 57 + 12?,76,67,69,72,69,Quantitative,Medium
What is the square of 6?,35,36,41,37,36,Quantitative,Hard
"Find the next letter in the series: R, S, T, ?",T,V,W,U,U,Logical,Hard
Choose the synonym of 'bright'.,smart,weak,small,late,smart,Verbal,Hard
"If 4 workers finish a task in 8 days, how many worker-days are needed?",30,37,34,32,32,Puzzle,Hard
What is 92 + 44?,134,136,143,139,136,Quantitative,Hard
What is the square of 3?,8,10,9,14,9,Quantitative,Medium
"Find the next letter in the series: M, N, O, ?",P,Q,R,O,P,Logical,Hard
Choose the synonym of 'ancient'.,late,small,weak,old,old,Verbal,Hard
"If 10 workers finish a task in 6 days, how many worker-days are needed?",60,58,62,65,60,Puzzle,Medium
What is 27 + 83?,108,113,110,117,110,Quantitative,Hard
What is the square of 18?,324,323,329,325,324,Quantitative,Easy
"Find the next letter in the series: M, N, O, ?",P,O,Q,R,P,Logical,Hard
Choose the synonym of 'benefit'.,late,advantage,weak,small,advantage,Verbal,Easy
"If 9 workers finish a task in 2 days, how many worker-days are needed?",16,23,18,20,18,Puzzle,Hard
What is 29 + 17?,49,53,46,44,46,Quantitative,Hard
What is the square of 10?,101,105,100,99,100,Quantitative,Easy
"Find the next letter in the series: A, B, C, ?",E,D,F,C,D,Logical,Medium
Choose the synonym of 'bright'.,smart,weak,late,small,smart,Verbal,Medium
"If 4 workers finish a task in 3 days, how many worker-days are needed?",17,14,12,10,12,Puzzle,Hard
What is 60 + 24?,84,87,91,82,84,Quantitative,Medium
What is the square of 19?,360,362,361,366,361,Quantitative,Easy
"Find the next letter in the series: F, G, H, ?",J,K,I,H,I,Logical,Medium
Choose the synonym of 'benefit'.,weak,advantage,late,small,advantage,Verbal,Medium
"If 6 workers finish a task in 5 days, how many worker-days are needed?",28,32,35,30,30,Puzzle,Medium
What is 18 + 60?,85,76,78,81,78,Quantitative,Hard
What is the square of 7?,54,48,49,50,49,Quantitative,Medium
"Find the next letter in the series: E, F, G, ?",H,I,J,G,H,Logical,Hard
Choose the synonym of 'rapid'.,small,late,weak,fast,fast,Verbal,Easy
"If 2 workers finish a task in 8 days, how many worker-days are needed?",18,21,16,14,16,Puzzle,Medium
What is 10 + 44?,61,57,52,54,54,Quantitative,Easy
What is the square of 5?,26,24,25,30,25,Quantitative,Easy
"Find the next letter in the series: K, L, M, ?",O,P,N,M,N,Logical,Easy
Choose the synonym of 'honest'.,small,truthful,late,weak,truthful,Verbal,Hard
"If 7 workers finish a task in 3 days, how many worker-days are needed?",19,26,23,21,21,Puzzle,Easy
What is 53 + 24?,77,80,75,84,77,Quantitative,Hard
What is the square of 18?,324,329,325,323,324,Quantitative,Medium
"Find the next letter in the series: R, S, T, ?",W,V,T,U,U,Logical,Medium
Choose the synonym of 'benefit'.,late,small,advantage,weak,advantage,Verbal,Hard
"If 10 workers finish a task in 4 days, how many worker-days are needed?",45,40,42,38,40,Puzzle,Hard
What is 13 + 78?,98,91,94,89,91,Quantitative,Medium
What is the square of 8?,64,69,65,63,64,Quantitative,Easy
"Find the next letter in the series: S, T, U, ?",W,X,V,U,V,Logical,Hard
Choose the synonym of 'benefit'.,small,late,advantage,weak,advantage,Verbal,Hard
"If 8 workers finish a task in 9 days, how many worker-days are needed?",70,74,72,77,72,Puzzle,Easy
What is 81 + 50?,129,138,131,134,131,Quantitative,Easy
What is the square of 18?,325,324,323,329,324,Quantitative,Hard
"Find the next letter in the series: N, O, P, ?",S,Q,P,R,Q,Logical,Hard
Choose the synonym of 'ancient'.,small,weak,old,late,old,Verbal,Easy
"If 3 workers finish a task in 8 days, how many worker-days are needed?",29,26,24,22,24,Puzzle,Easy
What is 70 + 10?,83,80,87,78,80,Quantitative,Medium
What is the square of 8?,64,65,69,63,64,Quantitative,Easy
"Find the next letter in the series: N, O, P, ?",R,P,Q,S,Q,Logical,Medium
Choose the synonym of 'rapid'.,small,fast,late,weak,fast,Verbal,Hard
"If 3 workers finish a task in 4 days, how many worker-days are needed?",12,10,14,17,12,Puzzle,Medium
What is 31 + 64?,98,95,102,93,95,Quantitative,Hard
What is the square of 4?,17,16,21,15,16,Quantitative,Easy
"Find the next letter in the series: Q, R, S, ?",U,T,V,S,T,Logical,Easy
Choose the synonym of 'honest'.,small,late,truthful,weak,truthful,Verbal,Easy
"If 10 workers finish a task in 9 days, how many worker-days are needed?",92,95,90,88,90,Puzzle,Easy
What is 18 + 83?,104,99,101,108,101,Quantitative,Hard
What is the square of 12?,143,149,145,144,144,Quantitative,Hard
"Find the next letter in the series: T, U, V, ?",X,W,V,Y,W,Logical,Medium
Choose the synonym of 'bright'.,late,small,weak,smart,smart,Verbal,Easy
"If 2 workers finish a task in 8 days, how many worker-days are needed?",14,16,21,18,16,Puzzle,Medium
What is 91 + 95?,189,186,193,184,186,Quantitative,Easy
What is the square of 14?,195,197,196,201,196,Quantitative,Hard
"Find the next letter in the series: L, M, N, ?",O,Q,N,P,O,Logical,Easy
Choose the synonym of 'bright'.,weak,late,smart,small,smart,Verbal,Medium
"If 4 workers finish a task in 8 days, how many worker-days are needed?",34,37,30,32,32,Puzzle,Medium
What is 31 + 59?,88,93,97,90,90,Quantitative,Medium
What is the square of 8?,69,63,64,65,64,Quantitative,Easy
"Find the next letter in the series: E, F, G, ?",I,J,G,H,H,Logical,Easy
Choose the synonym of 'benefit'.,late,weak,small,advantage,advantage,Verbal,Medium
"If 3 workers finish a task in 10 days, how many worker-days are needed?",32,28,35,30,30,Puzzle,Medium
What is 57 + 78?,135,142,133,138,135,Quantitative,Hard
What is the square of 18?,323,329,325,324,324,Quantitative,Medium
"Find the next letter in the series: O, P, Q, ?",T,R,Q,S,R,Logical,Hard
Choose the synonym of 'rapid'.,small,weak,fast,late,fast,Verbal,Hard
"If 10 workers finish a task in 3 days, how many worker-days are needed?",28,35,32,30,30,Puzzle,Easy
What is 94 + 68?,162,160,165,169,162,Quantitative,Hard
What is the square of 12?,144,143,149,145,144,Quantitative,Easy
"Find the next letter in the series: A, B, C, ?",E,F,D,C,D,Logical,Easy
Choose the synonym of 'honest'.,weak,late,truthful,small,truthful,Verbal,Medium
"If 3 workers finish a task in 5 days, how many worker-days are needed?",20,13,15,17,15,Puzzle,Medium
What is 85 + 52?,135,144,137,140,137,Quantitative,Hard
What is the square of 3?,9,8,14,10,9,Quantitative,Easy
"Find the next letter in the series: C, D, E, ?",G,E,H,F,F,Logical,Easy
Choose the synonym of 'ancient'.,late,weak,small,old,old,Verbal,Hard
"If 2 workers finish a task in 10 days, how many worker-days are needed?",22,20,25,18,20,Puzzle,Medium
What is 67 + 85?,155,159,150,152,152,Quantitative,Easy
What is the square of 16?,255,256,261,257,256,Quantitative,Hard
"Find the next letter in the series: Q, R, S, ?",T,U,V,S,T,Logical,Easy
Choose the synonym of 'ancient'.,old,small,late,weak,old,Verbal,Easy
"If 2 workers finish a task in 9 days, how many worker-days are needed?",16,20,23,18,18,Puzzle,Medium
What is 59 + 46?,112,105,108,103,105,Quantitative,Medium
What is the square of 16?,255,261,257,256,256,Quantitative,Hard
"Find the next letter in the series: I, J, K, ?",L,N,M,K,L,Logical,Medium
Choose the synonym of 'honest'.,truthful,late,weak,small,truthful,Verbal,Hard
"If 6 workers finish a task in 3 days, how many worker-days are needed?",16,23,18,20,18,Puzzle,Medium
What is 23 + 79?,109,100,105,102,102,Quantitative,Hard
What is the square of 13?,168,170,169,174,169,Quantitative,Hard
"Find the next letter in the series: G, H, I, ?",K,L,J,I,J,Logical,Hard
Choose the synonym of 'honest'.,late,small,weak,truthful,truthful,Verbal,Medium
"If 6 workers finish a task in 4 days, how many worker-days are needed?",26,29,24,22,24,Puzzle,Easy
What is 97 + 49?,144,153,149,146,146,Quantitative,Hard
What is the square of 4?,16,15,21,17,16,Quantitative,Easy
"Find the next letter in the series: M, N, O, ?",Q,O,R,P,P,Logical,Hard
Choose the synonym of 'honest'.,late,weak,small,truthful,truthful,Verbal,Easy
"If 8 workers finish a task in 3 days, how many worker-days are needed?",22,24,29,26,24,Puzzle,Easy
What is 48 + 75?,123,126,121,130,123,Quantitative,Medium
What is the square of 6?,41,36,35,37,36,Quantitative,Hard
"Find the next letter in the series: G, H, I, ?",J,L,I,K,J,Logical,Medium
Choose the synonym of 'rapid'.,fast,late,small,weak,fast,Verbal,Hard
"If 9 workers finish a task in 2 days, how many worker-days are needed?",16,23,18,20,18,Puzzle,Easy
What is 53 + 65?,118,121,125,116,118,Quantitative,Hard
What is the square of 3?,8,14,9,10,9,Quantitative,Medium
"Find the next letter in the series: G, H, I, ?",L,J,I,K,J,Logical,Medium
Choose the synonym of 'bright'.,weak,late,smart,small,smart,Verbal,Hard
"If 6 workers finish a task in 2 days, how many worker-days are needed?",14,12,17,10,12,Puzzle,Easy
What is 74 + 11?,85,88,83,92,85,Quantitative,Medium
What is the square of 17?,288,289,290,294,289,Quantitative,Easy
"Find the next letter in the series: H, I, J, ?",J,K,L,M,K,Logical,Hard
Choose the synonym of 'ancient'.,small,weak,old,late,old,Verbal,Easy
"If 3 workers finish a task in 5 days, how many worker-days are needed?",13,17,15,20,15,Puzzle,Easy
What is 51 + 73?,122,127,131,124,124,Quantitative,Medium
What is the square of 6?,35,41,37,36,36,Quantitative,Medium
"Find the next letter in the series: F, G, H, ?",I,H,J,K,I,Logical,Hard
Choose the synonym of 'ancient'.,old,late,small,weak,old,Verbal,Medium
"If 8 workers finish a task in 3 days, how many worker-days are needed?",24,29,26,22,24,Puzzle,Medium
What is 39 + 88?,134,127,130,125,127,Quantitative,Medium
What is the square of 9?,80,81,86,82,81,Quantitative,Medium
"Find the next letter in the series: G, H, I, ?",I,K,J,L,J,Logical,Easy
Choose the synonym of 'bright'.,smart,late,weak,small,smart,Verbal,Hard
"If 4 workers finish a task in 4 days, how many worker-days are needed?",18,14,21,16,16,Puzzle,Medium
What is 74 + 86?,163,160,158,167,160,Quantitative,Hard
What is the square of 3?,8,14,10,9,9,Quantitative,Hard
"Find the next letter in the series: S, T, U, ?",X,U,W,V,V,Logical,Easy
Choose the synonym of 'honest'.,small,late,truthful,weak,truthful,Verbal,Hard
"If 8 workers finish a task in 3 days, how many worker-days are needed?",26,24,29,22,24,Puzzle,Hard
What is 62 + 17?,86,77,79,82,79,Quantitative,Easy
What is the square of 17?,288,289,294,290,289,Quantitative,Hard
"Find the next letter in the series: A, B, C, ?",D,C,F,E,D,Logical,Medium
Choose the synonym of 'ancient'.,small,late,old,weak,old,Verbal,Easy
"If 4 workers finish a task in 5 days, how many worker-days are needed?",22,18,25,20,20,Puzzle,Hard
What is 88 + 65?,153,156,160,151,153,Quantitative,Medium
What is the square of 8?,65,63,69,64,64,Quantitative,Hard
"Find the next letter in the series: P, Q, R, ?",R,T,U,S,S,Logical,Hard
Choose the synonym of 'rapid'.,late,small,weak,fast,fast,Verbal,Medium
"If 4 workers finish a task in 3 days, how many worker-days are needed?",12,10,14,17,12,Puzzle,Hard
What is 72 + 70?,142,149,140,145,142,Quantitative,Easy
What is the square of 19?,360,361,366,362,361,Quantitative,Medium
"Find the next letter in the series: P, Q, R, ?",S,T,U,R,S,Logical,Medium
Choose the synonym of 'rapid'.,fast,weak,small,late,fast,Verbal,Easy
"If 8 workers finish a task in 7 days, how many worker-days are needed?",61,56,54,58,56,Puzzle,Easy
What is 23 + 78?,104,101,99,108,101,Quantitative,Medium
What is the square of 11?,122,126,121,120,121,Quantitative,Easy
"Find the next letter in the series: N, O, P, ?",S,R,P,Q,Q,Logical,Hard
Choose the synonym of 'benefit'.,small,weak,advantage,late,advantage,Verbal,Easy
"If 8 workers finish a task in 4 days, how many worker-days are needed?",32,30,37,34,32,Puzzle,Medium
What is 99 + 24?,123,126,130,121,123,Quantitative,Medium
What is the square of 3?,14,10,8,9,9,Quantitative,Medium
"Find the next letter in the series: A, B, C, ?",E,F,C,D,D,Logical,Medium
Choose the synonym of 'bright'.,smart,weak,late,small,smart,Verbal,Easy
"If 10 workers finish a task in 6 days, how many worker-days are needed?",65,62,58,60,60,Puzzle,Easy
What is 42 + 95?,144,137,140,135,137,Quantitative,Hard
What is the square of 10?,100,99,101,105,100,Quantitative,Easy
"Find the next letter in the series: U, V, W, ?",Z,X,Y,W,X,Logical,Medium
Choose the synonym of 'benefit'.,late,small,advantage,weak,advantage,Verbal,Easy
"If 8 workers finish a task in 5 days, how many worker-days are needed?",45,42,38,40,40,Puzzle,Medium
What is 31 + 49?,83,80,87,78,80,Quantitative,Easy
What is the square of 15?,224,225,230,226,225,Quantitative,Easy
"Find the next letter in the series: M, N, O, ?",P,Q,O,R,P,Logical,Hard
Choose the synonym of 'benefit'.,late,advantage,small,weak,advantage,Verbal,Easy
"If 2 workers finish a task in 5 days, how many worker-days are needed?",10,15,12,8,10,Puzzle,Easy
What is 94 + 74?,171,168,166,175,168,Quantitative,Medium
What is the square of 19?,362,361,366,360,361,Quantitative,Hard
"Find the next letter in the series: I, J, K, ?",N,L,M,K,L,Logical,Hard
Choose the synonym of 'ancient'.,old,late,small,weak,old,Verbal,Easy
"If 7 workers finish a task in 2 days, how many worker-days are needed?",16,19,14,12,14,Puzzle,Easy
What is 59 + 99?,158,161,156,165,158,Quantitative,Medium
What is the square of 8?,69,65,64,63,64,Quantitative,Medium
"Find the next letter in the series: T, U, V, ?",X,W,V,Y,W,Logical,Medium
Choose the synonym of 'benefit'.,small,advantage,late,weak,advantage,Verbal,Hard
"If 2 workers finish a task in 6 days, how many worker-days are needed?",10,12,14,17,12,Puzzle,Medium
What is 50 + 92?,145,149,140,142,142,Quantitative,Hard
What is the square of 9?,81,86,82,80,81,Quantitative,Medium
"Find the next letter in the series: F, G, H, ?",I,J,H,K,I,Logical,Medium
Choose the synonym of 'rapid'.,weak,late,fast,small,fast,Verbal,Easy
"If 3 workers finish a task in 3 days, how many worker-days are needed?",7,9,11,14,9,Puzzle,Medium
What is 97 + 29?,129,124,133,126,126,Quantitative,Medium
What is the square of 12?,149,143,145,144,144,Quantitative,Easy
"Find the next letter in the series: G, H, I, ?",K,I,J,L,J,Logical,Hard
Choose the synonym of 'honest'.,truthful,weak,small,late,truthful,Verbal,Easy
"If 9 workers finish a task in 3 days, how many worker-days are needed?",29,25,32,27,27,Puzzle,Hard
What is 97 + 40?,144,137,140,135,137,Quantitative,Hard
What is the square of 18?,323,324,329,325,324,Quantitative,Hard
"Find the next letter in the series: N, O, P, ?",P,S,R,Q,Q,Logical,Easy
Choose the synonym of 'benefit'.,weak,advantage,small,late,advantage,Verbal,Easy
"If 3 workers finish a task in 6 days, how many worker-days are needed?",20,18,16,23,18,Puzzle,Hard
What is 59 + 32?,98,94,91,89,91,Quantitative,Hard
What is the square of 20?,399,405,401,400,400,Quantitative,Medium
"Find the next letter in the series: B, C, D, ?",G,D,F,E,E,Logical,Hard
Choose the synonym of 'rapid'.,small,late,weak,fast,fast,Verbal,Medium
"If 2 workers finish a task in 9 days, how many worker-days are needed?",23,16,20,18,18,Puzzle,Hard
What is 40 + 26?,69,73,64,66,66,Quantitative,Hard
What is the square of 11?,120,121,126,122,121,Quantitative,Hard
"Find the next letter in the series: E, F, G, ?",J,G,I,H,H,Logical,Medium
Choose the synonym of 'ancient'.,old,weak,small,late,old,Verbal,Easy
"If 10 workers finish a task in 8 days, how many worker-days are needed?",78,82,85,80,80,Puzzle,Medium
What is 82 + 11?,93,96,100,91,93,Quantitative,Hard
What is the square of 5?,25,24,26,30,25,Quantitative,Easy
"Find the next letter in the series: E, F, G, ?",H,G,I,J,H,Logical,Easy
Choose the synonym of 'honest'.,weak,truthful,late,small,truthful,Verbal,Medium
"If 10 workers finish a task in 7 days, how many worker-days are needed?",68,72,70,75,70,Puzzle,Easy
What is 56 + 48?,107,111,102,104,104,Quantitative,Easy
What is the square of 18?,329,324,323,325,324,Quantitative,Medium
"Find the next letter in the series: L, M, N, ?",N,P,O,Q,O,Logical,Easy
Choose the synonym of 'ancient'.,old,small,late,weak,old,Verbal,Medium
"If 4 workers finish a task in 2 days, how many worker-days are needed?",10,8,13,6,8,Puzzle,Easy
What is 75 + 19?,97,101,94,92,94,Quantitative,Easy
What is the square of 15?,224,226,225,230,225,Quantitative,Hard
"Find the next letter in the series: T, U, V, ?",Y,W,X,V,W,Logical,Easy
Choose the synonym of 'ancient'.,small,old,weak,late,old,Verbal,Easy
"If 3 workers finish a task in 6 days, how many worker-days are needed?",18,16,20,23,18,Puzzle,Medium
What is 13 + 87?,103,107,98,100,100,Quantitative,Medium
What is the square of 15?,230,225,224,226,225,Quantitative,Hard
"Find the next letter in the series: D, E, F, ?",I,H,F,G,G,Logical,Hard
Choose the synonym of 'rapid'.,late,weak,fast,small,fast,Verbal,Medium
"If 3 workers finish a task in 4 days, how many worker-days are needed?",14,12,17,10,12,Puzzle,Medium
What is 35 + 77?,119,110,115,112,112,Quantitative,Medium
What is the square of 11?,126,121,120,122,121,Quantitative,Hard
"Find the next letter in the series: R, S, T, ?",W,U,T,V,U,Logical,Medium
Choose the synonym of 'bright'.,smart,small,late,weak,smart,Verbal,Easy
"If 10 workers finish a task in 6 days, how many worker-days are needed?",60,62,58,65,60,Puzzle,Hard
What is 73 + 60?,133,136,131,140,133,Quantitative,Easy
What is the square of 4?,15,16,17,21,16,Quantitative,Medium
"Find the next letter in the series: B, C, D, ?",G,D,F,E,E,Logical,Easy
Choose the synonym of 'bright'.,smart,late,small,weak,smart,Verbal,Medium
"If 3 workers finish a task in 10 days, how many worker-days are needed?",30,28,35,32,30,Puzzle,Hard
What is 84 + 38?,125,122,129,120,122,Quantitative,Medium
What is the square of 5?,24,26,30,25,25,Quantitative,Medium
"Find the next letter in the series: R, S, T, ?",W,U,V,T,U,Logical,Medium
Choose the synonym of 'rapid'.,fast,small,late,weak,fast,Verbal,Hard
"If 6 workers finish a task in 9 days, how many worker-days are needed?",59,56,54,52,54,Puzzle,Hard
What is 84 + 50?,134,132,141,137,134,Quantitative,Medium
What is the square of 8?,65,69,63,64,64,Quantitative,Hard
"Find the next letter in the series: H, I, J, ?",M,L,J,K,K,Logical,Hard
Choose the synonym of 'ancient'.,weak,small,late,old,old,Verbal,Easy
"If 6 workers finish a task in 5 days, how many worker-days are needed?",30,28,35,32,30,Puzzle,Hard
What is 89 + 54?,141,146,150,143,143,Quantitative,Hard
What is the square of 8?,65,69,64,63,64,Quantitative,Medium
"Find the next letter in the series: K, L, M, ?",P,M,O,N,N,Logical,Hard
Choose the synonym of 'ancient'.,small,late,old,weak,old,Verbal,Easy
"If 5 workers finish a task in 10 days, how many worker-days are needed?",55,50,52,48,50,Puzzle,Easy
What is 35 + 65?,103,100,107,98,100,Quantitative,Hard
What is the square of 15?,224,230,225,226,225,Quantitative,Medium
"Find the next letter in the series: O, P, Q, ?",S,R,T,Q,R,Logical,Medium
Choose the synonym of 'honest'.,truthful,late,small,weak,truthful,Verbal,Easy
"If 10 workers finish a task in 6 days, how many worker-days are needed?",65,58,62,60,60,Puzzle,Easy
What is 63 + 37?,103,107,100,98,100,Quantitative,Easy
What is the square of 5?,24,25,26,30,25,Quantitative,Easy
"Find the next letter in the series: R, S, T, ?",V,W,T,U,U,Logical,Easy
Choose the synonym of 'bright'.,late,smart,small,weak,smart,Verbal,Hard
"If 4 workers finish a task in 7 days, how many worker-days are needed?",28,33,30,26,28,Puzzle,Easy
What is 75 + 87?,162,165,160,169,162,Quantitative,Hard
What is the square of 17?,290,294,288,289,289,Quantitative,Hard
"Find the next letter in the series: L, M, N, ?",Q,O,N,P,O,Logical,Hard
Choose the synonym of 'bright'.,smart,late,weak,small,smart,Verbal,Hard
"If 6 workers finish a task in 3 days, how many worker-days are needed?",18,20,16,23,18,Puzzle,Easy
What is 95 + 47?,142,149,140,145,142,Quantitative,Hard
What is the square of 16?,256,255,257,261,256,Quantitative,Medium
"Find the next letter in the series: L, M, N, ?",N,P,Q,O,O,Logical,Medium
Choose the synonym of 'rapid'.,late,fast,small,weak,fast,Verbal,Easy
"If 6 workers finish a task in 3 days, how many worker-days are needed?",16,18,20,23,18,Puzzle,Easy
What is 53 + 14?,74,67,65,70,67,Quantitative,Easy
What is the square of 8?,64,63,65,69,64,Quantitative,Hard
"Find the next letter in the series: K, L, M, ?",N,M,O,P,N,Logical,Hard
Choose the synonym of 'rapid'.,fast,small,late,weak,fast,Verbal,Medium
"If 4 workers finish a task in 4 days, how many worker-days are needed?",16,21,18,14,16,Puzzle,Easy
What is 97 + 11?,115,108,106,111,108,Quantitative,Medium
What is the square of 5?,24,26,30,25,25,Quantitative,Hard
"Find the next letter in the series: U, V, W, ?",Y,W,Z,X,X,Logical,Easy
Choose the synonym of 'bright'.,smart,weak,small,late,smart,Verbal,Easy
"If 7 workers finish a task in 4 days, how many worker-days are needed?",30,28,26,33,28,Puzzle,Medium
What is 29 + 58?,90,94,87,85,87,Quantitative,Easy
What is the square of 5?,26,24,25,30,25,Quantitative,Easy
"Find the next letter in the series: O, P, Q, ?",R,S,Q,T,R,Logical,Hard
Choose the synonym of 'bright'.,late,smart,small,weak,smart,Verbal,Hard
"If 8 workers finish a task in 7 days, how many worker-days are needed?",54,61,58,56,56,Puzzle,Medium
What is 65 + 15?,78,80,83,87,80,Quantitative,Easy
What is the square of 10?,100,99,105,101,100,Quantitative,Medium
"Find the next letter in the series: B, C, D, ?",D,F,G,E,E,Logical,Hard
Choose the synonym of 'honest'.,truthful,late,small,weak,truthful,Verbal,Hard
"If 8 workers finish a task in 5 days, how many worker-days are needed?",40,45,38,42,40,Puzzle,Hard
What is 33 + 45?,85,76,81,78,78,Quantitative,Easy
What is the square of 5?,24,30,26,25,25,Quantitative,Medium
"Find the next letter in the series: H, I, J, ?",J,M,K,L,K,Logical,Easy
Choose the synonym of 'ancient'.,small,old,late,weak,old,Verbal,Hard
"If 8 workers finish a task in 6 days, how many worker-days are needed?",50,46,48,53,48,Puzzle,Easy
What is 46 + 77?,121,126,123,130,123,Quantitative,Easy
What is the square of 20?,405,401,399,400,400,Quantitative,Easy
"Find the next letter in the series: A, B, C, ?",F,D,C,E,D,Logical,Hard
Choose the synonym of 'benefit'.,weak,small,advantage,late,advantage,Verbal,Easy
"If 8 workers finish a task in 8 days, how many worker-days are needed?",62,64,69,66,64,Puzzle,Hard
What is 40 + 50?,88,90,93,97,90,Quantitative,Hard
What is the square of 20?,400,399,401,405,400,Quantitative,Easy
"Find the next letter in the series: F, G, H, ?",J,K,H,I,I,Logical,Easy
Choose the synonym of 'honest'.,weak,late,small,truthful,truthful,Verbal,Medium
"If 5 workers finish a task in 4 days, how many worker-days are needed?",18,22,20,25,20,Puzzle,Hard
What is 94 + 17?,111,114,109,118,111,Quantitative,Hard
What is the square of 15?,226,230,225,224,225,Quantitative,Medium
"Find the next letter in the series: B, C, D, ?",G,D,E,F,E,Logical,Easy
Choose the synonym of 'bright'.,weak,small,late,smart,smart,Verbal,Medium
"If 3 workers finish a task in 5 days, how many worker-days are needed?",20,15,13,17,15,Puzzle,Hard
What is 85 + 54?,146,139,137,142,139,Quantitative,Hard
What is the square of 12?,143,144,145,149,144,Quantitative,Hard
"Find the next letter in the series: I, J, K, ?",L,N,K,M,L,Logical,Hard
Choose the synonym of 'ancient'.,old,weak,late,small,old,Verbal,Medium
"If 8 workers finish a task in 3 days, how many worker-days are needed?",22,24,26,29,24,Puzzle,Easy
What is 22 + 43?,63,65,68,72,65,Quantitative,Medium
What is the square of 8?,69,65,64,63,64,Quantitative,Hard
"Find the next letter in the series: M, N, O, ?",Q,P,O,R,P,Logical,Hard
Choose the synonym of 'bright'.,smart,small,late,weak,smart,Verbal,Easy
"If 2 workers finish a task in 2 days, how many worker-days are needed?",2,6,9,4,4,Puzzle,Medium
What is 45 + 16?,68,64,61,59,61,Quantitative,Medium
What is the square of 3?,10,14,9,8,9,Quantitative,Easy
"Find the next letter in the series: B, C, D, ?",F,E,D,G,E,Logical,Medium
Choose the synonym of 'rapid'.,weak,fast,small,late,fast,Verbal,Hard
"If 3 workers finish a task in 8 days, how many worker-days are needed?",22,29,26,24,24,Puzzle,Medium
What is 31 + 57?,91,95,86,88,88,Quantitative,Easy
What is the square of 17?,289,290,294,288,289,Quantitative,Easy
"Find the next letter in the series: N, O, P, ?",Q,P,S,R,Q,Logical,Easy
Choose the synonym of 'honest'.,late,small,weak,truthful,truthful,Verbal,Hard
"If 8 workers finish a task in 9 days, how many worker-days are needed?",70,74,77,72,72,Puzzle,Easy
What is 58 + 26?,87,82,84,91,84,Quantitative,Hard
What is the square of 6?,37,36,35,41,36,Quantitative,Medium
"Find the next letter in the series: U, V, W, ?",Y,X,Z,W,X,Logical,Hard
Choose the synonym of 'benefit'.,weak,advantage,late,small,advantage,Verbal,Easy
"If 8 workers finish a task in 2 days, how many worker-days are needed?",21,16,14,18,16,Puzzle,Hard
What is 76 + 70?,153,149,146,144,146,Quantitative,Easy
What is the square of 13?,169,170,168,174,169,Quantitative,Easy
"Find the next letter in the series: H, I, J, ?",M,J,K,L,K,Logical,Hard
Choose the synonym of 'bright'.,small,smart,weak,late,smart,Verbal,Easy
"If 10 workers finish a task in 5 days, how many worker-days are needed?",50,55,52,48,50,Puzzle,Hard
What is 37 + 21?,56,61,58,65,58,Quantitative,Hard
What is the square of 3?,8,9,10,14,9,Quantitative,Medium
"Find the next letter in the series: F, G, H, ?",H,I,K,J,I,Logical,Hard
Choose the synonym of 'rapid'.,weak,small,fast,late,fast,Verbal,Easy
"If 10 workers finish a task in 10 days, how many worker-days are needed?",98,100,105,102,100,Puzzle,Medium
What is 30 + 13?,43,41,50,46,43,Quantitative,Easy
What is the square of 15?,230,226,224,225,225,Quantitative,Medium
"Find the next letter in the series: T, U, V, ?",V,Y,W,X,W,Logical,Medium
Choose the synonym of 'ancient'.,small,old,weak,late,old,Verbal,Medium
"If 5 workers finish a task in 7 days, how many worker-days are needed?",40,37,35,33,35,Puzzle,Easy
What is 82 + 17?,106,97,99,102,99,Quantitative,Easy
What is the square of 4?,21,17,16,15,16,Quantitative,Hard
"Find the next letter in the series: O, P, Q, ?",Q,R,S,T,R,Logical,Medium
Choose the synonym of 'honest'.,weak,small,late,truthful,truthful,Verbal,Medium
"If 10 workers finish a task in 10 days, how many worker-days are needed?",100,98,102,105,100,Puzzle,Hard
What is 62 + 80?,149,140,145,142,142,Quantitative,Hard
What is the square of 14?,197,196,201,195,196,Quantitative,Hard
"Find the next letter in the series: C, D, E, ?",F,E,G,H,F,Logical,Medium
Choose the synonym of 'ancient'.,old,late,small,weak,old,Verbal,Medium
"If 6 workers finish a task in 10 days, how many worker-days are needed?",65,60,62,58,60,Puzzle,Hard
What is 43 + 26?,76,69,67,72,69,Quantitative,Medium
What is the square of 14?,201,196,197,195,196,Quantitative,Hard
"Find the next letter in the series: K, L, M, ?",M,O,P,N,N,Logical,Hard
Choose the synonym of 'rapid'.,small,late,weak,fast,fast,Verbal,Hard
"If 3 workers finish a task in 7 days, how many worker-days are needed?",26,19,21,23,21,Puzzle,Hard
What is 24 + 38?,65,62,60,69,62,Quantitative,Easy
What is the square of 14?,195,196,201,197,196,Quantitative,Medium
"Find the next letter in the series: O, P, Q, ?",R,S,T,Q,R,Logical,Medium
Choose the synonym of 'bright'.,weak,late,small,smart,smart,Verbal,Hard
"If 7 workers finish a task in 6 days, how many worker-days are needed?",47,42,44,40,42,Puzzle,Medium
What is 37 + 26?,70,61,66,63,63,Quantitative,Medium
What is the square of 18?,329,323,325,324,324,Quantitative,Medium
"Find the next letter in the series: J, K, L, ?",O,M,N,L,M,Logical,Medium
Choose the synonym of 'rapid'.,weak,small,fast,late,fast,Verbal,Easy
"If 8 workers finish a task in 6 days, how many worker-days are needed?",48,46,50,53,48,Puzzle,Medium
What is 13 + 49?,65,62,69,60,62,Quantitative,Hard
What is the square of 14?,196,197,201,195,196,Quantitative,Easy
"Find the next letter in the series: F, G, H, ?",K,H,J,I,I,Logical,Medium
Choose the synonym of 'ancient'.,old,late,weak,small,old,Verbal,Hard
"If 3 workers finish a task in 2 days, how many worker-days are needed?",4,6,8,11,6,Puzzle,Hard
What is 31 + 48?,79,82,77,86,79,Quantitative,Medium
What is the square of 4?,16,21,17,15,16,Quantitative,Easy
"Find the next letter in the series: G, H, I, ?",I,L,K,J,J,Logical,Medium
Choose the synonym of 'bright'.,smart,late,small,weak,smart,Verbal,Easy
"If 2 workers finish a task in 10 days, how many worker-days are needed?",22,25,18,20,20,Puzzle,Hard
What is 16 + 75?,98,89,94,91,91,Quantitative,Hard
What is the square of 11?,126,121,122,120,121,Quantitative,Hard
"Find the next letter in the series: T, U, V, ?",V,X,W,Y,W,Logical,Easy
Choose the synonym of 'bright'.,weak,smart,late,small,smart,Verbal,Medium
"If 10 workers finish a task in 3 days, how many worker-days are needed?",30,35,32,28,30,Puzzle,Hard
What is 34 + 13?,50,54,45,47,47,Quantitative,Easy
What is the square of 5?,25,30,24,26,25,Quantitative,Hard
"Find the next letter in the series: G, H, I, ?",L,I,J,K,J,Logical,Easy
Choose the synonym of 'ancient'.,small,old,late,weak,old,Verbal,Easy
"If 10 workers finish a task in 8 days, how many worker-days are needed?",82,85,78,80,80,Puzzle,Medium
What is 31 + 98?,136,127,129,132,129,Quantitative,Easy
What is the square of 14?,196,195,197,201,196,Quantitative,Hard
"Find the next letter in the series: D, E, F, ?",I,H,G,F,G,Logical,Easy
Choose the synonym of 'honest'.,truthful,weak,small,late,truthful,Verbal,Easy
"If 10 workers finish a task in 6 days, how many worker-days are needed?",60,62,65,58,60,Puzzle,Hard
What is 50 + 64?,112,114,117,121,114,Quantitative,Medium
What is the square of 6?,41,37,36,35,36,Quantitative,Hard
"Find the next letter in the series: U, V, W, ?",Y,Z,W,X,X,Logical,Hard
Choose the synonym of 'rapid'.,weak,small,fast,late,fast,Verbal,Hard
"If 10 workers finish a task in 6 days, how many worker-days are needed?",58,65,60,62,60,Puzzle,Hard
What is 70 + 68?,141,136,145,138,138,Quantitative,Hard
What is the square of 8?,64,69,63,65,64,Quantitative,Medium
"Find the next letter in the series: U, V, W, ?",Z,W,X,Y,X,Logical,Hard
Choose the synonym of 'ancient'.,small,late,old,weak,old,Verbal,Hard
"If 6 workers finish a task in 10 days, how many worker-days are needed?",62,65,60,58,60,Puzzle,Hard
What is 50 + 27?,84,75,80,77,77,Quantitative,Medium
What is the square of 11?,120,122,126,121,121,Quantitative,Easy
"Find the next letter in the series: C, D, E, ?",F,E,G,H,F,Logical,Hard
Choose the synonym of 'rapid'.,weak,small,fast,late,fast,Verbal,Medium
"If 5 workers finish a task in 2 days, how many worker-days are needed?",10,12,15,8,10,Puzzle,Medium
What is 11 + 21?,30,35,32,39,32,Quantitative,Medium
What is the square of 12?,144,143,149,145,144,Quantitative,Hard
"Find the next letter in the series: L, M, N, ?",P,Q,N,O,O,Logical,Medium
Choose the synonym of 'rapid'.,weak,small,fast,late,fast,Verbal,Easy
"If 5 workers finish a task in 2 days, how many worker-days are needed?",12,10,8,15,10,Puzzle,Medium
What is 27 + 97?,131,127,122,124,124,Quantitative,Hard
What is the square of 16?,255,256,261,257,256,Quantitative,Hard
"Find the next letter in the series: U, V, W, ?",Y,X,W,Z,X,Logical,Hard
Choose the synonym of 'bright'.,small,weak,smart,late,smart,Verbal,Medium
"If 6 workers finish a task in 6 days, how many worker-days are needed?",34,36,41,38,36,Puzzle,Easy
What is 73 + 13?,93,86,89,84,86,Quantitative,Easy
What is the square of 13?,170,168,169,174,169,Quantitative,Hard
"Find the next letter in the series: R, S, T, ?",W,V,U,T,U,Logical,Easy
Choose the synonym of 'benefit'.,small,advantage,weak,late,advantage,Verbal,Hard
"If 10 workers finish a task in 4 days, how many worker-days are needed?",42,38,40,45,40,Puzzle,Hard
What is 18 + 74?,90,92,99,95,92,Quantitative,Easy
What is the square of 19?,361,366,360,362,361,Quantitative,Easy
"Find the next letter in the series: O, P, Q, ?",R,Q,T,S,R,Logical,Hard
Choose the synonym of 'rapid'.,fast,late,weak,small,fast,Verbal,Medium
"If 3 workers finish a task in 5 days, how many worker-days are needed?",17,15,13,20,15,Puzzle,Hard
What is 37 + 49?,86,84,89,93,86,Quantitative,Medium
What is the square of 14?,195,201,196,197,196,Quantitative,Hard
"Find the next letter in the series: O, P, Q, ?",Q,S,T,R,R,Logical,Easy
Choose the synonym of 'benefit'.,weak,late,small,advantage,advantage,Verbal,Easy
"If 3 workers finish a task in 6 days, how many worker-days are needed?",18,20,16,23,18,Puzzle,Medium
What is 70 + 24?,97,92,101,94,94,Quantitative,Medium
What is the square of 11?,121,122,120,126,121,Quantitative,Easy
"Find the next letter in the series: P, Q, R, ?",T,S,R,U,S,Logical,Easy
Choose the synonym of 'rapid'.,small,fast,late,weak,fast,Verbal,Easy
"If 8 workers finish a task in 6 days, how many worker-days are needed?",48,46,50,53,48,Puzzle,Medium
What is 42 + 14?,54,59,63,56,56,Quantitative,Easy
What is the square of 6?,41,36,37,35,36,Quantitative,Medium
"Find the next letter in the series: S, T, U, ?",X,U,V,W,V,Logical,Hard
Choose the synonym of 'bright'.,small,smart,weak,late,smart,Verbal,Hard
"If 10 workers finish a task in 4 days, how many worker-days are needed?",45,38,40,42,40,Puzzle,Easy
What is 92 + 10?,102,100,105,109,102,Quantitative,Medium
What is the square of 8?,64,63,65,69,64,Quantitative,Medium
"Find the next letter in the series: O, P, Q, ?",R,S,Q,T,R,Logical,Medium
Choose the synonym of 'bright'.,weak,smart,late,small,smart,Verbal,Medium
"If 5 workers finish a task in 2 days, how many worker-days are needed?",12,10,15,8,10,Puzzle,Medium
What is 76 + 56?,135,130,132,139,132,Quantitative,Hard
What is the square of 3?,9,14,10,8,9,Quantitative,Medium
"Find the next letter in the series: C, D, E, ?",G,H,F,E,F,Logical,Easy
Choose the synonym of 'bright'.,late,smart,weak,small,smart,Verbal,Medium
"If 10 workers finish a task in 4 days, how many worker-days are needed?",40,42,45,38,40,Puzzle,Easy
What is 69 + 25?,92,94,101,97,94,Quantitative,Easy
What is the square of 17?,289,290,294,288,289,Quantitative,Medium
"Find the next letter in the series: S, T, U, ?",U,X,W,V,V,Logical,Hard
Choose the synonym of 'rapid'.,small,weak,fast,late,fast,Verbal,Medium
"If 4 workers finish a task in 10 days, how many worker-days are needed?",38,45,40,42,40,Puzzle,Hard
What is 36 + 30?,64,69,73,66,66,Quantitative,Easy
What is the square of 18?,325,324,329,323,324,Quantitative,Medium
"Find the next letter in the series: G, H, I, ?",J,L,I,K,J,Logical,Medium
Choose the synonym of 'bright'.,smart,late,small,weak,smart,Verbal,Medium
"If 9 workers finish a task in 3 days, how many worker-days are needed?",27,32,29,25,27,Puzzle,Medium
What is 33 + 43?,79,76,74,83,76,Quantitative,Hard
What is the square of 12?,145,143,144,149,144,Quantitative,Easy
"Find the next letter in the series: T, U, V, ?",X,Y,V,W,W,Logical,Easy
Choose the synonym of 'rapid'.,weak,small,late,fast,fast,Verbal,Medium
"If 3 workers finish a task in 6 days, how many worker-days are needed?",23,20,16,18,18,Puzzle,Easy
What is 61 + 37?,101,96,98,105,98,Quantitative,Hard
What is the square of 13?,169,174,168,170,169,Quantitative,Medium
"Find the next letter in the series: P, Q, R, ?",S,R,U,T,S,Logical,Medium
Choose the synonym of 'honest'.,late,truthful,weak,small,truthful,Verbal,Hard
"If 3 workers finish a task in 10 days, how many worker-days are needed?",28,30,35,32,30,Puzzle,Hard
What is 47 + 39?,84,86,93,89,86,Quantitative,Medium
What is the square of 20?,405,401,400,399,400,Quantitative,Medium
"Find the next letter in the series: K, L, M, ?",M,O,P,N,N,Logical,Medium
Choose the synonym of 'benefit'.,weak,small,advantage,late,advantage,Verbal,Hard
"If 10 workers finish a task in 10 days, how many worker-days are needed?",102,98,105,100,100,Puzzle,Easy
What is 56 + 79?,133,135,142,138,135,Quantitative,Medium
What is the square of 13?,169,168,174,170,169,Quantitative,Hard
"Find the next letter in the series: J, K, L, ?",L,O,N,M,M,Logical,Hard
Choose the synonym of 'rapid'.,weak,fast,late,small,fast,Verbal,Hard
"If 8 workers finish a task in 9 days, how many worker-days are needed?",72,77,70,74,72,Puzzle,Medium
What is 36 + 91?,125,130,134,127,127,Quantitative,Hard
What is the square of 10?,99,101,100,105,100,Quantitative,Hard
"Find the next letter in the series: P, Q, R, ?",R,T,S,U,S,Logical,Easy
Choose the synonym of 'rapid'.,late,weak,fast,small,fast,Verbal,Medium
"If 5 workers finish a task in 10 days, how many worker-days are needed?",50,52,48,55,50,Puzzle,Medium
What is 38 + 33?,69,74,71,78,71,Quantitative,Easy
What is the square of 17?,294,288,289,290,289,Quantitative,Medium
"Find the next letter in the series: N, O, P, ?",S,P,R,Q,Q,Logical,Medium
Choose the synonym of 'ancient'.,small,late,old,weak,old,Verbal,Hard
"If 4 workers finish a task in 10 days, how many worker-days are needed?",38,45,40,42,40,Puzzle,Hard
What is 93 + 59?,152,150,159,155,152,Quantitative,Easy
What is the square of 20?,401,405,400,399,400,Quantitative,Easy
"Find the next letter in the series: C, D, E, ?",G,E,F,H,F,Logical,Hard
Choose the synonym of 'rapid'.,small,fast,weak,late,fast,Verbal,Medium
"If 10 workers finish a task in 8 days, how many worker-days are needed?",82,78,80,85,80,Puzzle,Medium
What is 61 + 48?,109,112,107,116,109,Quantitative,Easy
What is the square of 16?,255,257,256,261,256,Quantitative,Medium
"Find the next letter in the series: E, F, G, ?",H,I,G,J,H,Logical,Easy
Choose the synonym of 'bright'.,small,smart,late,weak,smart,Verbal,Hard
"If 10 workers finish a task in 7 days, how many worker-days are needed?",70,68,75,72,70,Puzzle,Easy
What is 53 + 67?,118,120,123,127,120,Quantitative,Hard
What is the square of 7?,48,54,49,50,49,Quantitative,Medium
"Find the next letter in the series: M, N, O, ?",R,Q,O,P,P,Logical,Easy
Choose the synonym of 'bright'.,weak,smart,late,small,smart,Verbal,Medium
"If 5 workers finish a task in 3 days, how many worker-days are needed?",15,13,20,17,15,Puzzle,Hard
What is 52 + 20?,79,72,70,75,72,Quantitative,Hard
What is the square of 5?,25,30,26,24,25,Quantitative,Easy
"Find the next letter in the series: B, C, D, ?",F,D,E,G,E,Logical,Hard
Choose the synonym of 'ancient'.,weak,small,late,old,old,Verbal,Easy
"If 8 workers finish a task in 3 days, how many worker-days are needed?",29,22,24,26,24,Puzzle,Medium
What is 16 + 91?,107,114,110,105,107,Quantitative,Easy
What is the square of 11?,120,126,121,122,121,Quantitative,Medium
"Find the next letter in the series: L, M, N, ?",P,N,Q,O,O,Logical,Hard
Choose the synonym of 'bright'.,small,weak,smart,late,smart,Verbal,Medium
"If 6 workers finish a task in 7 days, how many worker-days are needed?",40,47,44,42,42,Puzzle,Easy
What is 46 + 60?,109,113,106,104,106,Quantitative,Easy
What is the square of 8?,63,69,64,65,64,Quantitative,Easy
"Find the next letter in the series: B, C, D, ?",D,F,G,E,E,Logical,Hard
Choose the synonym of 'rapid'.,late,small,fast,weak,fast,Verbal,Hard
"If 5 workers finish a task in 3 days, how many worker-days are needed?",17,15,13,20,15,Puzzle,Easy
What is 89 + 25?,112,117,114,121,114,Quantitative,Medium
What is the square of 6?,41,36,37,35,36,Quantitative,Hard
"Find the next letter in the series: Q, R, S, ?",U,S,V,T,T,Logical,Medium
Choose the synonym of 'bright'.,late,weak,small,smart,smart,Verbal,Easy
"If 8 workers finish a task in 4 days, how many worker-days are needed?",30,32,34,37,32,Puzzle,Medium
What is 56 + 26?,82,85,89,80,82,Quantitative,Easy
What is the square of 9?,81,80,86,82,81,Quantitative,Medium
"Find the next letter in the series: H, I, J, ?",L,J,K,M,K,Logical,Easy
Choose the synonym of 'honest'.,truthful,small,late,weak,truthful,Verbal,Easy
"If 5 workers finish a task in 3 days, how many worker-days are needed?",15,20,17,13,15,Puzzle,Easy
What is 38 + 38?,74,83,76,79,76,Quantitative,Easy
What is the square of 11?,122,126,120,121,121,Quantitative,Easy
"Find the next letter in the series: O, P, Q, ?",R,S,T,Q,R,Logical,Medium
Choose the synonym of 'bright'.,small,late,smart,weak,smart,Verbal,Hard
"If 3 workers finish a task in 5 days, how many worker-days are needed?",20,15,13,17,15,Puzzle,Easy
What is 91 + 71?,169,162,165,160,162,Quantitative,Medium
What is the square of 18?,324,325,329,323,324,Quantitative,Hard
"Find the next letter in the series: I, J, K, ?",M,N,L,K,L,Logical,Medium
Choose the synonym of 'benefit'.,advantage,small,weak,late,advantage,Verbal,Easy
"If 2 workers finish a task in 5 days, how many worker-days are needed?",10,8,12,15,10,Puzzle,Easy
What is 78 + 77?,155,162,158,153,155,Quantitative,Hard
What is the square of 3?,8,9,14,10,9,Quantitative,Medium
"Find the next letter in the series: Q, R, S, ?",U,S,T,V,T,Logical,Hard
Choose the synonym of 'bright'.,weak,late,smart,small,smart,Verbal,Hard
"If 6 workers finish a task in 8 days, how many worker-days are needed?",50,46,53,48,48,Puzzle,Medium
What is 93 + 31?,131,122,124,127,124,Quantitative,Medium
What is the square of 8?,63,69,65,64,64,Quantitative,Easy
"Find the next letter in the series: O, P, Q, ?",S,Q,T,R,R,Logical,Easy
Choose the synonym of 'bright'.,smart,weak,small,late,smart,Verbal,Medium
"If 4 workers finish a task in 4 days, how many worker-days are needed?",14,16,21,18,16,Puzzle,Hard
What is 82 + 41?,123,126,130,121,123,Quantitative,Easy
What is the square of 17?,294,288,290,289,289,Quantitative,Medium
"Find the next letter in the series: H, I, J, ?",M,J,K,L,K,Logical,Medium
Choose the synonym of 'benefit'.,small,late,weak,advantage,advantage,Verbal,Hard
"If 6 workers finish a task in 9 days, how many worker-days are needed?",52,56,54,59,54,Puzzle,Medium
What is 36 + 55?,91,94,98,89,91,Quantitative,Easy
What is the square of 3?,14,9,8,10,9,Quantitative,Hard
"Find the next letter in the series: A, B, C, ?",E,D,F,C,D,Logical,Medium
Choose the synonym of 'ancient'.,small,old,weak,late,old,Verbal,Hard
"If 5 workers finish a task in 6 days, how many worker-days are needed?",35,28,30,32,30,Puzzle,Medium
What is 27 + 62?,92,89,96,87,89,Quantitative,Hard
What is the square of 6?,36,35,41,37,36,Quantitative,Medium
"Find the next letter in the series: I, J, K, ?",L,N,M,K,L,Logical,Medium
Choose the synonym of 'ancient'.,late,small,old,weak,old,Verbal,Hard
"If 4 workers finish a task in 5 days, how many worker-days are needed?",20,25,18,22,20,Puzzle,Hard
What is 57 + 59?,116,114,123,119,116,Quantitative,Medium
What is the square of 20?,400,399,401,405,400,Quantitative,Hard
"Find the next letter in the series: U, V, W, ?",Y,W,Z,X,X,Logical,Hard
Choose the synonym of 'honest'.,weak,late,truthful,small,truthful,Verbal,Easy
"If 5 workers finish a task in 7 days, how many worker-days are needed?",40,35,33,37,35,Puzzle,Medium
What is 90 + 27?,117,115,120,124,117,Quantitative,Easy
What is the square of 18?,324,325,323,329,324,Quantitative,Hard
"Find the next letter in the series: H, I, J, ?",L,J,K,M,K,Logical,Easy
Choose the synonym of 'honest'.,small,truthful,weak,late,truthful,Verbal,Medium
"If 9 workers finish a task in 3 days, how many worker-days are needed?",25,27,29,32,27,Puzzle,Medium
What is 78 + 17?,93,102,98,95,95,Quantitative,Hard
What is the square of 12?,145,144,149,143,144,Quantitative,Medium
"Find the next letter in the series: J, K, L, ?",N,L,O,M,M,Logical,Medium
Choose the synonym of 'ancient'.,weak,small,late,old,old,Verbal,Hard
"If 10 workers finish a task in 3 days, how many worker-days are needed?",28,35,30,32,30,Puzzle,Hard
What is 26 + 12?,45,36,38,41,38,Quantitative,Hard
What is the square of 9?,80,86,81,82,81,Quantitative,Medium
"Find the next letter in the series: T, U, V, ?",V,X,Y,W,W,Logical,Easy
Choose the synonym of 'honest'.,weak,small,truthful,late,truthful,Verbal,Medium
"If 9 workers finish a task in 8 days, how many worker-days are needed?",77,74,72,70,72,Puzzle,Easy
What is 90 + 76?,164,173,166,169,166,Quantitative,Hard
What is the square of 3?,8,9,14,10,9,Quantitative,Medium
"Find the next letter in the series: B, C, D, ?",F,E,D,G,E,Logical,Hard
Choose the synonym of 'ancient'.,late,small,weak,old,old,Verbal,Easy
"If 9 workers finish a task in 9 days, how many worker-days are needed?",86,83,81,79,81,Puzzle,Medium
What is 56 + 70?,124,129,133,126,126,Quantitative,Medium
What is the square of 4?,17,16,15,21,16,Quantitative,Hard
"Find the next letter in the series: T, U, V, ?",Y,X,W,V,W,Logical,Medium
Choose the synonym of 'bright'.,weak,small,late,smart,smart,Verbal,Medium
"If 6 workers finish a task in 5 days, how many worker-days are needed?",28,30,35,32,30,Puzzle,Medium
What is 15 + 84?,106,97,99,102,99,Quantitative,Medium
What is the square of 18?,323,325,329,324,324,Quantitative,Hard
"Find the next letter in the series: G, H, I, ?",I,J,K,L,J,Logical,Medium
Choose the synonym of 'bright'.,weak,small,smart,late,smart,Verbal,Medium
"If 5 workers finish a task in 10 days, how many worker-days are needed?",52,50,55,48,50,Puzzle,Medium
What is 83 + 48?,129,134,131,138,131,Quantitative,Easy
What is the square of 13?,168,170,169,174,169,Quantitative,Medium
"Find the next letter in the series: O, P, Q, ?",Q,T,R,S,R,Logical,Easy
Choose the synonym of 'benefit'.,small,weak,advantage,late,advantage,Verbal,Medium
"If 7 workers finish a task in 3 days, how many worker-days are needed?",23,26,19,21,21,Puzzle,Medium
What is 99 + 15?,112,117,114,121,114,Quantitative,Hard
What is the square of 20?,399,400,405,401,400,Quantitative,Easy
"Find the next letter in the series: Q, R, S, ?",U,V,S,T,T,Logical,Medium
Choose the synonym of 'rapid'.,late,fast,weak,small,fast,Verbal,Hard
"If 8 workers finish a task in 3 days, how many worker-days are needed?",22,24,26,29,24,Puzzle,Hard
What is 45 + 47?,90,99,92,95,92,Quantitative,Medium
What is the square of 12?,149,143,145,144,144,Quantitative,Easy
"Find the next letter in the series: D, E, F, ?",F,G,H,I,G,Logical,Medium
Choose the synonym of 'honest'.,weak,truthful,late,small,truthful,Verbal,Hard
"If 7 workers finish a task in 10 days, how many worker-days are needed?",72,70,68,75,70,Puzzle,Hard
What is 53 + 25?,78,76,85,81,78,Quantitative,Hard
What is the square of 15?,226,225,230,224,225,Quantitative,Easy
"Find the next letter in the series: T, U, V, ?",X,V,Y,W,W,Logical,Easy
Choose the synonym of 'benefit'.,advantage,weak,small,late,advantage,Verbal,Medium
"If 8 workers finish a task in 9 days, how many worker-days are needed?",70,72,74,77,72,Puzzle,Hard
What is 89 + 93?,189,182,180,185,182,Quantitative,Hard
What is the square of 6?,36,41,35,37,36,Quantitative,Medium
"Find the next letter in the series: R, S, T, ?",U,T,V,W,U,Logical,Easy
Choose the synonym of 'benefit'.,late,advantage,small,weak,advantage,Verbal,Easy
"If 10 workers finish a task in 8 days, how many worker-days are needed?",85,78,82,80,80,Puzzle,Easy
What is 33 + 64?,95,100,97,104,97,Quantitative,Easy
What is the square of 9?,81,86,80,82,81,Quantitative,Easy
"Find the next letter in the series: D, E, F, ?",G,H,F,I,G,Logical,Hard
Choose the synonym of 'rapid'.,fast,small,late,weak,fast,Verbal,Hard
"If 3 workers finish a task in 7 days, how many worker-days are needed?",19,21,23,26,21,Puzzle,Easy
What is 14 + 48?,65,62,60,69,62,Quantitative,Medium
What is the square of 10?,100,105,101,99,100,Quantitative,Easy
"Find the next letter in the series: A, B, C, ?",D,F,C,E,D,Logical,Easy
Choose the synonym of 'rapid'.,late,weak,small,fast,fast,Verbal,Hard
"If 9 workers finish a task in 3 days, how many worker-days are needed?",27,32,25,29,27,Puzzle,Medium
What is 28 + 36?,64,71,62,67,64,Quantitative,Hard
What is the square of 14?,197,201,195,196,196,Quantitative,Hard
"Find the next letter in the series: C, D, E, ?",E,G,F,H,F,Logical,Medium
Choose the synonym of 'rapid'.,weak,fast,small,late,fast,Verbal,Medium
"If 2 workers finish a task in 4 days, how many worker-days are needed?",13,10,8,6,8,Puzzle,Easy
What is 62 + 86?,151,148,155,146,148,Quantitative,Easy
What is the square of 4?,16,17,15,21,16,Quantitative,Hard
"Find the next letter in the series: N, O, P, ?",Q,P,R,S,Q,Logical,Hard
Choose the synonym of 'benefit'.,weak,late,advantage,small,advantage,Verbal,Easy
"If 7 workers finish a task in 8 days, how many worker-days are needed?",56,54,58,61,56,Puzzle,Medium
What is 17 + 80?,95,97,104,100,97,Quantitative,Easy
What is the square of 4?,15,21,17,16,16,Quantitative,Easy
"Find the next letter in the series: N, O, P, ?",R,Q,P,S,Q,Logical,Easy
Choose the synonym of 'rapid'.,weak,late,fast,small,fast,Verbal,Easy
"If 4 workers finish a task in 9 days, how many worker-days are needed?",34,38,41,36,36,Puzzle,Hard
What is 92 + 62?,154,152,157,161,154,Quantitative,Medium
What is the square of 7?,48,50,49,54,49,Quantitative,Medium
"Find the next letter in the series: N, O, P, ?",P,Q,R,S,Q,Logical,Hard
Choose the synonym of 'benefit'.,advantage,small,weak,late,advantage,Verbal,Medium
"If 6 workers finish a task in 4 days, how many worker-days are needed?",29,22,26,24,24,Puzzle,Hard
What is 55 + 92?,145,150,147,154,147,Quantitative,Hard
What is the square of 10?,101,100,105,99,100,Quantitative,Hard
"Find the next letter in the series: D, E, F, ?",I,H,G,F,G,Logical,Medium
Choose the synonym of 'honest'.,late,truthful,small,weak,truthful,Verbal,Easy
"If 8 workers finish a task in 8 days, how many worker-days are needed?",69,62,66,64,64,Puzzle,Easy
What is 90 + 12?,102,109,105,100,102,Quantitative,Medium
What is the square of 14?,201,195,197,196,196,Quantitative,Hard
"Find the next letter in the series: T, U, V, ?",Y,V,X,W,W,Logical,Hard
Choose the synonym of 'honest'.,small,weak,truthful,late,truthful,Verbal,Medium
"If 8 workers finish a task in 4 days, how many worker-days are needed?",34,30,37,32,32,Puzzle,Easy
What is 84 + 76?,163,160,158,167,160,Quantitative,Hard
What is the square of 11?,120,122,126,121,121,Quantitative,Medium
"Find the next letter in the series: C, D, E, ?",G,F,H,E,F,Logical,Easy
Choose the synonym of 'bright'.,late,weak,small,smart,smart,Verbal,Easy
"If 2 workers finish a task in 10 days, how many worker-days are needed?",22,18,25,20,20,Puzzle,Hard
What is 98 + 68?,169,164,166,173,166,Quantitative,Hard
What is the square of 12?,144,143,145,149,144,Quantitative,Easy
"Find the next letter in the series: A, B, C, ?",F,D,E,C,D,Logical,Hard
Choose the synonym of 'rapid'.,late,fast,weak,small,fast,Verbal,Medium
"If 7 workers finish a task in 4 days, how many worker-days are needed?",28,26,30,33,28,Puzzle,Medium
What is 15 + 91?,106,113,104,109,106,Quantitative,Easy
What is the square of 16?,257,261,255,256,256,Quantitative,Medium
"Find the next letter in the series: T, U, V, ?",V,Y,W,X,W,Logical,Easy
Choose the synonym of 'honest'.,weak,late,small,truthful,truthful,Verbal,Easy
"If 2 workers finish a task in 7 days, how many worker-days are needed?",19,12,16,14,14,Puzzle,Easy
What is 71 + 77?,146,148,155,151,148,Quantitative,Hard
What is the square of 5?,24,25,26,30,25,Quantitative,Medium
"Find the next letter in the series: G, H, I, ?",J,K,L,I,J,Logical,Easy
Choose the synonym of 'ancient'.,small,late,weak,old,old,Verbal,Easy
"If 10 workers finish a task in 4 days, how many worker-days are needed?",42,38,45,40,40,Puzzle,Medium
What is 43 + 55?,105,101,96,98,98,Quantitative,Easy
What is the square of 16?,256,255,257,261,256,Quantitative,Medium
"Find the next letter in the series: P, Q, R, ?",U,R,T,S,S,Logical,Medium
Choose the synonym of 'bright'.,smart,small,weak,late,smart,Verbal,Easy
"If 2 workers finish a task in 10 days, how many worker-days are needed?",22,20,25,18,20,Puzzle,Easy
What is 24 + 13?,35,40,37,44,37,Quantitative,Hard
What is the square of 8?,64,69,63,65,64,Quantitative,Easy
"Find the next letter in the series: T, U, V, ?",X,V,Y,W,W,Logical,Medium
Choose the synonym of 'honest'.,truthful,late,weak,small,truthful,Verbal,Hard
"If 3 workers finish a task in 2 days, how many worker-days are needed?",4,8,6,11,6,Puzzle,Medium
What is 90 + 79?,172,169,176,167,169,Quantitative,Easy
What is the square of 18?,324,325,329,323,324,Quantitative,Medium
"Find the next letter in the series: Q, R, S, ?",U,S,V,T,T,Logical,Hard
Choose the synonym of 'honest'.,late,weak,truthful,small,truthful,Verbal,Medium
"If 6 workers finish a task in 4 days, how many worker-days are needed?",22,26,24,29,24,Puzzle,Easy
What is 54 + 62?,123,114,116,119,116,Quantitative,Hard
What is the square of 7?,49,50,54,48,49,Quantitative,Hard
"Find the next letter in the series: B, C, D, ?",D,F,E,G,E,Logical,Hard
Choose the synonym of 'benefit'.,weak,late,small,advantage,advantage,Verbal,Hard
"If 5 workers finish a task in 3 days, how many worker-days are needed?",13,15,20,17,15,Puzzle,Easy
What is 77 + 18?,98,93,102,95,95,Quantitative,Hard
What is the square of 4?,15,17,16,21,16,Quantitative,Medium
"Find the next letter in the series: C, D, E, ?",G,F,H,E,F,Logical,Medium
Choose the synonym of 'benefit'.,advantage,weak,small,late,advantage,Verbal,Easy
"If 3 workers finish a task in 10 days, how many worker-days are needed?",28,35,30,32,30,Puzzle,Hard
What is 73 + 48?,128,124,121,119,121,Quantitative,Hard
What is the square of 20?,401,400,399,405,400,Quantitative,Medium
"Find the next letter in the series: P, Q, R, ?",R,S,U,T,S,Logical,Medium
Choose the synonym of 'honest'.,small,late,truthful,weak,truthful,Verbal,Hard
"If 7 workers finish a task in 9 days, how many worker-days are needed?",61,65,68,63,63,Puzzle,Easy
What is 94 + 32?,124,133,129,126,126,Quantitative,Easy
What is the square of 6?,41,35,37,36,36,Quantitative,Medium
"Find the next letter in the series: D, E, F, ?",H,I,F,G,G,Logical,Hard
Choose the synonym of 'bright'.,smart,weak,late,small,smart,Verbal,Medium
"If 5 workers finish a task in 6 days, how many worker-days are needed?",35,32,28,30,30,Puzzle,Medium
What is 73 + 33?,113,109,106,104,106,Quantitative,Hard
What is the square of 5?,26,30,24,25,25,Quantitative,Easy
"Find the next letter in the series: I, J, K, ?",K,L,N,M,L,Logical,Hard
Choose the synonym of 'ancient'.,small,weak,late,old,old,Verbal,Easy
"If 4 workers finish a task in 6 days, how many worker-days are needed?",22,29,26,24,24,Puzzle,Medium
What is 89 + 40?,132,136,129,127,129,Quantitative,Easy
What is the square of 15?,230,226,225,224,225,Quantitative,Medium
"Find the next letter in the series: I, J, K, ?",M,N,L,K,L,Logical,Hard
Choose the synonym of 'benefit'.,late,small,weak,advantage,advantage,Verbal,Easy
"If 6 workers finish a task in 10 days, how many worker-days are needed?",58,60,65,62,60,Puzzle,Medium
What is 84 + 87?,174,178,171,169,171,Quantitative,Hard
What is the square of 16?,256,257,261,255,256,Quantitative,Hard
"Find the next letter in the series: G, H, I, ?",L,I,J,K,J,Logical,Medium
Choose the synonym of 'bright'.,late,weak,small,smart,smart,Verbal,Easy
"If 7 workers finish a task in 10 days, how many worker-days are needed?",68,72,70,75,70,Puzzle,Easy
What is 33 + 70?,101,106,110,103,103,Quantitative,Easy
What is the square of 14?,197,195,201,196,196,Quantitative,Medium
"Find the next letter in the series: N, O, P, ?",R,S,Q,P,Q,Logical,Easy
Choose the synonym of 'ancient'.,small,weak,old,late,old,Verbal,Medium
"If 2 workers finish a task in 5 days, how many worker-days are needed?",8,10,12,15,10,Puzzle,Hard
What is 10 + 82?,92,99,90,95,92,Quantitative,Easy
What is the square of 17?,288,289,294,290,289,Quantitative,Medium
"Find the next letter in the series: T, U, V, ?",W,X,Y,V,W,Logical,Medium
Choose the synonym of 'rapid'.,late,fast,small,weak,fast,Verbal,Medium
"If 2 workers finish a task in 9 days, how many worker-days are needed?",18,23,16,20,18,Puzzle,Medium
What is 61 + 79?,143,140,147,138,140,Quantitative,Medium
What is the square of 3?,8,9,14,10,9,Quantitative,Hard
"Find the next letter in the series: I, J, K, ?",K,M,L,N,L,Logical,Easy
Choose the synonym of 'honest'.,weak,truthful,small,late,truthful,Verbal,Medium
"If 5 workers finish a task in 4 days, how many worker-days are needed?",25,20,22,18,20,Puzzle,Easy
What is 30 + 34?,64,67,62,71,64,Quantitative,Medium
What is the square of 20?,405,401,399,400,400,Quantitative,Medium
"Find the next letter in the series: U, V, W, ?",X,Z,W,Y,X,Logical,Easy
Choose the synonym of 'ancient'.,late,small,weak,old,old,Verbal,Medium
"If 9 workers finish a task in 9 days, how many worker-days are needed?",86,79,83,81,81,Puzzle,Easy
What is 27 + 34?,59,68,61,64,61,Quantitative,Hard
What is the square of 9?,82,86,80,81,81,Quantitative,Medium
"Find the next letter in the series: O, P, Q, ?",S,R,T,Q,R,Logical,Easy
Choose the synonym of 'rapid'.,weak,small,fast,late,fast,Verbal,Medium
"If 5 workers finish a task in 9 days, how many worker-days are needed?",45,47,43,50,45,Puzzle,Hard
What is 67 + 35?,109,100,105,102,102,Quantitative,Easy
What is the square of 19?,362,361,366,360,361,Quantitative,Hard
"Find the next letter in the series: N, O, P, ?",Q,P,S,R,Q,Logical,Easy
Choose the synonym of 'benefit'.,weak,small,late,advantage,advantage,Verbal,Hard
"If 2 workers finish a task in 6 days, how many worker-days are needed?",17,10,14,12,12,Puzzle,Hard
What is 41 + 86?,127,134,125,130,127,Quantitative,Easy
What is the square of 13?,174,170,169,168,169,Quantitative,Easy
"Find the next letter in the series: T, U, V, ?",W,V,Y,X,W,Logical,Hard
Choose the synonym of 'ancient'.,late,weak,old,small,old,Verbal,Easy
"If 2 workers finish a task in 10 days, how many worker-days are needed?",18,20,22,25,20,Puzzle,Medium
What is 91 + 85?,179,176,183,174,176,Quantitative,Medium
What is the square of 3?,10,8,14,9,9,Quantitative,Medium
"Find the next letter in the series: G, H, I, ?",L,I,J,K,J,Logical,Hard
Choose the synonym of 'bright'.,smart,small,weak,late,smart,Verbal,Easy
"If 7 workers finish a task in 2 days, how many worker-days are needed?",19,14,12,16,14,Puzzle,Hard
What is 44 + 47?,89,94,91,98,91,Quantitative,Easy
What is the square of 15?,230,225,226,224,225,Quantitative,Hard
"Find the next letter in the series: D, E, F, ?",I,G,H,F,G,Logical,Easy
Choose the synonym of 'rapid'.,late,fast,weak,small,fast,Verbal,Medium
"If 3 workers finish a task in 3 days, how many worker-days are needed?",11,7,14,9,9,Puzzle,Medium
What is 97 + 35?,132,139,135,130,132,Quantitative,Hard
What is the square of 15?,230,225,224,226,225,Quantitative,Hard
"Find the next letter in the series: U, V, W, ?",X,Y,W,Z,X,Logical,Easy
Choose the synonym of 'ancient'.,old,weak,late,small,old,Verbal,Medium
"If 2 workers finish a task in 6 days, how many worker-days are needed?",17,14,10,12,12,Puzzle,Medium
What is 79 + 95?,177,181,172,174,174,Quantitative,Easy
What is the square of 14?,197,201,195,196,196,Quantitative,Hard
"Find the next letter in the series: F, G, H, ?",H,J,K,I,I,Logical,Hard
Choose the synonym of 'bright'.,small,smart,weak,late,smart,Verbal,Hard
"If 8 workers finish a task in 9 days, how many worker-days are needed?",72,70,74,77,72,Puzzle,Hard
What is 74 + 69?,150,141,143,146,143,Quantitative,Hard
What is the square of 8?,64,69,63,65,64,Quantitative,Medium
"Find the next letter in the series: S, T, U, ?",X,V,W,U,V,Logical,Hard
Choose the synonym of 'rapid'.,weak,late,small,fast,fast,Verbal,Easy
"If 7 workers finish a task in 5 days, how many worker-days are needed?",35,40,37,33,35,Puzzle,Easy
What is 20 + 51?,71,74,69,78,71,Quantitative,Hard
What is the square of 9?,81,86,80,82,81,Quantitative,Easy
"Find the next letter in the series: E, F, G, ?",J,H,I,G,H,Logical,Easy
Choose the synonym of 'rapid'.,small,fast,late,weak,fast,Verbal,Medium
"If 4 workers finish a task in 9 days, how many worker-days are needed?",41,38,34,36,36,Puzzle,Medium
What is 77 + 44?,124,121,128,119,121,Quantitative,Hard
What is the square of 4?,16,21,17,15,16,Quantitative,Medium
"Find the next letter in the series: N, O, P, ?",R,P,S,Q,Q,Logical,Easy
Choose the synonym of 'benefit'.,small,advantage,weak,late,advantage,Verbal,Medium
"If 4 workers finish a task in 4 days, how many worker-days are needed?",21,16,14,18,16,Puzzle,Easy
What is 49 + 32?,84,81,79,88,81,Quantitative,Easy
What is the square of 5?,26,25,24,30,25,Quantitative,Hard
"Find the next letter in the series: U, V, W, ?",W,Y,Z,X,X,Logical,Medium
Choose the synonym of 'honest'.,truthful,weak,small,late,truthful,Verbal,Hard
"If 10 workers finish a task in 3 days, how many worker-days are needed?",28,30,35,32,30,Puzzle,Hard
What is 45 + 22?,70,74,65,67,67,Quantitative,Easy
What is the square of 9?,80,86,82,81,81,Quantitative,Medium
"Find the next letter in the series: A, B, C, ?",C,F,E,D,D,Logical,Hard
Choose the synonym of 'rapid'.,late,weak,small,fast,fast,Verbal,Medium
"If 6 workers finish a task in 9 days, how many worker-days are needed?",59,52,54,56,54,Puzzle,Hard
What is 17 + 20?,44,35,40,37,37,Quantitative,Easy
What is the square of 15?,225,224,226,230,225,Quantitative,Hard
"Find the next letter in the series: U, V, W, ?",X,Y,W,Z,X,Logical,Hard
Choose the synonym of 'honest'.,truthful,small,late,weak,truthful,Verbal,Medium
"If 5 workers finish a task in 9 days, how many worker-days are needed?",50,45,47,43,45,Puzzle,Hard
What is 57 + 11?,68,75,66,71,68,Quantitative,Hard
What is the square of 19?,360,361,362,366,361,Quantitative,Medium
"Find the next letter in the series: T, U, V, ?",V,X,Y,W,W,Logical,Easy
Choose the synonym of 'bright'.,weak,late,smart,small,smart,Verbal,Hard
"If 3 workers finish a task in 10 days, how many worker-days are needed?",30,32,28,35,30,Puzzle,Easy
What is 87 + 23?,110,113,108,117,110,Quantitative,Easy
What is the square of 3?,8,9,14,10,9,Quantitative,Hard
"Find the next letter in the series: D, E, F, ?",F,G,I,H,G,Logical,Hard
Choose the synonym of 'rapid'.,small,weak,fast,late,fast,Verbal,Medium
"If 6 workers finish a task in 8 days, how many worker-days are needed?",48,46,50,53,48,Puzzle,Medium
What is 13 + 75?,95,91,88,86,88,Quantitative,Hard
What is the square of 15?,224,226,230,225,225,Quantitative,Hard
"Find the next letter in the series: H, I, J, ?",K,L,J,M,K,Logical,Hard
Choose the synonym of 'benefit'.,advantage,weak,small,late,advantage,Verbal,Medium
"If 10 workers finish a task in 5 days, how many worker-days are needed?",48,55,52,50,50,Puzzle,Easy
What is 53 + 42?,102,95,93,98,95,Quantitative,Medium
What is the square of 13?,170,169,174,168,169,Quantitative,Hard
"Find the next letter in the series: I, J, K, ?",N,M,L,K,L,Logical,Hard
Choose the synonym of 'rapid'.,weak,small,fast,late,fast,Verbal,Easy
"If 10 workers finish a task in 3 days, how many worker-days are needed?",28,35,30,32,30,Puzzle,Easy
What is 61 + 97?,158,156,161,165,158,Quantitative,Medium
What is the square of 8?,69,64,65,63,64,Quantitative,Easy
"Find the next letter in the series: G, H, I, ?",J,L,I,K,J,Logical,Medium
Choose the synonym of 'benefit'.,advantage,late,small,weak,advantage,Verbal,Hard
"If 5 workers finish a task in 5 days, how many worker-days are needed?",30,23,25,27,25,Puzzle,Hard
What is 25 + 96?,119,128,124,121,121,Quantitative,Easy
What is the square of 4?,16,15,21,17,16,Quantitative,Hard
"Find the next letter in the series: B, C, D, ?",D,G,F,E,E,Logical,Hard
Choose the synonym of 'ancient'.,small,late,old,weak,old,Verbal,Medium
"If 9 workers finish a task in 7 days, how many worker-days are needed?",63,65,61,68,63,Puzzle,Hard
What is 68 + 24?,99,90,92,95,92,Quantitative,Hard
What is the square of 7?,50,54,48,49,49,Quantitative,Medium
"Find the next letter in the series: R, S, T, ?",W,V,U,T,U,Logical,Easy
Choose the synonym of 'ancient'.,small,late,old,weak,old,Verbal,Easy
"If 9 workers finish a task in 9 days, how many worker-days are needed?",81,86,79,83,81,Puzzle,Medium
What is 10 + 29?,46,37,39,42,39,Quantitative,Easy
What is the square of 7?,48,49,54,50,49,Quantitative,Hard
"Find the next letter in the series: S, T, U, ?",X,V,W,U,V,Logical,Easy
Choose the synonym of 'bright'.,weak,late,small,smart,smart,Verbal,Hard
"If 4 workers finish a task in 7 days, how many worker-days are needed?",33,28,26,30,28,Puzzle,Easy
What is 28 + 80?,111,106,108,115,108,Quantitative,Hard
What is the square of 18?,324,329,325,323,324,Quantitative,Hard
"Find the next letter in the series: M, N, O, ?",Q,O,R,P,P,Logical,Hard
Choose the synonym of 'bright'.,weak,small,late,smart,smart,Verbal,Easy
"If 9 workers finish a task in 5 days, how many worker-days are needed?",50,43,47,45,45,Puzzle,Medium
What is 87 + 77?,164,162,167,171,164,Quantitative,Medium
What is the square of 4?,16,15,17,21,16,Quantitative,Easy
"Find the next letter in the series: C, D, E, ?",F,E,H,G,F,Logical,Medium
Choose the synonym of 'rapid'.,weak,late,fast,small,fast,Verbal,Hard
"If 10 workers finish a task in 3 days, how many worker-days are needed?",28,35,30,32,30,Puzzle,Hard
What is 88 + 92?,178,187,183,180,180,Quantitative,Hard
What is the square of 18?,324,323,329,325,324,Quantitative,Hard
"Find the next letter in the series: G, H, I, ?",K,J,I,L,J,Logical,Medium
Choose the synonym of 'bright'.,late,small,smart,weak,smart,Verbal,Medium
"If 5 workers finish a task in 4 days, how many worker-days are needed?",25,18,22,20,20,Puzzle,Hard
What is 95 + 76?,178,174,171,169,171,Quantitative,Hard
What is the square of 17?,288,294,289,290,289,Quantitative,Easy
"Find the next letter in the series: Q, R, S, ?",U,T,S,V,T,Logical,Hard
Choose the synonym of 'bright'.,late,weak,small,smart,smart,Verbal,Medium
"If 4 workers finish a task in 10 days, how many worker-days are needed?",38,45,42,40,40,Puzzle,Medium
What is 55 + 97?,155,159,152,150,152,Quantitative,Easy
What is the square of 3?,8,10,9,14,9,Quantitative,Hard
"Find the next letter in the series: S, T, U, ?",V,W,U,X,V,Logical,Hard
Choose the synonym of 'honest'.,truthful,weak,late,small,truthful,Verbal,Easy
"If 7 workers finish a task in 8 days, how many worker-days are needed?",58,61,56,54,56,Puzzle,Hard
What is 16 + 98?,121,114,117,112,114,Quantitative,Easy
What is the square of 5?,30,25,26,24,25,Quantitative,Medium
"Find the next letter in the series: Q, R, S, ?",V,U,T,S,T,Logical,Hard
Choose the synonym of 'rapid'.,small,fast,late,weak,fast,Verbal,Hard
"If 5 workers finish a task in 6 days, how many worker-days are needed?",35,30,32,28,30,Puzzle,Medium
What is 28 + 62?,90,93,88,97,90,Quantitative,Easy
What is the square of 18?,329,324,323,325,324,Quantitative,Easy
"Find the next letter in the series: B, C, D, ?",D,G,F,E,E,Logical,Hard
Choose the synonym of 'benefit'.,weak,small,late,advantage,advantage,Verbal,Hard
"If 8 workers finish a task in 3 days, how many worker-days are needed?",26,29,24,22,24,Puzzle,Hard
What is 61 + 68?,127,129,132,136,129,Quantitative,Easy
What is the square of 9?,80,86,81,82,81,Quantitative,Hard
"Find the next letter in the series: D, E, F, ?",H,F,I,G,G,Logical,Medium
Choose the synonym of 'honest'.,late,truthful,small,weak,truthful,Verbal,Medium
"If 8 workers finish a task in 5 days, how many worker-days are needed?",40,42,45,38,40,Puzzle,Hard
What is 92 + 11?,103,101,110,106,103,Quantitative,Hard
What is the square of 17?,294,289,288,290,289,Quantitative,Easy
"Find the next letter in the series: M, N, O, ?",Q,R,P,O,P,Logical,Medium
Choose the synonym of 'honest'.,late,small,weak,truthful,truthful,Verbal,Hard
"If 3 workers finish a task in 2 days, how many worker-days are needed?",6,4,11,8,6,Puzzle,Easy
What is 37 + 88?,128,132,125,123,125,Quantitative,Medium
What is the square of 14?,195,197,201,196,196,Quantitative,Medium
"Find the next letter in the series: F, G, H, ?",J,H,K,I,I,Logical,Hard
Choose the synonym of 'honest'.,small,weak,late,truthful,truthful,Verbal,Easy
"If 4 workers finish a task in 2 days, how many worker-days are needed?",10,8,13,6,8,Puzzle,Medium
What is 21 + 63?,91,82,87,84,84,Quantitative,Medium
What is the square of 4?,16,15,21,17,16,Quantitative,Medium
"Find the next letter in the series: M, N, O, ?",O,R,Q,P,P,Logical,Hard
Choose the synonym of 'honest'.,truthful,late,small,weak,truthful,Verbal,Medium
"If 3 workers finish a task in 8 days, how many worker-days are needed?",24,29,22,26,24,Puzzle,Medium
What is 50 + 97?,150,154,147,145,147,Quantitative,Easy
What is the square of 7?,49,50,54,48,49,Quantitative,Hard
"Find the next letter in the series: U, V, W, ?",Z,Y,W,X,X,Logical,Medium
Choose the synonym of 'bright'.,smart,weak,late,small,smart,Verbal,Easy
"If 7 workers finish a task in 6 days, how many worker-days are needed?",40,44,42,47,42,Puzzle,Easy
What is 91 + 35?,129,126,124,133,126,Quantitative,Easy
What is the square of 17?,288,294,289,290,289,Quantitative,Medium
"Find the next letter in the series: I, J, K, ?",L,M,K,N,L,Logical,Easy
Choose the synonym of 'bright'.,smart,late,weak,small,smart,Verbal,Hard
"If 7 workers finish a task in 6 days, how many worker-days are needed?",47,44,42,40,42,Puzzle,Easy
What is 19 + 34?,51,53,60,56,53,Quantitative,Easy
What is the square of 5?,24,25,30,26,25,Quantitative,Easy
"Find the next letter in the series: C, D, E, ?",H,G,E,F,F,Logical,Medium
Choose the synonym of 'rapid'.,fast,small,late,weak,fast,Verbal,Easy
"If 4 workers finish a task in 10 days, how many worker-days are needed?",40,38,45,42,40,Puzzle,Easy
What is 76 + 74?,150,153,148,157,150,Quantitative,Hard
What is the square of 6?,41,35,36,37,36,Quantitative,Hard
"Find the next letter in the series: O, P, Q, ?",T,Q,S,R,R,Logical,Medium
Choose the synonym of 'bright'.,smart,weak,small,late,smart,Verbal,Hard
"If 6 workers finish a task in 4 days, how many worker-days are needed?",24,26,29,22,24,Puzzle,Medium
What is 81 + 18?,99,97,106,102,99,Quantitative,Easy
What is the square of 12?,144,149,143,145,144,Quantitative,Medium
"Find the next letter in the series: T, U, V, ?",Y,W,X,V,W,Logical,Medium
Choose the synonym of 'bright'.,smart,weak,small,late,smart,Verbal,Easy
"If 10 workers finish a task in 3 days, how many worker-days are needed?",32,30,28,35,30,Puzzle,Hard
What is 47 + 73?,123,127,118,120,120,Quantitative,Medium
What is the square of 3?,8,9,14,10,9,Quantitative,Easy
"Find the next letter in the series: D, E, F, ?",I,H,F,G,G,Logical,Medium
Choose the synonym of 'rapid'.,fast,weak,late,small,fast,Verbal,Hard
"If 8 workers finish a task in 5 days, how many worker-days are needed?",45,42,38,40,40,Puzzle,Hard
What is 60 + 33?,91,93,96,100,93,Quantitative,Easy
What is the square of 8?,65,69,64,63,64,Quantitative,Easy
"Find the next letter in the series: F, G, H, ?",I,K,J,H,I,Logical,Hard
Choose the synonym of 'bright'.,weak,small,smart,late,smart,Verbal,Medium
"If 8 workers finish a task in 7 days, how many worker-days are needed?",56,58,54,61,56,Puzzle,Hard
What is 31 + 41?,70,72,75,79,72,Quantitative,Easy
What is the square of 6?,37,41,35,36,36,Quantitative,Medium
"Find the next letter in the series: N, O, P, ?",R,S,P,Q,Q,Logical,Hard
Choose the synonym of 'benefit'.,small,advantage,late,weak,advantage,Verbal,Hard
"If 9 workers finish a task in 2 days, how many worker-days are needed?",18,20,23,16,18,Puzzle,Hard
What is 57 + 55?,110,119,112,115,112,Quantitative,Hard
What is the square of 10?,100,105,99,101,100,Quantitative,Medium
"Find the next letter in the series: A, B, C, ?",F,E,C,D,D,Logical,Medium
Choose the synonym of 'benefit'.,small,advantage,late,weak,advantage,Verbal,Hard
"If 6 workers finish a task in 8 days, how many worker-days are needed?",50,53,48,46,48,Puzzle,Medium
What is 54 + 82?,139,134,143,136,136,Quantitative,Easy
What is the square of 14?,201,197,196,195,196,Quantitative,Medium
"Find the next letter in the series: B, C, D, ?",F,E,G,D,E,Logical,Medium
Choose the synonym of 'benefit'.,weak,small,advantage,late,advantage,Verbal,Medium
"If 6 workers finish a task in 6 days, how many worker-days are needed?",41,38,34,36,36,Puzzle,Medium
What is 89 + 80?,176,169,172,167,169,Quantitative,Medium
What is the square of 11?,126,120,122,121,121,Quantitative,Medium
"Find the next letter in the series: H, I, J, ?",L,J,M,K,K,Logical,Easy
Choose the synonym of 'honest'.,weak,small,late,truthful,truthful,Verbal,Hard
"If 4 workers finish a task in 4 days, how many worker-days are needed?",16,14,21,18,16,Puzzle,Hard
What is 21 + 96?,120,124,117,115,117,Quantitative,Medium
What is the square of 14?,201,197,195,196,196,Quantitative,Easy
"Find the next letter in the series: K, L, M, ?",N,M,O,P,N,Logical,Hard
Choose the synonym of 'benefit'.,weak,advantage,late,small,advantage,Verbal,Medium
"If 9 workers finish a task in 7 days, how many worker-days are needed?",68,61,65,63,63,Puzzle,Easy
What is 72 + 31?,106,110,103,101,103,Quantitative,Easy
What is the square of 14?,201,196,195,197,196,Quantitative,Hard
"Find the next letter in the series: I, J, K, ?",N,L,M,K,L,Logical,Medium
Choose the synonym of 'rapid'.,fast,late,small,weak,fast,Verbal,Hard
"If 6 workers finish a task in 3 days, how many worker-days are needed?",16,18,23,20,18,Puzzle,Hard
What is 85 + 97?,189,180,182,185,182,Quantitative,Medium
What is the square of 19?,362,366,361,360,361,Quantitative,Easy
"Find the next letter in the series: T, U, V, ?",X,V,W,Y,W,Logical,Medium
Choose the synonym of 'ancient'.,weak,small,late,old,old,Verbal,Easy
"If 7 workers finish a task in 7 days, how many worker-days are needed?",54,49,47,51,49,Puzzle,Hard
What is 44 + 64?,115,108,106,111,108,Quantitative,Hard
What is the square of 13?,169,174,168,170,169,Quantitative,Easy
"Find the next letter in the series: B, C, D, ?",D,G,E,F,E,Logical,Medium
Choose the synonym of 'ancient'.,late,weak,small,old,old,Verbal,Easy
"If 3 workers finish a task in 2 days, how many worker-days are needed?",4,6,11,8,6,Puzzle,Hard
What is 12 + 84?,96,103,99,94,96,Quantitative,Hard
What is the square of 14?,201,197,195,196,196,Quantitative,Hard
"Find the next letter in the series: I, J, K, ?",K,M,N,L,L,Logical,Hard
Choose the synonym of 'ancient'.,late,old,small,weak,old,Verbal,Easy
"If 2 workers finish a task in 7 days, how many worker-days are needed?",12,14,16,19,14,Puzzle,Hard
What is 77 + 72?,147,152,149,156,149,Quantitative,Easy
What is the square of 18?,325,324,323,329,324,Quantitative,Easy
"Find the next letter in the series: H, I, J, ?",L,M,J,K,K,Logical,Medium
Choose the synonym of 'ancient'.,weak,late,old,small,old,Verbal,Medium
"If 9 workers finish a task in 10 days, how many worker-days are needed?",88,95,92,90,90,Puzzle,Hard
What is 77 + 57?,137,134,141,132,134,Quantitative,Medium
What is the square of 17?,294,288,290,289,289,Quantitative,Medium
"Find the next letter in the series: O, P, Q, ?",R,S,Q,T,R,Logical,Medium
Choose the synonym of 'benefit'.,advantage,small,weak,late,advantage,Verbal,Hard
"If 4 workers finish a task in 3 days, how many worker-days are needed?",17,10,14,12,12,Puzzle,Hard
What is 22 + 49?,71,78,69,74,71,Quantitative,Easy
What is the square of 15?,224,230,226,225,225,Quantitative,Medium
"Find the next letter in the series: S, T, U, ?",U,W,V,X,V,Logical,Easy
Choose the synonym of 'benefit'.,advantage,late,weak,small,advantage,Verbal,Easy
"If 5 workers finish a task in 5 days, how many worker-days are needed?",23,27,30,25,25,Puzzle,Hard
What is 28 + 55?,86,81,90,83,83,Quantitative,Hard
What is the square of 14?,196,201,197,195,196,Quantitative,Hard
"Find the next letter in the series: A, B, C, ?",F,D,E,C,D,Logical,Easy
Choose the synonym of 'benefit'.,weak,late,advantage,small,advantage,Verbal,Hard
"If 6 workers finish a task in 3 days, how many worker-days are needed?",20,18,16,23,18,Puzzle,Easy
What is 52 + 54?,113,106,109,104,106,Quantitative,Medium
What is the square of 16?,255,257,261,256,256,Quantitative,Medium
"Find the next letter in the series: M, N, O, ?",R,Q,P,O,P,Logical,Easy
Choose the synonym of 'benefit'.,small,advantage,late,weak,advantage,Verbal,Medium
"If 4 workers finish a task in 8 days, how many worker-days are needed?",34,37,30,32,32,Puzzle,Easy
What is 33 + 55?,95,91,86,88,88,Quantitative,Easy
What is the square of 13?,174,170,168,169,169,Quantitative,Easy
"Find the next letter in the series: T, U, V, ?",Y,V,X,W,W,Logical,Medium
Choose the synonym of 'ancient'.,late,weak,old,small,old,Verbal,Easy
"If 8 workers finish a task in 6 days, how many worker-days are needed?",48,50,46,53,48,Puzzle,Medium
What is 67 + 77?,144,142,151,147,144,Quantitative,Medium
What is the square of 6?,36,35,37,41,36,Quantitative,Easy
"Find the next letter in the series: K, L, M, ?",O,M,P,N,N,Logical,Hard
Choose the synonym of 'benefit'.,small,late,advantage,weak,advantage,Verbal,Easy
"If 5 workers finish a task in 6 days, how many worker-days are needed?",32,28,35,30,30,Puzzle,Hard
What is 39 + 88?,130,127,134,125,127,Quantitative,Easy
What is the square of 18?,323,329,324,325,324,Quantitative,Medium
"Find the next letter in the series: T, U, V, ?",V,W,Y,X,W,Logical,Medium
Choose the synonym of 'honest'.,weak,small,late,truthful,truthful,Verbal,Hard
"If 5 workers finish a task in 7 days, how many worker-days are needed?",40,35,33,37,35,Puzzle,Easy
What is 92 + 11?,103,101,106,110,103,Quantitative,Medium
What is the square of 14?,197,196,195,201,196,Quantitative,Medium
"Find the next letter in the series: M, N, O, ?",O,Q,P,R,P,Logical,Easy
Choose the synonym of 'bright'.,weak,smart,small,late,smart,Verbal,Medium
"If 6 workers finish a task in 8 days, how many worker-days are needed?",53,50,48,46,48,Puzzle,Hard
What is 89 + 43?,135,139,132,130,132,Quantitative,Easy
What is the square of 11?,122,120,126,121,121,Quantitative,Easy
"Find the next letter in the series: S, T, U, ?",X,V,U,W,V,Logical,Hard
Choose the synonym of 'rapid'.,fast,late,weak,small,fast,Verbal,Medium
"If 6 workers finish a task in 7 days, how many worker-days are needed?",42,44,47,40,42,Puzzle,Easy
What is 50 + 66?,116,123,114,119,116,Quantitative,Easy
What is the square of 17?,288,294,290,289,289,Quantitative,Medium
"Find the next letter in the series: I, J, K, ?",L,M,K,N,L,Logical,Easy
Choose the synonym of 'honest'.,truthful,weak,late,small,truthful,Verbal,Hard
"If 7 workers finish a task in 9 days, how many worker-days are needed?",63,68,61,65,63,Puzzle,Easy
What is 74 + 47?,121,124,128,119,121,Quantitative,Medium
What is the square of 13?,170,168,174,169,169,Quantitative,Medium
"Find the next letter in the series: H, I, J, ?",M,J,K,L,K,Logical,Easy
Choose the synonym of 'honest'.,small,late,truthful,weak,truthful,Verbal,Hard
"If 5 workers finish a task in 9 days, how many worker-days are needed?",45,43,47,50,45,Puzzle,Hard
What is 11 + 13?,27,22,31,24,24,Quantitative,Easy
What is the square of 19?,366,360,362,361,361,Quantitative,Hard
"Find the next letter in the series: E, F, G, ?",G,H,I,J,H,Logical,Medium
Choose the synonym of 'bright'.,smart,weak,late,small,smart,Verbal,Hard
"If 8 workers finish a task in 7 days, how many worker-days are needed?",58,56,54,61,56,Puzzle,Easy
What is 63 + 28?,98,94,89,91,91,Quantitative,Hard
What is the square of 11?,121,126,122,120,121,Quantitative,Hard
"Find the next letter in the series: A, B, C, ?",C,D,E,F,D,Logical,Hard
Choose the synonym of 'rapid'.,small,weak,fast,late,fast,Verbal,Hard
"If 4 workers finish a task in 10 days, how many worker-days are needed?",40,42,45,38,40,Puzzle,Easy
What is 88 + 77?,168,165,163,172,165,Quantitative,Medium
What is the square of 8?,69,64,63,65,64,Quantitative,Medium
"Find the next letter in the series: R, S, T, ?",T,U,V,W,U,Logical,Easy
Choose the synonym of 'ancient'.,weak,late,small,old,old,Verbal,Easy
"If 2 workers finish a task in 6 days, how many worker-days are needed?",17,10,12,14,12,Puzzle,Hard
What is 93 + 30?,121,123,130,126,123,Quantitative,Hard
What is the square of 12?,144,149,143,145,144,Quantitative,Medium
"Find the next letter in the series: A, B, C, ?",F,E,C,D,D,Logical,Easy
Choose the synonym of 'bright'.,small,smart,late,weak,smart,Verbal,Medium
"If 8 workers finish a task in 2 days, how many worker-days are needed?",16,18,21,14,16,Puzzle,Medium
What is 80 + 66?,149,153,144,146,146,Quantitative,Hard
What is the square of 15?,224,225,230,226,225,Quantitative,Medium
"Find the next letter in the series: U, V, W, ?",Z,X,Y,W,X,Logical,Hard
Choose the synonym of 'ancient'.,old,weak,late,small,old,Verbal,Hard
"If 8 workers finish a task in 2 days, how many worker-days are needed?",16,21,18,14,16,Puzzle,Medium
What is 64 + 12?,74,79,83,76,76,Quantitative,Hard
What is the square of 16?,257,255,256,261,256,Quantitative,Hard
"Find the next letter in the series: Q, R, S, ?",V,S,T,U,T,Logical,Medium
Choose the synonym of 'bright'.,small,late,weak,smart,smart,Verbal,Easy
"If 5 workers finish a task in 3 days, how many worker-days are needed?",17,20,13,15,15,Puzzle,Hard
What is 14 + 20?,34,32,37,41,34,Quantitative,Medium
What is the square of 19?,361,362,360,366,361,Quantitative,Medium
"Find the next letter in the series: R, S, T, ?",W,T,V,U,U,Logical,Easy
Choose the synonym of 'bright'.,weak,late,smart,small,smart,Verbal,Easy
"If 10 workers finish a task in 2 days, how many worker-days are needed?",20,18,25,22,20,Puzzle,Medium
What is 31 + 13?,42,51,47,44,44,Quantitative,Hard
What is the square of 15?,224,226,225,230,225,Quantitative,Hard
"Find the next letter in the series: G, H, I, ?",L,I,K,J,J,Logical,Medium
Choose the synonym of 'ancient'.,old,late,small,weak,old,Verbal,Medium
"If 9 workers finish a task in 10 days, how many worker-days are needed?",95,92,90,88,90,Puzzle,Hard
What is 87 + 83?,177,173,170,168,170,Quantitative,Hard
What is the square of 13?,168,170,174,169,169,Quantitative,Medium
"Find the next letter in the series: H, I, J, ?",L,J,M,K,K,Logical,Easy
Choose the synonym of 'benefit'.,advantage,late,weak,small,advantage,Verbal,Medium
"If 7 workers finish a task in 10 days, how many worker-days are needed?",70,75,68,72,70,Puzzle,Hard
What is 48 + 62?,113,108,110,117,110,Quantitative,Hard
What is the square of 7?,54,49,50,48,49,Quantitative,Medium
"Find the next letter in the series: L, M, N, ?",P,Q,O,N,O,Logical,Hard
Choose the synonym of 'benefit'.,advantage,small,late,weak,advantage,Verbal,Hard
"If 8 workers finish a task in 9 days, how many worker-days are needed?",74,72,77,70,72,Puzzle,Medium
What is 40 + 14?,54,61,52,57,54,Quantitative,Medium
What is the square of 19?,362,360,366,361,361,Quantitative,Easy
"Find the next letter in the series: F, G, H, ?",K,I,J,H,I,Logical,Medium
Choose the synonym of 'bright'.,late,weak,small,smart,smart,Verbal,Easy
"If 4 workers finish a task in 8 days, how many worker-days are needed?",32,34,30,37,32,Puzzle,Hard
What is 85 + 12?,97,104,95,100,97,Quantitative,Hard
What is the square of 16?,256,257,261,255,256,Quantitative,Easy
"Find the next letter in the series: D, E, F, ?",I,H,G,F,G,Logical,Easy
Choose the synonym of 'rapid'.,late,weak,small,fast,fast,Verbal,Easy
"If 4 workers finish a task in 7 days, how many worker-days are needed?",26,28,33,30,28,Puzzle,Medium
What is 55 + 77?,132,130,139,135,132,Quantitative,Hard
What is the square of 19?,362,360,366,361,361,Quantitative,Easy
"Find the next letter in the series: Q, R, S, ?",T,V,S,U,T,Logical,Easy
Choose the synonym of 'bright'.,small,smart,weak,late,smart,Verbal,Easy
"If 7 workers finish a task in 6 days, how many worker-days are needed?",47,40,42,44,42,Puzzle,Hard
What is 78 + 35?,113,116,111,120,113,Quantitative,Hard
What is the square of 15?,225,230,224,226,225,Quantitative,Medium
"Find the next letter in the series: C, D, E, ?",H,E,G,F,F,Logical,Medium
Choose the synonym of 'ancient'.,weak,late,old,small,old,Verbal,Easy
"If 8 workers finish a task in 6 days, how many worker-days are needed?",48,46,53,50,48,Puzzle,Easy
What is 74 + 71?,152,143,145,148,145,Quantitative,Hard
What is the square of 16?,261,255,257,256,256,Quantitative,Medium
"Find the next letter in the series: Q, R, S, ?",V,U,T,S,T,Logical,Easy
Choose the synonym of 'ancient'.,weak,small,old,late,old,Verbal,Easy
"If 10 workers finish a task in 9 days, how many worker-days are needed?",90,88,92,95,90,Puzzle,Hard
What is 17 + 50?,65,67,70,74,67,Quantitative,Medium
What is the square of 8?,69,63,64,65,64,Quantitative,Easy
"Find the next letter in the series: E, F, G, ?",J,G,H,I,H,Logical,Medium
Choose the synonym of 'honest'.,weak,small,truthful,late,truthful,Verbal,Easy
"If 3 workers finish a task in 3 days, how many worker-days are needed?",7,9,14,11,9,Puzzle,Hard
What is 92 + 82?,177,172,181,174,174,Quantitative,Hard
What is the square of 10?,99,101,100,105,100,Quantitative,Medium
"Find the next letter in the series: S, T, U, ?",U,W,X,V,V,Logical,Easy
Choose the synonym of 'bright'.,small,smart,weak,late,smart,Verbal,Easy
"If 3 workers finish a task in 3 days, how many worker-days are needed?",14,7,11,9,9,Puzzle,Medium
What is 27 + 70?,95,97,104,100,97,Quantitative,Hard
What is the square of 8?,63,69,65,64,64,Quantitative,Easy
"Find the next letter in the series: U, V, W, ?",Z,X,Y,W,X,Logical,Medium
Choose the synonym of 'rapid'.,late,fast,weak,small,fast,Verbal,Easy
"If 9 workers finish a task in 5 days, how many worker-days are needed?",50,43,47,45,45,Puzzle,Easy
What is 30 + 18?,48,55,51,46,48,Quantitative,Medium
What is the square of 9?,81,80,86,82,81,Quantitative,Easy
"Find the next letter in the series: T, U, V, ?",V,W,X,Y,W,Logical,Medium
Choose the synonym of 'ancient'.,late,old,small,weak,old,Verbal,Hard
"If 10 workers finish a task in 3 days, how many worker-days are needed?",30,35,32,28,30,Puzzle,Medium
What is 38 + 10?,51,55,46,48,48,Quantitative,Easy
What is the square of 6?,37,41,35,36,36,Quantitative,Easy
"Find the next letter in the series: K, L, M, ?",P,O,M,N,N,Logical,Medium
Choose the synonym of 'bright'.,late,smart,weak,small,smart,Verbal,Medium
"If 3 workers finish a task in 7 days, how many worker-days are needed?",21,23,19,26,21,Puzzle,Hard
What is 32 + 45?,77,84,75,80,77,Quantitative,Easy
What is the square of 12?,143,144,145,149,144,Quantitative,Medium
"Find the next letter in the series: K, L, M, ?",M,P,O,N,N,Logical,Hard
Choose the synonym of 'rapid'.,late,weak,small,fast,fast,Verbal,Easy
"If 5 workers finish a task in 9 days, how many worker-days are needed?",50,45,43,47,45,Puzzle,Easy
What is 76 + 14?,97,90,93,88,90,Quantitative,Medium
What is the square of 13?,174,169,168,170,169,Quantitative,Medium
"Find the next letter in the series: R, S, T, ?",T,U,V,W,U,Logical,Medium
Choose the synonym of 'honest'.,small,truthful,late,weak,truthful,Verbal,Easy
"If 5 workers finish a task in 6 days, how many worker-days are needed?",30,28,35,32,30,Puzzle,Easy
What is 49 + 73?,122,125,120,129,122,Quantitative,Medium
What is the square of 18?,324,325,323,329,324,Quantitative,Easy
"Find the next letter in the series: O, P, Q, ?",R,S,T,Q,R,Logical,Hard
Choose the synonym of 'honest'.,small,late,weak,truthful,truthful,Verbal,Easy
"If 9 workers finish a task in 6 days, how many worker-days are needed?",56,54,59,52,54,Puzzle,Medium
What is 10 + 83?,93,100,91,96,93,Quantitative,Hard
What is the square of 6?,37,41,35,36,36,Quantitative,Medium
"Find the next letter in the series: E, F, G, ?",J,G,I,H,H,Logical,Hard
Choose the synonym of 'benefit'.,late,weak,advantage,small,advantage,Verbal,Easy
"If 3 workers finish a task in 8 days, how many worker-days are needed?",26,29,24,22,24,Puzzle,Medium
What is 88 + 73?,164,161,159,168,161,Quantitative,Easy
What is the square of 7?,49,48,54,50,49,Quantitative,Easy
"Find the next letter in the series: C, D, E, ?",F,H,G,E,F,Logical,Hard
Choose the synonym of 'benefit'.,advantage,late,small,weak,advantage,Verbal,Easy
"If 10 workers finish a task in 5 days, how many worker-days are needed?",48,55,52,50,50,Puzzle,Medium
What is 62 + 84?,146,149,153,144,146,Quantitative,Medium
What is the square of 11?,120,126,122,121,121,Quantitative,Easy
"Find the next letter in the series: N, O, P, ?",R,Q,P,S,Q,Logical,Medium
Choose the synonym of 'benefit'.,weak,advantage,late,small,advantage,Verbal,Easy
"If 8 workers finish a task in 2 days, how many worker-days are needed?",14,16,21,18,16,Puzzle,Medium
What is 40 + 67?,110,114,107,105,107,Quantitative,Easy
What is the square of 15?,225,224,226,230,225,Quantitative,Hard
"Find the next letter in the series: R, S, T, ?",U,T,W,V,U,Logical,Medium
Choose the synonym of 'benefit'.,weak,small,late,advantage,advantage,Verbal,Easy
"If 4 workers finish a task in 9 days, how many worker-days are needed?",41,38,34,36,36,Puzzle,Medium
What is 67 + 88?,158,162,155,153,155,Quantitative,Hard
What is the square of 11?,122,121,126,120,121,Quantitative,Medium
"Find the next letter in the series: I, J, K, ?",L,K,M,N,L,Logical,Easy
Choose the synonym of 'benefit'.,late,weak,advantage,small,advantage,Verbal,Medium
"If 5 workers finish a task in 7 days, how many worker-days are needed?",40,33,35,37,35,Puzzle,Hard
What is 54 + 53?,114,107,110,105,107,Quantitative,Medium
What is the square of 14?,196,201,195,197,196,Quantitative,Easy
"Find the next letter in the series: O, P, Q, ?",T,Q,S,R,R,Logical,Hard
Choose the synonym of 'ancient'.,small,weak,old,late,old,Verbal,Easy
"If 5 workers finish a task in 4 days, how many worker-days are needed?",25,22,20,18,20,Puzzle,Easy
What is 62 + 81?,150,143,146,141,143,Quantitative,Easy
What is the square of 4?,21,17,15,16,16,Quantitative,Easy
"Find the next letter in the series: D, E, F, ?",I,G,H,F,G,Logical,Medium
Choose the synonym of 'rapid'.,late,fast,small,weak,fast,Verbal,Medium
"If 4 workers finish a task in 10 days, how many worker-days are needed?",45,38,40,42,40,Puzzle,Medium
What is 78 + 99?,180,177,175,184,177,Quantitative,Easy
What is the square of 9?,82,80,86,81,81,Quantitative,Hard
"Find the next letter in the series: N, O, P, ?",P,S,R,Q,Q,Logical,Medium
Choose the synonym of 'benefit'.,small,late,weak,advantage,advantage,Verbal,Medium
"If 8 workers finish a task in 3 days, how many worker-days are needed?",26,22,24,29,24,Puzzle,Medium
What is 62 + 43?,105,112,108,103,105,Quantitative,Easy
What is the square of 17?,294,290,288,289,289,Quantitative,Hard
"Find the next letter in the series: P, Q, R, ?",T,U,R,S,S,Logical,Medium
Choose the synonym of 'rapid'.,fast,small,weak,late,fast,Verbal,Easy
"If 3 workers finish a task in 2 days, how many worker-days are needed?",6,8,11,4,6,Puzzle,Easy
What is 61 + 13?,77,74,81,72,74,Quantitative,Easy
What is the square of 15?,226,225,224,230,225,Quantitative,Easy
"Find the next letter in the series: O, P, Q, ?",Q,R,S,T,R,Logical,Easy
Choose the synonym of 'bright'.,smart,late,weak,small,smart,Verbal,Hard
"If 4 workers finish a task in 9 days, how many worker-days are needed?",38,41,36,34,36,Puzzle,Hard
What is 47 + 50?,97,95,100,104,97,Quantitative,Easy
What is the square of 11?,122,126,120,121,121,Quantitative,Hard
"Find the next letter in the series: M, N, O, ?",O,P,R,Q,P,Logical,Medium
Choose the synonym of 'rapid'.,late,fast,weak,small,fast,Verbal,Hard
"If 2 workers finish a task in 10 days, how many worker-days are needed?",20,25,18,22,20,Puzzle,Medium
What is 70 + 59?,136,132,127,129,129,Quantitative,Hard
What is the square of 5?,25,26,24,30,25,Quantitative,Medium
"Find the next letter in the series: L, M, N, ?",N,O,Q,P,O,Logical,Medium
Choose the synonym of 'ancient'.,small,old,weak,late,old,Verbal,Medium
"If 5 workers finish a task in 10 days, how many worker-days are needed?",52,48,50,55,50,Puzzle,Medium
What is 14 + 49?,66,63,61,70,63,Quantitative,Hard
What is the square of 5?,25,24,30,26,25,Quantitative,Easy
"Find the next letter in the series: I, J, K, ?",N,K,M,L,L,Logical,Easy
Choose the synonym of 'honest'.,weak,late,small,truthful,truthful,Verbal,Hard
"If 7 workers finish a task in 10 days, how many worker-days are needed?",75,68,72,70,70,Puzzle,Medium
What is 77 + 20?,95,104,97,100,97,Quantitative,Easy
What is the square of 19?,361,362,366,360,361,Quantitative,Easy
"Find the next letter in the series: R, S, T, ?",V,U,T,W,U,Logical,Medium
Choose the synonym of 'benefit'.,weak,advantage,small,late,advantage,Verbal,Medium
"If 8 workers finish a task in 7 days, how many worker-days are needed?",58,61,54,56,56,Puzzle,Easy
What is 38 + 55?,96,91,93,100,93,Quantitative,Medium
What is the square of 5?,26,25,30,24,25,Quantitative,Easy
"Find the next letter in the series: C, D, E, ?",E,F,H,G,F,Logical,Medium
Choose the synonym of 'bright'.,small,smart,late,weak,smart,Verbal,Hard
"If 10 workers finish a task in 3 days, how many worker-days are needed?",35,32,30,28,30,Puzzle,Easy
What is 92 + 46?,145,138,141,136,138,Quantitative,Hard
What is the square of 14?,196,195,201,197,196,Quantitative,Medium
"Find the next letter in the series: N, O, P, ?",P,Q,S,R,Q,Logical,Medium
Choose the synonym of 'honest'.,late,small,weak,truthful,truthful,Verbal,Easy
"If 9 workers finish a task in 3 days, how many worker-days are needed?",32,27,29,25,27,Puzzle,Medium
What is 55 + 48?,101,110,103,106,103,Quantitative,Medium
What is the square of 13?,169,170,168,174,169,Quantitative,Medium
"Find the next letter in the series: I, J, K, ?",K,L,M,N,L,Logical,Hard
Choose the synonym of 'benefit'.,small,weak,advantage,late,advantage,Verbal,Medium
"If 4 workers finish a task in 9 days, how many worker-days are needed?",36,38,41,34,36,Puzzle,Medium
What is 65 + 96?,168,159,164,161,161,Quantitative,Easy
What is the square of 8?,63,64,69,65,64,Quantitative,Hard
"Find the next letter in the series: E, F, G, ?",H,G,J,I,H,Logical,Medium
Choose the synonym of 'ancient'.,weak,small,late,old,old,Verbal,Easy
"If 3 workers finish a task in 3 days, how many worker-days are needed?",11,9,14,7,9,Puzzle,Hard
What is 87 + 76?,166,163,170,161,163,Quantitative,Hard
What is the square of 7?,48,50,54,49,49,Quantitative,Medium
"Find the next letter in the series: J, K, L, ?",M,N,O,L,M,Logical,Medium
Choose the synonym of 'rapid'.,weak,late,small,fast,fast,Verbal,Hard
"If 9 workers finish a task in 9 days, how many worker-days are needed?",83,79,81,86,81,Puzzle,Hard
What is 23 + 57?,83,78,80,87,80,Quantitative,Hard
What is the square of 17?,288,294,290,289,289,Quantitative,Medium
"Find the next letter in the series: D, E, F, ?",F,H,I,G,G,Logical,Easy
Choose the synonym of 'bright'.,weak,late,small,smart,smart,Verbal,Easy
"If 6 workers finish a task in 6 days, how many worker-days are needed?",41,34,38,36,36,Puzzle,Easy
What is 86 + 66?,150,152,155,159,152,Quantitative,Hard
What is the square of 10?,105,99,101,100,100,Quantitative,Medium
"Find the next letter in the series: G, H, I, ?",K,J,I,L,J,Logical,Hard
Choose the synonym of 'benefit'.,late,weak,advantage,small,advantage,Verbal,Easy
"If 8 workers finish a task in 8 days, how many worker-days are needed?",69,62,64,66,64,Puzzle,Medium
What is 58 + 87?,143,148,145,152,145,Quantitative,Easy
What is the square of 11?,120,121,122,126,121,Quantitative,Medium
"Find the next letter in the series: S, T, U, ?",U,X,W,V,V,Logical,Easy
Choose the synonym of 'ancient'.,late,small,old,weak,old,Verbal,Easy
"If 2 workers finish a task in 7 days, how many worker-days are needed?",12,16,14,19,14,Puzzle,Easy
What is 98 + 85?,181,183,186,190,183,Quantitative,Easy
What is the square of 13?,174,169,170,168,169,Quantitative,Medium
"Find the next letter in the series: U, V, W, ?",Z,Y,X,W,X,Logical,Easy
Choose the synonym of 'honest'.,weak,late,small,truthful,truthful,Verbal,Medium
"If 4 workers finish a task in 4 days, how many worker-days are needed?",14,16,21,18,16,Puzzle,Medium
What is 94 + 38?,132,130,135,139,132,Quantitative,Medium
What is the square of 9?,82,81,86,80,81,Quantitative,Hard
"Find the next letter in the series: U, V, W, ?",Z,Y,X,W,X,Logical,Medium
Choose the synonym of 'rapid'.,fast,weak,late,small,fast,Verbal,Hard
"If 5 workers finish a task in 6 days, how many worker-days are needed?",30,28,32,35,30,Puzzle,Medium
What is 47 + 11?,56,58,65,61,58,Quantitative,Medium
What is the square of 6?,35,37,36,41,36,Quantitative,Hard
"Find the next letter in the series: B, C, D, ?",D,E,F,G,E,Logical,Easy
Choose the synonym of 'ancient'.,late,small,weak,old,old,Verbal,Hard
"If 5 workers finish a task in 8 days, how many worker-days are needed?",40,42,38,45,40,Puzzle,Hard
What is 58 + 40?,101,96,98,105,98,Quantitative,Medium
What is the square of 5?,26,30,24,25,25,Quantitative,Hard
"Find the next letter in the series: O, P, Q, ?",S,T,Q,R,R,Logical,Easy
Choose the synonym of 'ancient'.,weak,late,old,small,old,Verbal,Hard
"If 4 workers finish a task in 4 days, how many worker-days are needed?",16,21,14,18,16,Puzzle,Medium
What is 62 + 16?,85,78,81,76,78,Quantitative,Medium
What is the square of 20?,405,401,399,400,400,Quantitative,Easy
"Find the next letter in the series: F, G, H, ?",J,K,I,H,I,Logical,Easy
Choose the synonym of 'bright'.,small,smart,weak,late,smart,Verbal,Easy
"If 7 workers finish a task in 8 days, how many worker-days are needed?",58,56,54,61,56,Puzzle,Hard
What is 70 + 52?,129,125,120,122,122,Quantitative,Hard
What is the square of 9?,80,82,81,86,81,Quantitative,Hard
"Find the next letter in the series: E, F, G, ?",G,I,J,H,H,Logical,Hard
Choose the synonym of 'bright'.,late,small,smart,weak,smart,Verbal,Easy
"If 2 workers finish a task in 5 days, how many worker-days are needed?",10,15,8,12,10,Puzzle,Easy
What is 15 + 46?,64,68,61,59,61,Quantitative,Easy
What is the square of 15?,225,226,230,224,225,Quantitative,Medium
"Find the next letter in the series: J, K, L, ?",L,N,M,O,M,Logical,Medium
Choose the synonym of 'honest'.,truthful,small,weak,late,truthful,Verbal,Hard
"If 8 workers finish a task in 5 days, how many worker-days are needed?",38,45,40,42,40,Puzzle,Easy
What is 53 + 92?,148,152,143,145,145,Quantitative,Easy
What is the square of 3?,8,14,9,10,9,Quantitative,Medium
"Find the next letter in the series: N, O, P, ?",P,S,Q,R,Q,Logical,Easy
Choose the synonym of 'ancient'.,late,small,old,weak,old,Verbal,Easy
"If 7 workers finish a task in 2 days, how many worker-days are needed?",16,12,14,19,14,Puzzle,Medium
What is 22 + 21?,50,43,41,46,43,Quantitative,Medium
What is the square of 5?,24,26,25,30,25,Quantitative,Hard
"Find the next letter in the series: L, M, N, ?",N,P,Q,O,O,Logical,Hard
Choose the synonym of 'benefit'.,small,late,weak,advantage,advantage,Verbal,Hard
"If 10 workers finish a task in 4 days, how many worker-days are needed?",45,42,38,40,40,Puzzle,Hard
What is 89 + 95?,191,182,187,184,184,Quantitative,Hard
What is the square of 8?,63,65,64,69,64,Quantitative,Easy
"Find the next letter in the series: R, S, T, ?",U,V,T,W,U,Logical,Hard
Choose the synonym of 'benefit'.,weak,late,advantage,small,advantage,Verbal,Hard
"If 7 workers finish a task in 5 days, how many worker-days are needed?",37,40,35,33,35,Puzzle,Medium
What is 12 + 44?,59,56,54,63,56,Quantitative,Hard
What is the square of 17?,288,290,294,289,289,Quantitative,Easy
"Find the next letter in the series: G, H, I, ?",L,J,K,I,J,Logical,Medium
Choose the synonym of 'bright'.,smart,late,small,weak,smart,Verbal,Hard
"If 6 workers finish a task in 8 days, how many worker-days are needed?",48,50,46,53,48,Puzzle,Easy
What is 64 + 42?,109,113,106,104,106,Quantitative,Medium
What is the square of 13?,170,174,168,169,169,Quantitative,Hard
"Find the next letter in the series: M, N, O, ?",O,R,Q,P,P,Logical,Easy
Choose the synonym of 'honest'.,weak,small,truthful,late,truthful,Verbal,Hard
"If 4 workers finish a task in 4 days, how many worker-days are needed?",21,16,14,18,16,Puzzle,Medium
What is 27 + 10?,40,35,37,44,37,Quantitative,Medium
What is the square of 10?,99,105,100,101,100,Quantitative,Medium
"Find the next letter in the series: M, N, O, ?",O,P,Q,R,P,Logical,Easy
Choose the synonym of 'rapid'.,small,weak,fast,late,fast,Verbal,Hard
"If 2 workers finish a task in 4 days, how many worker-days are needed?",13,8,6,10,8,Puzzle,Hard
What is 86 + 43?,136,129,127,132,129,Quantitative,Easy
What is the square of 6?,36,41,35,37,36,Quantitative,Easy
"Find the next letter in the series: P, Q, R, ?",T,U,R,S,S,Logical,Easy
Choose the synonym of 'bright'.,weak,late,smart,small,smart,Verbal,Hard
"If 5 workers finish a task in 9 days, how many worker-days are needed?",45,47,50,43,45,Puzzle,Medium
What is 90 + 24?,114,112,117,121,114,Quantitative,Easy
What is the square of 9?,81,80,86,82,81,Quantitative,Hard
"Find the next letter in the series: D, E, F, ?",H,F,G,I,G,Logical,Hard
Choose the synonym of 'benefit'.,late,advantage,weak,small,advantage,Verbal,Hard
"If 5 workers finish a task in 7 days, how many worker-days are needed?",37,35,40,33,35,Puzzle,Medium
What is 75 + 66?,139,148,144,141,141,Quantitative,Easy
What is the square of 6?,36,35,37,41,36,Quantitative,Easy
"Find the next letter in the series: Q, R, S, ?",U,S,T,V,T,Logical,Hard
Choose the synonym of 'benefit'.,weak,small,advantage,late,advantage,Verbal,Hard
"If 5 workers finish a task in 8 days, how many worker-days are needed?",42,38,45,40,40,Puzzle,Hard
What is 29 + 44?,73,71,80,76,73,Quantitative,Easy
What is the square of 8?,65,63,69,64,64,Quantitative,Hard
"Find the next letter in the series: U, V, W, ?",Y,Z,W,X,X,Logical,Medium
Choose the synonym of 'rapid'.,late,weak,fast,small,fast,Verbal,Medium
"If 10 workers finish a task in 4 days, how many worker-days are needed?",45,40,42,38,40,Puzzle,Medium
What is 95 + 31?,124,133,126,129,126,Quantitative,Medium
What is the square of 19?,360,362,361,366,361,Quantitative,Hard
"Find the next letter in the series: A, B, C, ?",F,D,C,E,D,Logical,Medium
Choose the synonym of 'ancient'.,old,small,late,weak,old,Verbal,Easy
"If 4 workers finish a task in 8 days, how many worker-days are needed?",30,37,32,34,32,Puzzle,Easy
What is 33 + 57?,93,97,90,88,90,Quantitative,Medium
What is the square of 8?,63,65,64,69,64,Quantitative,Hard
"Find the next letter in the series: S, T, U, ?",V,X,W,U,V,Logical,Easy
Choose the synonym of 'ancient'.,small,old,weak,late,old,Verbal,Medium
"If 7 workers finish a task in 10 days, how many worker-days are needed?",70,72,75,68,70,Puzzle,Hard
What is 15 + 69?,91,82,84,87,84,Quantitative,Hard
What is the square of 6?,36,37,35,41,36,Quantitative,Hard
"Find the next letter in the series: D, E, F, ?",I,H,G,F,G,Logical,Easy
Choose the synonym of 'ancient'.,weak,old,small,late,old,Verbal,Medium
"If 6 workers finish a task in 7 days, how many worker-days are needed?",40,47,44,42,42,Puzzle,Hard
What is 91 + 62?,160,153,151,156,153,Quantitative,Easy
What is the square of 12?,149,145,143,144,144,Quantitative,Easy
"Find the next letter in the series: B, C, D, ?",E,F,D,G,E,Logical,Medium
Choose the synonym of 'honest'.,late,truthful,weak,small,truthful,Verbal,Medium
"If 7 workers finish a task in 4 days, how many worker-days are needed?",33,28,30,26,28,Puzzle,Easy
What is 28 + 86?,117,121,112,114,114,Quantitative,Easy
What is the square of 6?,37,35,36,41,36,Quantitative,Hard
"Find the next letter in the series: N, O, P, ?",R,Q,S,P,Q,Logical,Easy
Choose the synonym of 'honest'.,weak,truthful,small,late,truthful,Verbal,Easy
"If 3 workers finish a task in 3 days, how many worker-days are needed?",14,11,7,9,9,Puzzle,Hard
What is 62 + 16?,85,78,76,81,78,Quantitative,Easy
What is the square of 17?,289,288,290,294,289,Quantitative,Hard
"Find the next letter in the series: H, I, J, ?",M,J,K,L,K,Logical,Easy
Choose the synonym of 'honest'.,weak,late,truthful,small,truthful,Verbal,Easy
"If 3 workers finish a task in 7 days, how many worker-days are needed?",19,23,26,21,21,Puzzle,Hard
What is 64 + 65?,127,132,136,129,129,Quantitative,Hard
What is the square of 13?,168,170,169,174,169,Quantitative,Easy
"Find the next letter in the series: M, N, O, ?",R,P,O,Q,P,Logical,Easy
Choose the synonym of 'rapid'.,late,fast,small,weak,fast,Verbal,Easy
"If 7 workers finish a task in 8 days, how many worker-days are needed?",56,54,61,58,56,Puzzle,Hard
What is 70 + 29?,102,99,106,97,99,Quantitative,Medium
What is the square of 4?,15,16,21,17,16,Quantitative,Easy
"Find the next letter in the series: F, G, H, ?",I,K,H,J,I,Logical,Hard
Choose the synonym of 'ancient'.,small,old,late,weak,old,Verbal,Easy
"If 3 workers finish a task in 3 days, how many worker-days are needed?",14,9,7,11,9,Puzzle,Easy
What is 74 + 77?,154,149,151,158,151,Quantitative,Easy
What is the square of 5?,24,30,25,26,25,Quantitative,Hard
"Find the next letter in the series: P, Q, R, ?",R,S,U,T,S,Logical,Hard
Choose the synonym of 'bright'.,late,smart,weak,small,smart,Verbal,Hard
"If 8 workers finish a task in 4 days, how many worker-days are needed?",30,32,34,37,32,Puzzle,Easy
What is 83 + 36?,126,122,119,117,119,Quantitative,Medium
What is the square of 18?,325,324,323,329,324,Quantitative,Medium
"Find the next letter in the series: U, V, W, ?",Y,Z,X,W,X,Logical,Medium
Choose the synonym of 'bright'.,small,weak,smart,late,smart,Verbal,Hard
"If 7 workers finish a task in 8 days, how many worker-days are needed?",56,54,61,58,56,Puzzle,Easy
What is 10 + 58?,68,66,75,71,68,Quantitative,Medium
What is the square of 9?,82,81,86,80,81,Quantitative,Medium
"Find the next letter in the series: C, D, E, ?",E,G,F,H,F,Logical,Easy
Choose the synonym of 'rapid'.,weak,small,late,fast,fast,Verbal,Hard
"If 2 workers finish a task in 4 days, how many worker-days are needed?",13,10,8,6,8,Puzzle,Hard
What is 36 + 43?,82,77,86,79,79,Quantitative,Medium
What is the square of 16?,255,261,257,256,256,Quantitative,Medium
"Find the next letter in the series: I, J, K, ?",M,N,K,L,L,Logical,Hard
Choose the synonym of 'rapid'.,late,weak,small,fast,fast,Verbal,Easy
"If 6 workers finish a task in 4 days, how many worker-days are needed?",26,24,22,29,24,Puzzle,Hard
What is 66 + 27?,93,96,91,100,93,Quantitative,Hard
What is the square of 15?,225,224,230,226,225,Quantitative,Hard
"Find the next letter in the series: K, L, M, ?",M,N,O,P,N,Logical,Medium
Choose the synonym of 'bright'.,small,late,weak,smart,smart,Verbal,Hard
"If 10 workers finish a task in 6 days, how many worker-days are needed?",62,65,58,60,60,Puzzle,Medium
What is 64 + 86?,150,153,157,148,150,Quantitative,Hard
What is the square of 16?,256,255,257,261,256,Quantitative,Hard
"Find the next letter in the series: G, H, I, ?",K,J,I,L,J,Logical,Easy
Choose the synonym of 'benefit'.,weak,advantage,small,late,advantage,Verbal,Hard
"If 6 workers finish a task in 6 days, how many worker-days are needed?",38,41,36,34,36,Puzzle,Easy
What is 80 + 88?,166,171,175,168,168,Quantitative,Easy
What is the square of 13?,168,170,169,174,169,Quantitative,Hard
"Find the next letter in the series: O, P, Q, ?",T,Q,R,S,R,Logical,Easy
Choose the synonym of 'ancient'.,old,weak,small,late,old,Verbal,Easy
"If 2 workers finish a task in 6 days, how many worker-days are needed?",14,12,10,17,12,Puzzle,Easy
What is 38 + 87?,132,128,123,125,125,Quantitative,Hard
What is the square of 13?,170,168,169,174,169,Quantitative,Hard
"Find the next letter in the series: F, G, H, ?",K,H,J,I,I,Logical,Hard
Choose the synonym of 'ancient'.,small,old,weak,late,old,Verbal,Medium
"If 7 workers finish a task in 9 days, how many worker-days are needed?",65,63,68,61,63,Puzzle,Medium
What is 84 + 35?,119,117,126,122,119,Quantitative,Hard
What is the square of 18?,324,323,329,325,324,Quantitative,Medium
"Find the next letter in the series: P, Q, R, ?",S,U,R,T,S,Logical,Hard
Choose the synonym of 'benefit'.,advantage,weak,small,late,advantage,Verbal,Hard
"If 5 workers finish a task in 8 days, how many worker-days are needed?",38,42,45,40,40,Puzzle,Medium
What is 18 + 77?,98,102,93,95,95,Quantitative,Easy
What is the square of 18?,329,324,323,325,324,Quantitative,Hard
"Find the next letter in the series: K, L, M, ?",O,M,N,P,N,Logical,Medium
Choose the synonym of 'benefit'.,advantage,weak,small,late,advantage,Verbal,Hard
"If 9 workers finish a task in 8 days, how many worker-days are needed?",72,70,74,77,72,Puzzle,Medium
What is 62 + 24?,93,89,84,86,86,Quantitative,Easy
What is the square of 9?,80,81,82,86,81,Quantitative,Hard
"Find the next letter in the series: U, V, W, ?",Y,Z,W,X,X,Logical,Hard
Choose the synonym of 'honest'.,truthful,weak,small,late,truthful,Verbal,Hard
"If 2 workers finish a task in 8 days, how many worker-days are needed?",16,18,21,14,16,Puzzle,Hard
What is 35 + 10?,52,43,45,48,45,Quantitative,Medium
What is the square of 11?,121,122,126,120,121,Quantitative,Hard
"Find the next letter in the series: L, M, N, ?",P,O,Q,N,O,Logical,Hard
Choose the synonym of 'bright'.,late,weak,smart,small,smart,Verbal,Hard
"If 3 workers finish a task in 10 days, how many worker-days are needed?",32,35,30,28,30,Puzzle,Hard
What is 32 + 35?,67,65,74,70,67,Quantitative,Easy
What is the square of 4?,21,16,17,15,16,Quantitative,Medium
"Find the next letter in the series: B, C, D, ?",F,G,E,D,E,Logical,Easy
Choose the synonym of 'ancient'.,old,late,weak,small,old,Verbal,Medium
"If 2 workers finish a task in 9 days, how many worker-days are needed?",18,20,23,16,18,Puzzle,Easy
What is 11 + 37?,51,46,48,55,48,Quantitative,Easy
What is the square of 15?,226,230,225,224,225,Quantitative,Medium
"Find the next letter in the series: T, U, V, ?",W,V,Y,X,W,Logical,Easy
Choose the synonym of 'honest'.,truthful,late,small,weak,truthful,Verbal,Medium
"If 8 workers finish a task in 7 days, how many worker-days are needed?",61,54,58,56,56,Puzzle,Medium
What is 62 + 19?,88,81,84,79,81,Quantitative,Medium
What is the square of 19?,362,360,366,361,361,Quantitative,Easy
"Find the next letter in the series: E, F, G, ?",J,I,H,G,H,Logical,Easy
Choose the synonym of 'rapid'.,weak,small,late,fast,fast,Verbal,Hard
"If 2 workers finish a task in 2 days, how many worker-days are needed?",4,2,6,9,4,Puzzle,Hard
What is 58 + 96?,161,152,154,157,154,Quantitative,Medium
What is the square of 11?,122,120,126,121,121,Quantitative,Easy
"Find the next letter in the series: H, I, J, ?",J,L,K,M,K,Logical,Easy
Choose the synonym of 'bright'.,small,weak,smart,late,smart,Verbal,Medium
"If 10 workers finish a task in 8 days, how many worker-days are needed?",78,85,80,82,80,Puzzle,Hard
What is 88 + 33?,121,128,124,119,121,Quantitative,Hard
What is the square of 8?,69,63,65,64,64,Quantitative,Hard
"Find the next letter in the series: T, U, V, ?",Y,W,V,X,W,Logical,Easy
Choose the synonym of 'ancient'.,old,small,weak,late,old,Verbal,Easy
"If 4 workers finish a task in 2 days, how many worker-days are needed?",10,8,13,6,8,Puzzle,Hard
What is 64 + 97?,168,159,164,161,161,Quantitative,Hard
What is the square of 7?,50,49,54,48,49,Quantitative,Hard
"Find the next letter in the series: F, G, H, ?",K,I,J,H,I,Logical,Hard
Choose the synonym of 'ancient'.,late,small,weak,old,old,Verbal,Medium
"If 8 workers finish a task in 5 days, how many worker-days are needed?",42,40,45,38,40,Puzzle,Medium
What is 30 + 86?,116,114,119,123,116,Quantitative,Hard
What is the square of 3?,8,14,9,10,9,Quantitative,Hard
"Find the next letter in the series: K, L, M, ?",M,O,P,N,N,Logical,Hard
Choose the synonym of 'benefit'.,small,weak,advantage,late,advantage,Verbal,Medium
"If 2 workers finish a task in 10 days, how many worker-days are needed?",22,18,20,25,20,Puzzle,Hard
What is 74 + 48?,129,120,125,122,122,Quantitative,Easy
What is the square of 10?,105,100,101,99,100,Quantitative,Hard
"Find the next letter in the series: B, C, D, ?",F,E,D,G,E,Logical,Medium
Choose the synonym of 'honest'.,truthful,weak,small,late,truthful,Verbal,Easy
"If 10 workers finish a task in 6 days, how many worker-days are needed?",62,60,65,58,60,Puzzle,Hard
What is 80 + 57?,140,137,144,135,137,Quantitative,Medium
What is the square of 17?,294,289,290,288,289,Quantitative,Hard
"Find the next letter in the series: I, J, K, ?",K,N,M,L,L,Logical,Medium
Choose the synonym of 'ancient'.,weak,old,small,late,old,Verbal,Medium
"If 2 workers finish a task in 10 days, how many worker-days are needed?",18,25,20,22,20,Puzzle,Medium
What is 64 + 42?,113,109,106,104,106,Quantitative,Easy
What is the square of 18?,324,329,325,323,324,Quantitative,Medium
"Find the next letter in the series: N, O, P, ?",P,R,S,Q,Q,Logical,Hard
Choose the synonym of 'bright'.,weak,smart,late,small,smart,Verbal,Hard
"If 3 workers finish a task in 5 days, how many worker-days are needed?",15,20,13,17,15,Puzzle,Hard
What is 75 + 39?,121,117,114,112,114,Quantitative,Easy
What is the square of 15?,225,230,224,226,225,Quantitative,Hard
"Find the next letter in the series: T, U, V, ?",V,X,Y,W,W,Logical,Easy
Choose the synonym of 'ancient'.,small,late,weak,old,old,Verbal,Hard
"If 8 workers finish a task in 7 days, how many worker-days are needed?",56,61,58,54,56,Puzzle,Medium
What is 68 + 21?,92,87,96,89,89,Quantitative,Hard
What is the square of 3?,8,10,9,14,9,Quantitative,Hard
"Find the next letter in the series: I, J, K, ?",M,N,L,K,L,Logical,Medium
Choose the synonym of 'benefit'.,late,weak,advantage,small,advantage,Verbal,Medium
"If 3 workers finish a task in 3 days, how many worker-days are needed?",7,9,11,14,9,Puzzle,Medium
What is 19 + 11?,30,28,33,37,30,Quantitative,Hard
What is the square of 20?,405,400,399,401,400,Quantitative,Easy
"Find the next letter in the series: H, I, J, ?",K,L,J,M,K,Logical,Medium
Choose the synonym of 'honest'.,truthful,late,small,weak,truthful,Verbal,Hard
"If 9 workers finish a task in 5 days, how many worker-days are needed?",45,50,43,47,45,Puzzle,Medium
What is 53 + 27?,78,83,87,80,80,Quantitative,Medium
What is the square of 15?,230,224,225,226,225,Quantitative,Easy
"Find the next letter in the series: R, S, T, ?",V,U,T,W,U,Logical,Hard
Choose the synonym of 'honest'.,weak,late,truthful,small,truthful,Verbal,Hard
"If 9 workers finish a task in 5 days, how many worker-days are needed?",43,50,45,47,45,Puzzle,Medium
What is 82 + 44?,129,133,124,126,126,Quantitative,Medium
What is the square of 14?,197,195,196,201,196,Quantitative,Hard
"Find the next letter in the series: C, D, E, ?",H,G,F,E,F,Logical,Hard
Choose the synonym of 'rapid'.,fast,late,small,weak,fast,Verbal,Hard
"If 6 workers finish a task in 7 days, how many worker-days are needed?",40,42,47,44,42,Puzzle,Hard
What is 17 + 68?,83,88,85,92,85,Quantitative,Easy
What is the square of 15?,224,230,225,226,225,Quantitative,Hard
"Find the next letter in the series: F, G, H, ?",I,K,H,J,I,Logical,Hard
Choose the synonym of 'bright'.,smart,small,weak,late,smart,Verbal,Easy
"If 2 workers finish a task in 3 days, how many worker-days are needed?",4,8,6,11,6,Puzzle,Hard
What is 90 + 35?,125,128,132,123,125,Quantitative,Medium
What is the square of 15?,224,230,225,226,225,Quantitative,Hard
"Find the next letter in the series: G, H, I, ?",J,K,I,L,J,Logical,Easy
Choose the synonym of 'bright'.,weak,small,smart,late,smart,Verbal,Hard
"If 9 workers finish a task in 3 days, how many worker-days are needed?",32,25,29,27,27,Puzzle,Easy
What is 11 + 77?,95,91,86,88,88,Quantitative,Medium
What is the square of 17?,289,290,294,288,289,Quantitative,Medium
"Find the next letter in the series: G, H, I, ?",I,J,L,K,J,Logical,Easy
Choose the synonym of 'benefit'.,advantage,weak,small,late,advantage,Verbal,Medium
"If 3 workers finish a task in 5 days, how many worker-days are needed?",17,15,20,13,15,Puzzle,Easy
What is 42 + 63?,105,112,103,108,105,Quantitative,Medium
What is the square of 16?,255,261,257,256,256,Quantitative,Medium
"Find the next letter in the series: T, U, V, ?",X,W,V,Y,W,Logical,Medium
Choose the synonym of 'ancient'.,small,weak,late,old,old,Verbal,Hard
"If 5 workers finish a task in 5 days, how many worker-days are needed?",27,23,25,30,25,Puzzle,Easy
What is 50 + 13?,63,61,66,70,63,Quantitative,Medium
What is the square of 15?,230,224,226,225,225,Quantitative,Easy
"Find the next letter in the series: J, K, L, ?",L,N,O,M,M,Logical,Medium
Choose the synonym of 'bright'.,smart,small,weak,late,smart,Verbal,Medium
"If 6 workers finish a task in 8 days, how many worker-days are needed?",46,48,53,50,48,Puzzle,Medium
What is 75 + 42?,120,117,115,124,117,Quantitative,Medium
What is the square of 14?,201,196,195,197,196,Quantitative,Medium
"Find the next letter in the series: N, O, P, ?",S,Q,P,R,Q,Logical,Medium
Choose the synonym of 'rapid'.,weak,small,fast,late,fast,Verbal,Easy
"If 6 workers finish a task in 4 days, how many worker-days are needed?",29,22,26,24,24,Puzzle,Hard
What is 91 + 24?,122,115,118,113,115,Quantitative,Easy
What is the square of 18?,324,329,323,325,324,Quantitative,Hard
"Find the next letter in the series: I, J, K, ?",M,L,N,K,L,Logical,Hard
Choose the synonym of 'benefit'.,advantage,small,late,weak,advantage,Verbal,Easy
"If 10 workers finish a task in 4 days, how many worker-days are needed?",40,42,38,45,40,Puzzle,Medium
What is 37 + 98?,133,135,142,138,135,Quantitative,Easy
What is the square of 5?,30,26,25,24,25,Quantitative,Medium
"Find the next letter in the series: F, G, H, ?",J,K,I,H,I,Logical,Medium
Choose the synonym of 'benefit'.,small,advantage,late,weak,advantage,Verbal,Medium
"If 9 workers finish a task in 4 days, how many worker-days are needed?",36,34,41,38,36,Puzzle,Hard
What is 46 + 49?,93,98,95,102,95,Quantitative,Medium
What is the square of 10?,99,101,100,105,100,Quantitative,Medium
"Find the next letter in the series: R, S, T, ?",T,U,V,W,U,Logical,Medium
Choose the synonym of 'bright'.,weak,late,smart,small,smart,Verbal,Hard
"If 5 workers finish a task in 8 days, how many worker-days are needed?",45,40,42,38,40,Puzzle,Medium
What is 22 + 81?,110,103,101,106,103,Quantitative,Medium
What is the square of 12?,143,144,145,149,144,Quantitative,Medium
"Find the next letter in the series: K, L, M, ?",O,P,M,N,N,Logical,Medium
Choose the synonym of 'bright'.,smart,small,late,weak,smart,Verbal,Medium
"If 7 workers finish a task in 8 days, how many worker-days are needed?",56,61,54,58,56,Puzzle,Medium
What is 67 + 96?,166,163,161,170,163,Quantitative,Easy
What is the square of 16?,261,256,257,255,256,Quantitative,Easy
"Find the next letter in the series: S, T, U, ?",U,W,X,V,V,Logical,Medium
Choose the synonym of 'ancient'.,late,weak,old,small,old,Verbal,Easy
"If 5 workers finish a task in 9 days, how many worker-days are needed?",50,45,43,47,45,Puzzle,Medium
What is 97 + 45?,142,145,140,149,142,Quantitative,Easy
What is the square of 13?,174,168,170,169,169,Quantitative,Hard
"Find the next letter in the series: T, U, V, ?",V,W,Y,X,W,Logical,Hard
Choose the synonym of 'bright'.,small,late,weak,smart,smart,Verbal,Easy
"If 6 workers finish a task in 4 days, how many worker-days are needed?",24,22,26,29,24,Puzzle,Easy
What is 19 + 61?,78,80,87,83,80,Quantitative,Medium
What is the square of 11?,126,122,121,120,121,Quantitative,Medium
"Find the next letter in the series: K, L, M, ?",O,P,M,N,N,Logical,Medium
Choose the synonym of 'benefit'.,late,weak,advantage,small,advantage,Verbal,Easy
"If 9 workers finish a task in 6 days, how many worker-days are needed?",56,54,59,52,54,Puzzle,Hard
What is 92 + 73?,172,163,168,165,165,Quantitative,Hard
What is the square of 9?,86,81,82,80,81,Quantitative,Hard
"Find the next letter in the series: E, F, G, ?",G,J,H,I,H,Logical,Easy
Choose the synonym of 'bright'.,late,weak,smart,small,smart,Verbal,Hard
"If 6 workers finish a task in 10 days, how many worker-days are needed?",60,62,65,58,60,Puzzle,Medium
What is 49 + 78?,130,125,127,134,127,Quantitative,Easy
What is the square of 11?,120,121,126,122,121,Quantitative,Medium
"Find the next letter in the series: A, B, C, ?",F,E,D,C,D,Logical,Easy
Choose the synonym of 'rapid'.,late,weak,fast,small,fast,Verbal,Easy
"If 6 workers finish a task in 10 days, how many worker-days are needed?",58,60,62,65,60,Puzzle,Easy
What is 65 + 89?,157,152,161,154,154,Quantitative,Hard
What is the square of 8?,64,69,63,65,64,Quantitative,Easy
"Find the next letter in the series: Q, R, S, ?",S,T,V,U,T,Logical,Medium
Choose the synonym of 'bright'.,weak,smart,small,late,smart,Verbal,Medium
"If 8 workers finish a task in 10 days, how many worker-days are needed?",78,85,82,80,80,Puzzle,Hard
What is 52 + 26?,81,78,85,76,78,Quantitative,Easy
What is the square of 11?,122,126,120,121,121,Quantitative,Hard
"Find the next letter in the series: P, Q, R, ?",U,R,T,S,S,Logical,Medium
Choose the synonym of 'bright'.,weak,smart,small,late,smart,Verbal,Easy
"If 8 workers finish a task in 7 days, how many worker-days are needed?",56,61,54,58,56,Puzzle,Easy
What is 16 + 83?,97,99,106,102,99,Quantitative,Medium
What is the square of 20?,399,400,405,401,400,Quantitative,Medium
"Find the next letter in the series: I, J, K, ?",L,K,M,N,L,Logical,Medium
Choose the synonym of 'benefit'.,small,weak,advantage,late,advantage,Verbal,Medium
"If 9 workers finish a task in 7 days, how many worker-days are needed?",68,63,65,61,63,Puzzle,Easy
What is 87 + 13?,103,107,100,98,100,Quantitative,Hard
What is the square of 11?,126,122,120,121,121,Quantitative,Easy
"Find the next letter in the series: B, C, D, ?",G,F,D,E,E,Logical,Hard
Choose the synonym of 'bright'.,late,smart,small,weak,smart,Verbal,Easy
"If 10 workers finish a task in 8 days, how many worker-days are needed?",85,78,82,80,80,Puzzle,Easy
What is 93 + 45?,145,141,138,136,138,Quantitative,Hard
What is the square of 9?,86,82,80,81,81,Quantitative,Medium
"Find the next letter in the series: L, M, N, ?",N,O,Q,P,O,Logical,Easy
Choose the synonym of 'ancient'.,old,late,weak,small,old,Verbal,Hard
"If 9 workers finish a task in 6 days, how many worker-days are needed?",56,59,54,52,54,Puzzle,Medium
What is 40 + 22?,65,69,60,62,62,Quantitative,Medium
What is the square of 17?,290,288,294,289,289,Quantitative,Hard
"Find the next letter in the series: Q, R, S, ?",U,T,V,S,T,Logical,Medium
Choose the synonym of 'bright'.,weak,late,smart,small,smart,Verbal,Hard
"If 9 workers finish a task in 2 days, how many worker-days are needed?",18,23,16,20,18,Puzzle,Hard
What is 65 + 42?,110,105,107,114,107,Quantitative,Hard
What is the square of 17?,290,288,294,289,289,Quantitative,Medium
"Find the next letter in the series: M, N, O, ?",P,R,Q,O,P,Logical,Medium
Choose the synonym of 'rapid'.,late,small,fast,weak,fast,Verbal,Hard
"If 8 workers finish a task in 2 days, how many worker-days are needed?",14,18,21,16,16,Puzzle,Hard
What is 17 + 98?,118,115,113,122,115,Quantitative,Hard
What is the square of 10?,105,100,101,99,100,Quantitative,Medium
"Find the next letter in the series: A, B, C, ?",F,C,D,E,D,Logical,Medium
Choose the synonym of 'honest'.,weak,small,truthful,late,truthful,Verbal,Hard
"If 5 workers finish a task in 8 days, how many worker-days are needed?",45,42,40,38,40,Puzzle,Hard
What is 87 + 68?,162,153,158,155,155,Quantitative,Medium
What is the square of 13?,174,170,168,169,169,Quantitative,Easy
"Find the next letter in the series: H, I, J, ?",M,K,L,J,K,Logical,Hard
Choose the synonym of 'benefit'.,weak,small,advantage,late,advantage,Verbal,Easy
"If 6 workers finish a task in 4 days, how many worker-days are needed?",29,22,24,26,24,Puzzle,Hard
What is 72 + 91?,170,161,163,166,163,Quantitative,Easy
What is the square of 6?,36,37,35,41,36,Quantitative,Medium
"Find the next letter in the series: T, U, V, ?",Y,X,W,V,W,Logical,Medium
Choose the synonym of 'rapid'.,late,weak,fast,small,fast,Verbal,Hard
"If 6 workers finish a task in 7 days, how many worker-days are needed?",42,44,47,40,42,Puzzle,Medium
What is 24 + 71?,102,98,95,93,95,Quantitative,Medium
What is the square of 10?,100,101,99,105,100,Quantitative,Easy
"Find the next letter in the series: L, M, N, ?",P,O,Q,N,O,Logical,Easy
Choose the synonym of 'honest'.,truthful,late,weak,small,truthful,Verbal,Medium
"If 2 workers finish a task in 2 days, how many worker-days are needed?",2,9,4,6,4,Puzzle,Medium
What is 75 + 35?,117,110,113,108,110,Quantitative,Medium
What is the square of 6?,36,41,35,37,36,Quantitative,Hard
"Find the next letter in the series: P, Q, R, ?",U,S,T,R,S,Logical,Hard
Choose the synonym of 'benefit'.,small,advantage,late,weak,advantage,Verbal,Medium
"If 2 workers finish a task in 8 days, how many worker-days are needed?",18,14,21,16,16,Puzzle,Medium
What is 86 + 50?,134,136,143,139,136,Quantitative,Medium
What is the square of 12?,149,144,145,143,144,Quantitative,Easy
"Find the next letter in the series: L, M, N, ?",N,O,Q,P,O,Logical,Easy
Choose the synonym of 'benefit'.,advantage,small,late,weak,advantage,Verbal,Easy
"If 8 workers finish a task in 4 days, how many worker-days are needed?",34,32,30,37,32,Puzzle,Medium
What is 23 + 35?,56,65,58,61,58,Quantitative,Medium
What is the square of 5?,30,25,26,24,25,Quantitative,Medium
"Find the next letter in the series: Q, R, S, ?",U,S,T,V,T,Logical,Hard
Choose the synonym of 'benefit'.,weak,small,advantage,late,advantage,Verbal,Easy
"If 5 workers finish a task in 4 days, how many worker-days are needed?",20,25,22,18,20,Puzzle,Hard
What is 33 + 76?,116,109,112,107,109,Quantitative,Easy
What is the square of 17?,294,290,288,289,289,Quantitative,Medium
"Find the next letter in the series: J, K, L, ?",L,M,O,N,M,Logical,Hard
Choose the synonym of 'bright'.,small,weak,late,smart,smart,Verbal,Medium
"If 10 workers finish a task in 4 days, how many worker-days are needed?",45,40,38,42,40,Puzzle,Easy
What is 67 + 52?,122,117,126,119,119,Quantitative,Easy
What is the square of 19?,366,361,360,362,361,Quantitative,Hard
"Find the next letter in the series: F, G, H, ?",K,H,I,J,I,Logical,Medium
Choose the synonym of 'bright'.,late,weak,smart,small,smart,Verbal,Hard
"If 3 workers finish a task in 4 days, how many worker-days are needed?",17,14,12,10,12,Puzzle,Hard
What is 64 + 87?,158,151,154,149,151,Quantitative,Medium
What is the square of 12?,145,144,143,149,144,Quantitative,Medium
"Find the next letter in the series: A, B, C, ?",E,C,D,F,D,Logical,Medium
Choose the synonym of 'benefit'.,late,weak,advantage,small,advantage,Verbal,Hard
"If 3 workers finish a task in 3 days, how many worker-days are needed?",14,9,7,11,9,Puzzle,Medium
What is 21 + 27?,48,51,46,55,48,Quantitative,Medium
What is the square of 7?,48,54,49,50,49,Quantitative,Hard
"Find the next letter in the series: A, B, C, ?",C,F,D,E,D,Logical,Medium
Choose the synonym of 'bright'.,smart,late,small,weak,smart,Verbal,Hard
"If 4 workers finish a task in 9 days, how many worker-days are needed?",36,34,38,41,36,Puzzle,Medium
What is 32 + 48?,87,83,80,78,80,Quantitative,Hard
What is the square of 7?,48,54,49,50,49,Quantitative,Easy
"Find the next letter in the series: S, T, U, ?",U,X,W,V,V,Logical,Hard
Choose the synonym of 'benefit'.,advantage,late,small,weak,advantage,Verbal,Hard
"If 5 workers finish a task in 6 days, how many worker-days are needed?",32,35,30,28,30,Puzzle,Easy
What is 27 + 28?,62,55,58,53,55,Quantitative,Hard
What is the square of 11?,122,120,121,126,121,Quantitative,Medium
"Find the next letter in the series: G, H, I, ?",L,K,J,I,J,Logical,Easy
Choose the synonym of 'bright'.,weak,late,small,smart,smart,Verbal,Medium
"If 4 workers finish a task in 9 days, how many worker-days are needed?",34,38,36,41,36,Puzzle,Easy
What is 62 + 43?,108,103,112,105,105,Quantitative,Easy
What is the square of 10?,99,100,105,101,100,Quantitative,Medium
"Find the next letter in the series: J, K, L, ?",N,L,M,O,M,Logical,Easy
Choose the synonym of 'honest'.,truthful,weak,late,small,truthful,Verbal,Medium
"If 6 workers finish a task in 3 days, how many worker-days are needed?",16,20,23,18,18,Puzzle,Medium
What is 14 + 50?,64,71,67,62,64,Quantitative,Hard
What is the square of 18?,324,323,325,329,324,Quantitative,Hard
"Find the next letter in the series: E, F, G, ?",J,G,I,H,H,Logical,Easy
Choose the synonym of 'ancient'.,late,old,small,weak,old,Verbal,Hard
"If 6 workers finish a task in 10 days, how many worker-days are needed?",62,58,65,60,60,Puzzle,Medium
What is 61 + 26?,85,90,94,87,87,Quantitative,Medium
What is the square of 17?,294,289,288,290,289,Quantitative,Medium
"Find the next letter in the series: Q, R, S, ?",T,V,U,S,T,Logical,Hard
Choose the synonym of 'rapid'.,weak,small,late,fast,fast,Verbal,Easy
"If 10 workers finish a task in 8 days, how many worker-days are needed?",82,80,78,85,80,Puzzle,Easy
What is 99 + 60?,157,159,166,162,159,Quantitative,Medium
What is the square of 15?,226,224,230,225,225,Quantitative,Easy
"Find the next letter in the series: L, M, N, ?",N,Q,P,O,O,Logical,Easy
Choose the synonym of 'rapid'.,late,fast,small,weak,fast,Verbal,Medium
"If 2 workers finish a task in 6 days, how many worker-days are needed?",12,14,17,10,12,Puzzle,Easy
What is 48 + 53?,101,99,104,108,101,Quantitative,Hard
What is the square of 5?,24,26,25,30,25,Quantitative,Easy
"Find the next letter in the series: T, U, V, ?",W,Y,X,V,W,Logical,Hard
Choose the synonym of 'ancient'.,old,small,weak,late,old,Verbal,Medium
"If 4 workers finish a task in 4 days, how many worker-days are needed?",16,14,18,21,16,Puzzle,Medium
What is 17 + 28?,48,52,45,43,45,Quantitative,Medium
What is the square of 19?,366,362,361,360,361,Quantitative,Hard
"Find the next letter in the series: J, K, L, ?",L,O,M,N,M,Logical,Medium
Choose the synonym of 'rapid'.,late,fast,weak,small,fast,Verbal,Easy
"If 5 workers finish a task in 6 days, how many worker-days are needed?",32,30,28,35,30,Puzzle,Hard
What is 84 + 62?,149,144,153,146,146,Quantitative,Medium
What is the square of 14?,196,195,201,197,196,Quantitative,Easy
"Find the next letter in the series: R, S, T, ?",W,U,T,V,U,Logical,Easy
Choose the synonym of 'benefit'.,late,advantage,weak,small,advantage,Verbal,Hard
"If 7 workers finish a task in 4 days, how many worker-days are needed?",26,30,33,28,28,Puzzle,Easy
What is 43 + 35?,76,78,85,81,78,Quantitative,Easy
What is the square of 15?,230,225,226,224,225,Quantitative,Easy
"Find the next letter in the series: A, B, C, ?",C,F,E,D,D,Logical,Medium
Choose the synonym of 'bright'.,weak,small,smart,late,smart,Verbal,Medium
"If 4 workers finish a task in 2 days, how many worker-days are needed?",10,13,6,8,8,Puzzle,Medium
What is 77 + 54?,138,129,134,131,131,Quantitative,Hard
What is the square of 5?,30,25,24,26,25,Quantitative,Hard
"Find the next letter in the series: D, E, F, ?",H,F,I,G,G,Logical,Easy
Choose the synonym of 'rapid'.,late,small,weak,fast,fast,Verbal,Medium
"If 10 workers finish a task in 7 days, how many worker-days are needed?",75,70,72,68,70,Puzzle,Easy
What is 93 + 83?,179,176,183,174,176,Quantitative,Easy
What is the square of 12?,144,149,145,143,144,Quantitative,Hard
"Find the next letter in the series: B, C, D, ?",F,E,G,D,E,Logical,Easy
Choose the synonym of 'honest'.,late,small,weak,truthful,truthful,Verbal,Hard
"If 7 workers finish a task in 2 days, how many worker-days are needed?",16,19,12,14,14,Puzzle,Hard
What is 22 + 80?,105,100,102,109,102,Quantitative,Hard
What is the square of 15?,226,225,224,230,225,Quantitative,Medium
"Find the next letter in the series: J, K, L, ?",L,M,O,N,M,Logical,Hard
Choose the synonym of 'honest'.,late,weak,small,truthful,truthful,Verbal,Medium
"If 8 workers finish a task in 7 days, how many worker-days are needed?",61,56,54,58,56,Puzzle,Hard
What is 21 + 28?,49,52,47,56,49,Quantitative,Hard
What is the square of 15?,226,225,224,230,225,Quantitative,Hard
"Find the next letter in the series: M, N, O, ?",Q,P,O,R,P,Logical,Easy
Choose the synonym of 'rapid'.,small,fast,weak,late,fast,Verbal,Hard
"If 9 workers finish a task in 7 days, how many worker-days are needed?",63,65,68,61,63,Puzzle,Medium
What is 28 + 63?,94,89,98,91,91,Quantitative,Hard
What is the square of 20?,400,405,399,401,400,Quantitative,Easy
"Find the next letter in the series: F, G, H, ?",K,H,I,J,I,Logical,Easy
Choose the synonym of 'rapid'.,weak,small,fast,late,fast,Verbal,Hard
"If 9 workers finish a task in 3 days, how many worker-days are needed?",25,27,29,32,27,Puzzle,Medium
What is 19 + 33?,59,50,52,55,52,Quantitative,Hard
What is the square of 12?,149,143,145,144,144,Quantitative,Hard
"Find the next letter in the series: D, E, F, ?",H,F,G,I,G,Logical,Medium
Choose the synonym of 'ancient'.,late,old,small,weak,old,Verbal,Hard
"If 7 workers finish a task in 2 days, how many worker-days are needed?",19,16,14,12,14,Puzzle,Hard
What is 66 + 20?,84,93,86,89,86,Quantitative,Hard
What is the square of 17?,290,288,289,294,289,Quantitative,Easy
"Find the next letter in the series: F, G, H, ?",I,J,H,K,I,Logical,Hard
Choose the synonym of 'honest'.,late,small,truthful,weak,truthful,Verbal,Hard
"If 3 workers finish a task in 4 days, how many worker-days are needed?",17,14,10,12,12,Puzzle,Easy
What is 64 + 92?,159,154,163,156,156,Quantitative,Easy
What is the square of 13?,169,168,170,174,169,Quantitative,Medium
"Find the next letter in the series: J, K, L, ?",L,M,O,N,M,Logical,Easy
Choose the synonym of 'rapid'.,late,fast,weak,small,fast,Verbal,Easy
"If 8 workers finish a task in 10 days, how many worker-days are needed?",85,82,78,80,80,Puzzle,Hard
What is 84 + 98?,189,185,182,180,182,Quantitative,Medium
What is the square of 12?,149,144,143,145,144,Quantitative,Easy
"Find the next letter in the series: Q, R, S, ?",U,V,T,S,T,Logical,Easy
Choose the synonym of 'honest'.,truthful,small,late,weak,truthful,Verbal,Medium
"If 6 workers finish a task in 7 days, how many worker-days are needed?",40,44,47,42,42,Puzzle,Hard
What is 65 + 13?,81,85,78,76,78,Quantitative,Hard
What is the square of 13?,170,174,169,168,169,Quantitative,Hard
"Find the next letter in the series: K, L, M, ?",O,N,P,M,N,Logical,Easy
Choose the synonym of 'honest'.,late,truthful,weak,small,truthful,Verbal,Medium
"If 2 workers finish a task in 6 days, how many worker-days are needed?",17,10,12,14,12,Puzzle,Easy
What is 90 + 94?,187,182,184,191,184,Quantitative,Easy
What is the square of 8?,63,65,69,64,64,Quantitative,Hard
"Find the next letter in the series: Q, R, S, ?",S,V,T,U,T,Logical,Easy
Choose the synonym of 'bright'.,small,weak,late,smart,smart,Verbal,Hard
"If 4 workers finish a task in 8 days, how many worker-days are needed?",32,30,37,34,32,Puzzle,Hard
What is 86 + 53?,139,146,142,137,139,Quantitative,Hard
What is the square of 12?,149,143,145,144,144,Quantitative,Easy
"Find the next letter in the series: I, J, K, ?",L,N,M,K,L,Logical,Medium
Choose the synonym of 'bright'.,smart,weak,small,late,smart,Verbal,Easy
"If 3 workers finish a task in 7 days, how many worker-days are needed?",23,21,19,26,21,Puzzle,Easy
What is 25 + 35?,60,63,67,58,60,Quantitative,Hard
What is the square of 14?,195,197,201,196,196,Quantitative,Hard
"Find the next letter in the series: G, H, I, ?",J,I,L,K,J,Logical,Medium
Choose the synonym of 'honest'.,truthful,weak,late,small,truthful,Verbal,Medium
"If 3 workers finish a task in 6 days, how many worker-days are needed?",23,18,20,16,18,Puzzle,Hard
What is 45 + 10?,53,55,62,58,55,Quantitative,Easy
What is the square of 7?,54,49,50,48,49,Quantitative,Medium
"Find the next letter in the series: J, K, L, ?",O,N,L,M,M,Logical,Medium
Choose the synonym of 'bright'.,smart,late,weak,small,smart,Verbal,Medium
"If 3 workers finish a task in 6 days, how many worker-days are needed?",23,20,16,18,18,Puzzle,Medium
What is 94 + 99?,196,193,200,191,193,Quantitative,Easy
What is the square of 11?,126,121,122,120,121,Quantitative,Medium
"Find the next letter in the series: B, C, D, ?",F,E,G,D,E,Logical,Medium
Choose the synonym of 'rapid'.,late,weak,small,fast,fast,Verbal,Medium
"If 9 workers finish a task in 8 days, how many worker-days are needed?",72,70,77,74,72,Puzzle,Hard
What is 31 + 11?,42,49,40,45,42,Quantitative,Hard
What is the square of 16?,256,255,257,261,256,Quantitative,Easy
"Find the next letter in the series: H, I, J, ?",L,J,M,K,K,Logical,Hard
Choose the synonym of 'benefit'.,weak,small,late,advantage,advantage,Verbal,Medium
"If 2 workers finish a task in 5 days, how many worker-days are needed?",10,8,15,12,10,Puzzle,Hard
What is 65 + 44?,109,116,112,107,109,Quantitative,Medium
What is the square of 14?,196,201,197,195,196,Quantitative,Easy
"Find the next letter in the series: H, I, J, ?",M,K,L,J,K,Logical,Hard
Choose the synonym of 'rapid'.,small,fast,late,weak,fast,Verbal,Easy
"If 3 workers finish a task in 10 days, how many worker-days are needed?",32,30,35,28,30,Puzzle,Easy
What is 25 + 31?,54,59,63,56,56,Quantitative,Easy
What is the square of 13?,170,169,168,174,169,Quantitative,Medium
"Find the next letter in the series: R, S, T, ?",V,W,U,T,U,Logical,Easy
Choose the synonym of 'rapid'.,small,late,fast,weak,fast,Verbal,Hard
"If 10 workers finish a task in 7 days, how many worker-days are needed?",75,68,70,72,70,Puzzle,Hard
What is 17 + 53?,77,73,70,68,70,Quantitative,Medium
What is the square of 6?,36,41,37,35,36,Quantitative,Easy
"Find the next letter in the series: O, P, Q, ?",Q,T,S,R,R,Logical,Easy
Choose the synonym of 'ancient'.,weak,late,old,small,old,Verbal,Easy
"If 7 workers finish a task in 10 days, how many worker-days are needed?",70,75,72,68,70,Puzzle,Easy
What is 58 + 29?,87,90,85,94,87,Quantitative,Hard
What is the square of 5?,24,26,30,25,25,Quantitative,Medium
"Find the next letter in the series: I, J, K, ?",N,L,M,K,L,Logical,Easy
Choose the synonym of 'honest'.,weak,late,small,truthful,truthful,Verbal,Easy
"If 4 workers finish a task in 9 days, how many worker-days are needed?",38,41,34,36,36,Puzzle,Easy
What is 22 + 10?,39,30,35,32,32,Quantitative,Medium
What is the square of 18?,325,323,324,329,324,Quantitative,Easy
"Find the next letter in the series: T, U, V, ?",V,W,X,Y,W,Logical,Medium
Choose the synonym of 'bright'.,weak,small,late,smart,smart,Verbal,Easy
"If 5 workers finish a task in 3 days, how many worker-days are needed?",13,17,20,15,15,Puzzle,Medium
What is 59 + 43?,100,102,109,105,102,Quantitative,Hard
What is the square of 20?,401,399,400,405,400,Quantitative,Medium
"Find the next letter in the series: S, T, U, ?",V,W,X,U,V,Logical,Hard
Choose the synonym of 'ancient'.,weak,old,late,small,old,Verbal,Easy
"If 3 workers finish a task in 6 days, how many worker-days are needed?",16,20,18,23,18,Puzzle,Easy
What is 86 + 64?,157,150,148,153,150,Quantitative,Easy
What is the square of 13?,170,174,168,169,169,Quantitative,Hard
"Find the next letter in the series: G, H, I, ?",J,L,I,K,J,Logical,Hard
Choose the synonym of 'honest'.,truthful,late,weak,small,truthful,Verbal,Easy
"If 8 workers finish a task in 8 days, how many worker-days are needed?",64,62,69,66,64,Puzzle,Easy
What is 14 + 77?,89,94,91,98,91,Quantitative,Hard
What is the square of 20?,405,399,400,401,400,Quantitative,Easy
"Find the next letter in the series: J, K, L, ?",M,L,N,O,M,Logical,Hard
Choose the synonym of 'honest'.,late,truthful,small,weak,truthful,Verbal,Medium
"If 4 workers finish a task in 8 days, how many worker-days are needed?",30,37,34,32,32,Puzzle,Medium
What is 19 + 94?,120,111,116,113,113,Quantitative,Medium
What is the square of 17?,289,294,290,288,289,Quantitative,Easy
"Find the next letter in the series: B, C, D, ?",G,D,E,F,E,Logical,Hard
Choose the synonym of 'ancient'.,old,weak,late,small,old,Verbal,Easy
"If 4 workers finish a task in 7 days, how many worker-days are needed?",26,30,28,33,28,Puzzle,Easy
What is 42 + 63?,105,108,103,112,105,Quantitative,Medium
What is the square of 10?,101,105,99,100,100,Quantitative,Medium
"Find the next letter in the series: F, G, H, ?",J,I,K,H,I,Logical,Hard
Choose the synonym of 'benefit'.,small,advantage,late,weak,advantage,Verbal,Easy
"If 6 workers finish a task in 5 days, how many worker-days are needed?",35,30,28,32,30,Puzzle,Medium
What is 71 + 27?,105,96,98,101,98,Quantitative,Medium
What is the square of 4?,16,21,15,17,16,Quantitative,Hard
"Find the next letter in the series: F, G, H, ?",K,J,I,H,I,Logical,Easy
Choose the synonym of 'benefit'.,small,late,advantage,weak,advantage,Verbal,Hard
"If 5 workers finish a task in 7 days, how many worker-days are needed?",33,40,37,35,35,Puzzle,Hard
What is 30 + 57?,85,87,94,90,87,Quantitative,Easy
What is the square of 17?,290,294,289,288,289,Quantitative,Hard
"Find the next letter in the series: U, V, W, ?",Y,W,Z,X,X,Logical,Hard
Choose the synonym of 'ancient'.,late,small,weak,old,old,Verbal,Hard
"If 10 workers finish a task in 2 days, how many worker-days are needed?",22,18,20,25,20,Puzzle,Easy
What is 87 + 57?,147,142,144,151,144,Quantitative,Medium
What is the square of 6?,36,37,41,35,36,Quantitative,Medium
"Find the next letter in the series: C, D, E, ?",F,H,E,G,F,Logical,Easy
Choose the synonym of 'ancient'.,small,late,old,weak,old,Verbal,Medium
"If 3 workers finish a task in 10 days, how many worker-days are needed?",32,30,35,28,30,Puzzle,Medium
What is 44 + 82?,129,126,124,133,126,Quantitative,Medium
What is the square of 20?,399,401,405,400,400,Quantitative,Easy
"Find the next letter in the series: C, D, E, ?",H,F,G,E,F,Logical,Easy
Choose the synonym of 'ancient'.,weak,old,late,small,old,Verbal,Hard
"If 7 workers finish a task in 3 days, how many worker-days are needed?",26,23,19,21,21,Puzzle,Medium
What is 60 + 64?,131,124,122,127,124,Quantitative,Hard
What is the square of 4?,15,21,17,16,16,Quantitative,Hard
"Find the next letter in the series: G, H, I, ?",K,J,L,I,J,Logical,Medium
Choose the synonym of 'ancient'.,small,late,old,weak,old,Verbal,Easy
"If 7 workers finish a task in 8 days, how many worker-days are needed?",58,54,56,61,56,Puzzle,Medium
What is 70 + 87?,164,160,157,155,157,Quantitative,Hard
What is the square of 17?,294,288,290,289,289,Quantitative,Medium
"Find the next letter in the series: O, P, Q, ?",S,Q,T,R,R,Logical,Medium
Choose the synonym of 'honest'.,late,small,truthful,weak,truthful,Verbal,Medium
"If 9 workers finish a task in 2 days, how many worker-days are needed?",20,18,23,16,18,Puzzle,Easy
What is 65 + 96?,164,161,159,168,161,Quantitative,Medium
What is the square of 6?,37,41,35,36,36,Quantitative,Medium
"Find the next letter in the series: N, O, P, ?",Q,R,P,S,Q,Logical,Medium
Choose the synonym of 'benefit'.,late,weak,small,advantage,advantage,Verbal,Hard
"If 5 workers finish a task in 4 days, how many worker-days are needed?",25,22,18,20,20,Puzzle,Medium
What is 26 + 52?,85,78,81,76,78,Quantitative,Easy
What is the square of 17?,290,289,294,288,289,Quantitative,Hard
"Find the next letter in the series: R, S, T, ?",V,W,T,U,U,Logical,Easy
Choose the synonym of 'benefit'.,small,advantage,weak,late,advantage,Verbal,Medium
"If 2 workers finish a task in 8 days, how many worker-days are needed?",21,16,18,14,16,Puzzle,Easy
What is 74 + 21?,93,95,98,102,95,Quantitative,Medium
What is the square of 10?,100,105,99,101,100,Quantitative,Easy
"Find the next letter in the series: O, P, Q, ?",Q,S,R,T,R,Logical,Medium
Choose the synonym of 'ancient'.,late,small,old,weak,old,Verbal,Hard
"If 8 workers finish a task in 10 days, how many worker-days are needed?",78,80,85,82,80,Puzzle,Hard
What is 76 + 30?,113,104,106,109,106,Quantitative,Easy
What is the square of 7?,48,54,50,49,49,Quantitative,Medium
"Find the next letter in the series: N, O, P, ?",Q,R,P,S,Q,Logical,Hard
Choose the synonym of 'rapid'.,late,weak,fast,small,fast,Verbal,Hard
"If 9 workers finish a task in 5 days, how many worker-days are needed?",47,45,43,50,45,Puzzle,Easy
What is 31 + 46?,77,75,84,80,77,Quantitative,Hard
What is the square of 3?,14,10,8,9,9,Quantitative,Medium
"Find the next letter in the series: L, M, N, ?",P,O,Q,N,O,Logical,Medium
Choose the synonym of 'benefit'.,weak,small,advantage,late,advantage,Verbal,Medium
"If 3 workers finish a task in 2 days, how many worker-days are needed?",4,8,6,11,6,Puzzle,Easy
What is 95 + 41?,136,134,139,143,136,Quantitative,Medium
What is the square of 9?,80,82,86,81,81,Quantitative,Hard
"Find the next letter in the series: F, G, H, ?",K,J,I,H,I,Logical,Medium
Choose the synonym of 'ancient'.,late,weak,old,small,old,Verbal,Hard
"If 9 workers finish a task in 8 days, how many worker-days are needed?",74,72,77,70,72,Puzzle,Hard
What is 99 + 32?,129,131,138,134,131,Quantitative,Hard
What is the square of 10?,99,101,105,100,100,Quantitative,Hard
"Find the next letter in the series: C, D, E, ?",E,F,H,G,F,Logical,Easy
Choose the synonym of 'honest'.,weak,truthful,small,late,truthful,Verbal,Hard
"If 7 workers finish a task in 6 days, how many worker-days are needed?",47,44,40,42,42,Puzzle,Hard
What is 34 + 78?,115,119,112,110,112,Quantitative,Hard
What is the square of 19?,361,362,366,360,361,Quantitative,Hard
"Find the next letter in the series: H, I, J, ?",M,K,J,L,K,Logical,Medium
Choose the synonym of 'rapid'.,late,small,fast,weak,fast,Verbal,Easy
"If 3 workers finish a task in 10 days, how many worker-days are needed?",30,35,32,28,30,Puzzle,Easy
What is 20 + 12?,35,32,39,30,32,Quantitative,Easy
What is the square of 7?,54,50,49,48,49,Quantitative,Hard
"Find the next letter in the series: F, G, H, ?",K,H,I,J,I,Logical,Easy
Choose the synonym of 'rapid'.,late,fast,small,weak,fast,Verbal,Medium
"If 2 workers finish a task in 7 days, how many worker-days are needed?",12,16,19,14,14,Puzzle,Easy
What is 23 + 55?,85,78,81,76,78,Quantitative,Hard
What is the square of 16?,256,261,255,257,256,Quantitative,Easy
"Find the next letter in the series: A, B, C, ?",C,D,F,E,D,Logical,Medium
Choose the synonym of 'benefit'.,weak,advantage,small,late,advantage,Verbal,Easy
"If 6 workers finish a task in 9 days, how many worker-days are needed?",56,54,52,59,54,Puzzle,Easy
What is 82 + 10?,95,90,99,92,92,Quantitative,Easy
What is the square of 13?,169,170,168,174,169,Quantitative,Easy
"Find the next letter in the series: T, U, V, ?",Y,X,V,W,W,Logical,Easy
Choose the synonym of 'benefit'.,advantage,late,weak,small,advantage,Verbal,Medium
"If 7 workers finish a task in 3 days, how many worker-days are needed?",21,19,26,23,21,Puzzle,Easy
What is 82 + 23?,105,103,112,108,105,Quantitative,Easy
What is the square of 8?,64,65,63,69,64,Quantitative,Hard
"Find the next letter in the series: T, U, V, ?",X,V,Y,W,W,Logical,Medium
Choose the synonym of 'rapid'.,fast,weak,late,small,fast,Verbal,Medium
"If 7 workers finish a task in 9 days, how many worker-days are needed?",61,65,68,63,63,Puzzle,Hard
What is 23 + 71?,97,94,92,101,94,Quantitative,Easy
What is the square of 11?,122,120,121,126,121,Quantitative,Easy
"Find the next letter in the series: A, B, C, ?",E,C,F,D,D,Logical,Easy
Choose the synonym of 'ancient'.,small,old,late,weak,old,Verbal,Hard
"If 8 workers finish a task in 5 days, how many worker-days are needed?",38,45,40,42,40,Puzzle,Easy
What is 47 + 92?,139,142,137,146,139,Quantitative,Hard
What is the square of 6?,36,35,41,37,36,Quantitative,Medium
"Find the next letter in the series: Q, R, S, ?",S,U,T,V,T,Logical,Hard
Choose the synonym of 'bright'.,smart,late,weak,small,smart,Verbal,Medium
"If 10 workers finish a task in 2 days, how many worker-days are needed?",25,20,22,18,20,Puzzle,Medium
What is 67 + 75?,145,142,149,140,142,Quantitative,Easy
What is the square of 12?,143,144,149,145,144,Quantitative,Medium
"Find the next letter in the series: R, S, T, ?",T,U,W,V,U,Logical,Easy
Choose the synonym of 'honest'.,weak,late,small,truthful,truthful,Verbal,Hard
"If 8 workers finish a task in 8 days, how many worker-days are needed?",66,62,69,64,64,Puzzle,Medium
What is 55 + 99?,152,161,154,157,154,Quantitative,Easy
What is the square of 20?,401,400,399,405,400,Quantitative,Easy
"Find the next letter in the series: P, Q, R, ?",T,U,R,S,S,Logical,Medium
Choose the synonym of 'benefit'.,weak,late,advantage,small,advantage,Verbal,Medium
"If 2 workers finish a task in 2 days, how many worker-days are needed?",4,9,2,6,4,Puzzle,Hard
What is 54 + 48?,102,105,100,109,102,Quantitative,Hard
What is the square of 19?,366,360,361,362,361,Quantitative,Hard
"Find the next letter in the series: P, Q, R, ?",U,T,R,S,S,Logical,Hard
Choose the synonym of 'benefit'.,weak,late,advantage,small,advantage,Verbal,Easy
"If 8 workers finish a task in 4 days, how many worker-days are needed?",37,32,30,34,32,Puzzle,Easy
What is 22 + 69?,89,98,94,91,91,Quantitative,Easy
What is the square of 9?,82,86,81,80,81,Quantitative,Medium
"Find the next letter in the series: N, O, P, ?",R,Q,P,S,Q,Logical,Medium
Choose the synonym of 'benefit'.,late,small,advantage,weak,advantage,Verbal,Easy
"If 3 workers finish a task in 9 days, how many worker-days are needed?",29,32,25,27,27,Puzzle,Hard
What is 78 + 95?,171,176,180,173,173,Quantitative,Medium
What is the square of 18?,323,329,324,325,324,Quantitative,Medium
"Find the next letter in the series: K, L, M, ?",M,O,P,N,N,Logical,Hard
Choose the synonym of 'ancient'.,weak,late,small,old,old,Verbal,Hard
"If 4 workers finish a task in 5 days, how many worker-days are needed?",22,25,18,20,20,Puzzle,Medium
What is 93 + 25?,116,121,125,118,118,Quantitative,Medium
What is the square of 15?,224,225,226,230,225,Quantitative,Hard
"Find the next letter in the series: F, G, H, ?",J,H,I,K,I,Logical,Hard
Choose the synonym of 'rapid'.,weak,late,fast,small,fast,Verbal,Easy
"If 6 workers finish a task in 7 days, how many worker-days are needed?",40,47,44,42,42,Puzzle,Medium
What is 32 + 89?,119,124,128,121,121,Quantitative,Hard
What is the square of 4?,17,16,15,21,16,Quantitative,Easy
"Find the next letter in the series: C, D, E, ?",F,H,E,G,F,Logical,Hard
Choose the synonym of 'honest'.,weak,truthful,small,late,truthful,Verbal,Medium
"If 3 workers finish a task in 3 days, how many worker-days are needed?",14,11,7,9,9,Puzzle,Hard
What is 19 + 28?,47,45,50,54,47,Quantitative,Hard
What is the square of 10?,105,101,99,100,100,Quantitative,Easy
"Find the next letter in the series: I, J, K, ?",L,M,N,K,L,Logical,Easy
Choose the synonym of 'bright'.,late,small,weak,smart,smart,Verbal,Hard
"If 9 workers finish a task in 4 days, how many worker-days are needed?",38,34,41,36,36,Puzzle,Medium
What is 70 + 35?,105,112,108,103,105,Quantitative,Easy
What is the square of 9?,86,80,81,82,81,Quantitative,Medium
"Find the next letter in the series: C, D, E, ?",F,G,E,H,F,Logical,Medium
Choose the synonym of 'ancient'.,old,small,weak,late,old,Verbal,Hard
"If 8 workers finish a task in 4 days, how many worker-days are needed?",37,34,30,32,32,Puzzle,Medium
What is 61 + 15?,74,79,83,76,76,Quantitative,Hard
What is the square of 15?,226,225,230,224,225,Quantitative,Medium
"Find the next letter in the series: H, I, J, ?",J,L,M,K,K,Logical,Easy
Choose the synonym of 'ancient'.,weak,late,small,old,old,Verbal,Hard
"If 2 workers finish a task in 8 days, how many worker-days are needed?",21,16,18,14,16,Puzzle,Hard
What is 28 + 30?,58,65,61,56,58,Quantitative,Medium
What is the square of 8?,63,69,64,65,64,Quantitative,Medium
"Find the next letter in the series: I, J, K, ?",N,L,K,M,L,Logical,Easy
Choose the synonym of 'benefit'.,late,small,weak,advantage,advantage,Verbal,Hard
"If 2 workers finish a task in 2 days, how many worker-days are needed?",6,9,4,2,4,Puzzle,Easy
What is 17 + 92?,107,116,112,109,109,Quantitative,Medium
What is the square of 10?,105,100,101,99,100,Quantitative,Hard
"Find the next letter in the series: G, H, I, ?",L,I,K,J,J,Logical,Hard
Choose the synonym of 'bright'.,weak,small,smart,late,smart,Verbal,Medium
"If 9 workers finish a task in 5 days, how many worker-days are needed?",47,43,45,50,45,Puzzle,Easy
What is 41 + 19?,63,58,60,67,60,Quantitative,Easy
What is the square of 17?,289,290,294,288,289,Quantitative,Medium
"Find the next letter in the series: C, D, E, ?",H,F,G,E,F,Logical,Hard
Choose the synonym of 'benefit'.,late,small,advantage,weak,advantage,Verbal,Hard
"If 7 workers finish a task in 10 days, how many worker-days are needed?",72,68,75,70,70,Puzzle,Hard
What is 76 + 46?,120,129,122,125,122,Quantitative,Easy
What is the square of 8?,65,64,63,69,64,Quantitative,Hard
"Find the next letter in the series: H, I, J, ?",M,K,L,J,K,Logical,Easy
Choose the synonym of 'honest'.,late,small,weak,truthful,truthful,Verbal,Hard
"If 5 workers finish a task in 7 days, how many worker-days are needed?",35,37,40,33,35,Puzzle,Hard
What is 34 + 60?,101,92,94,97,94,Quantitative,Hard
What is the square of 8?,65,64,69,63,64,Quantitative,Medium
"Find the next letter in the series: H, I, J, ?",L,J,K,M,K,Logical,Easy
Choose the synonym of 'honest'.,small,late,truthful,weak,truthful,Verbal,Easy
"If 2 workers finish a task in 2 days, how many worker-days are needed?",6,9,4,2,4,Puzzle,Hard
What is 19 + 10?,29,32,36,27,29,Quantitative,Easy
What is the square of 8?,64,63,69,65,64,Quantitative,Hard
"Find the next letter in the series: S, T, U, ?",U,V,X,W,V,Logical,Medium
Choose the synonym of 'benefit'.,advantage,weak,small,late,advantage,Verbal,Easy
"If 4 workers finish a task in 2 days, how many worker-days are needed?",6,13,10,8,8,Puzzle,Medium
What is 74 + 10?,84,82,91,87,84,Quantitative,Hard
What is the square of 10?,99,101,100,105,100,Quantitative,Medium
"Find the next letter in the series: H, I, J, ?",K,M,L,J,K,Logical,Hard
Choose the synonym of 'ancient'.,weak,small,late,old,old,Verbal,Hard
"If 4 workers finish a task in 8 days, how many worker-days are needed?",34,32,37,30,32,Puzzle,Easy
What is 29 + 91?,127,120,123,118,120,Quantitative,Easy
What is the square of 4?,21,16,17,15,16,Quantitative,Hard
"Find the next letter in the series: P, Q, R, ?",S,T,U,R,S,Logical,Easy
Choose the synonym of 'bright'.,weak,small,late,smart,smart,Verbal,Medium
"If 6 workers finish a task in 3 days, how many worker-days are needed?",20,23,18,16,18,Puzzle,Hard
What is 65 + 83?,155,146,151,148,148,Quantitative,Medium
What is the square of 14?,201,197,196,195,196,Quantitative,Easy
"Find the next letter in the series: U, V, W, ?",W,Z,Y,X,X,Logical,Easy
Choose the synonym of 'ancient'.,late,weak,small,old,old,Verbal,Easy
"If 5 workers finish a task in 2 days, how many worker-days are needed?",10,12,8,15,10,Puzzle,Medium
What is 56 + 59?,115,113,118,122,115,Quantitative,Hard
What is the square of 10?,105,100,99,101,100,Quantitative,Hard
"Find the next letter in the series: G, H, I, ?",L,K,J,I,J,Logical,Easy
Choose the synonym of 'bright'.,smart,small,late,weak,smart,Verbal,Easy
"If 6 workers finish a task in 6 days, how many worker-days are needed?",38,34,41,36,36,Puzzle,Hard
What is 88 + 67?,153,162,155,158,155,Quantitative,Hard
What is the square of 8?,65,69,63,64,64,Quantitative,Hard
"Find the next letter in the series: F, G, H, ?",K,I,H,J,I,Logical,Easy
Choose the synonym of 'bright'.,smart,small,late,weak,smart,Verbal,Easy
"If 10 workers finish a task in 10 days, how many worker-days are needed?",105,98,100,102,100,Puzzle,Easy
What is 15 + 53?,75,68,71,66,68,Quantitative,Hard
What is the square of 14?,197,195,201,196,196,Quantitative,Easy
"Find the next letter in the series: R, S, T, ?",U,V,T,W,U,Logical,Medium
Choose the synonym of 'benefit'.,late,weak,advantage,small,advantage,Verbal,Easy
"If 5 workers finish a task in 6 days, how many worker-days are needed?",30,28,32,35,30,Puzzle,Hard
What is 75 + 19?,94,97,101,92,94,Quantitative,Hard
What is the square of 14?,197,195,201,196,196,Quantitative,Easy
"Find the next letter in the series: Q, R, S, ?",V,S,T,U,T,Logical,Hard
Choose the synonym of 'bright'.,small,late,weak,smart,smart,Verbal,Medium
"If 3 workers finish a task in 8 days, how many worker-days are needed?",26,24,22,29,24,Puzzle,Hard
What is 75 + 86?,168,164,159,161,161,Quantitative,Hard
What is the square of 19?,360,361,366,362,361,Quantitative,Hard
"Find the next letter in the series: O, P, Q, ?",T,S,Q,R,R,Logical,Medium
Choose the synonym of 'honest'.,truthful,small,weak,late,truthful,Verbal,Medium
"If 9 workers finish a task in 2 days, how many worker-days are needed?",18,20,23,16,18,Puzzle,Hard
What is 84 + 35?,126,119,122,117,119,Quantitative,Easy
What is the square of 10?,99,105,101,100,100,Quantitative,Easy
"Find the next letter in the series: L, M, N, ?",N,Q,O,P,O,Logical,Easy
Choose the synonym of 'benefit'.,weak,advantage,late,small,advantage,Verbal,Hard
"If 2 workers finish a task in 3 days, how many worker-days are needed?",6,4,8,11,6,Puzzle,Easy
What is 78 + 95?,173,180,176,171,173,Quantitative,Easy
What is the square of 5?,25,30,26,24,25,Quantitative,Easy
"Find the next letter in the series: K, L, M, ?",M,O,P,N,N,Logical,Medium
Choose the synonym of 'honest'.,weak,truthful,small,late,truthful,Verbal,Medium
"If 8 workers finish a task in 8 days, how many worker-days are needed?",62,66,69,64,64,Puzzle,Hard
What is 27 + 99?,124,126,129,133,126,Quantitative,Medium
What is the square of 4?,17,15,16,21,16,Quantitative,Easy
"Find the next letter in the series: F, G, H, ?",J,I,K,H,I,Logical,Medium
Choose the synonym of 'rapid'.,fast,late,weak,small,fast,Verbal,Medium
"If 6 workers finish a task in 7 days, how many worker-days are needed?",40,44,42,47,42,Puzzle,Hard
What is 84 + 26?,108,117,113,110,110,Quantitative,Hard
What is the square of 9?,81,80,86,82,81,Quantitative,Medium
"Find the next letter in the series: C, D, E, ?",H,G,E,F,F,Logical,Easy
Choose the synonym of 'benefit'.,weak,advantage,small,late,advantage,Verbal,Easy
"If 9 workers finish a task in 2 days, how many worker-days are needed?",16,23,18,20,18,Puzzle,Medium
What is 58 + 53?,109,118,114,111,111,Quantitative,Hard
What is the square of 19?,366,361,362,360,361,Quantitative,Hard
"Find the next letter in the series: C, D, E, ?",G,H,E,F,F,Logical,Easy
Choose the synonym of 'benefit'.,late,advantage,small,weak,advantage,Verbal,Easy
"If 5 workers finish a task in 5 days, how many worker-days are needed?",27,25,23,30,25,Puzzle,Easy
What is 68 + 75?,141,146,143,150,143,Quantitative,Hard
What is the square of 13?,170,169,168,174,169,Quantitative,Easy
"Find the next letter in the series: B, C, D, ?",E,D,F,G,E,Logical,Hard
Choose the synonym of 'ancient'.,small,late,weak,old,old,Verbal,Hard
"If 8 workers finish a task in 6 days, how many worker-days are needed?",53,50,48,46,48,Puzzle,Hard
What is 11 + 64?,78,75,73,82,75,Quantitative,Hard
What is the square of 18?,324,329,323,325,324,Quantitative,Hard
"Find the next letter in the series: P, Q, R, ?",U,R,S,T,S,Logical,Hard
Choose the synonym of 'bright'.,small,smart,weak,late,smart,Verbal,Easy
"If 10 workers finish a task in 5 days, how many worker-days are needed?",52,55,50,48,50,Puzzle,Hard
What is 16 + 85?,99,108,101,104,101,Quantitative,Easy
What is the square of 7?,54,49,50,48,49,Quantitative,Easy
"Find the next letter in the series: P, Q, R, ?",T,R,S,U,S,Logical,Medium
Choose the synonym of 'benefit'.,late,advantage,weak,small,advantage,Verbal,Easy
"If 6 workers finish a task in 4 days, how many worker-days are needed?",29,26,22,24,24,Puzzle,Easy
What is 58 + 30?,86,95,88,91,88,Quantitative,Hard
What is the square of 10?,99,100,105,101,100,Quantitative,Easy
"Find the next letter in the series: G, H, I, ?",K,L,I,J,J,Logical,Medium
Choose the synonym of 'ancient'.,weak,late,old,small,old,Verbal,Medium
"If 6 workers finish a task in 2 days, how many worker-days are needed?",10,14,17,12,12,Puzzle,Hard
What is 53 + 66?,122,117,126,119,119,Quantitative,Hard
What is the square of 8?,69,65,64,63,64,Quantitative,Hard
"Find the next letter in the series: H, I, J, ?",J,M,K,L,K,Logical,Hard
Choose the synonym of 'rapid'.,fast,late,small,weak,fast,Verbal,Hard
"If 8 workers finish a task in 4 days, how many worker-days are needed?",30,32,37,34,32,Puzzle,Medium
What is 68 + 85?,156,153,160,151,153,Quantitative,Easy
What is the square of 12?,143,149,144,145,144,Quantitative,Hard
"Find the next letter in the series: M, N, O, ?",Q,P,R,O,P,Logical,Medium
Choose the synonym of 'honest'.,small,weak,late,truthful,truthful,Verbal,Hard
"If 10 workers finish a task in 3 days, how many worker-days are needed?",28,32,30,35,30,Puzzle,Easy
What is 62 + 51?,120,113,111,116,113,Quantitative,Medium
What is the square of 18?,325,323,324,329,324,Quantitative,Easy
"Find the next letter in the series: I, J, K, ?",M,L,K,N,L,Logical,Easy
Choose the synonym of 'ancient'.,old,late,small,weak,old,Verbal,Medium
"If 7 workers finish a task in 5 days, how many worker-days are needed?",37,40,33,35,35,Puzzle,Easy
What is 73 + 44?,124,120,115,117,117,Quantitative,Hard
What is the square of 13?,170,168,169,174,169,Quantitative,Hard
"Find the next letter in the series: N, O, P, ?",S,P,Q,R,Q,Logical,Hard
Choose the synonym of 'bright'.,weak,late,small,smart,smart,Verbal,Easy
"If 4 workers finish a task in 8 days, how many worker-days are needed?",34,30,32,37,32,Puzzle,Medium
What is 55 + 33?,88,86,91,95,88,Quantitative,Medium
What is the square of 7?,54,48,50,49,49,Quantitative,Medium
"Find the next letter in the series: N, O, P, ?",R,S,P,Q,Q,Logical,Easy
Choose the synonym of 'benefit'.,advantage,late,small,weak,advantage,Verbal,Easy
"If 3 workers finish a task in 9 days, how many worker-days are needed?",25,32,27,29,27,Puzzle,Medium
What is 64 + 30?,101,94,97,92,94,Quantitative,Hard
What is the square of 11?,121,126,120,122,121,Quantitative,Medium
"Find the next letter in the series: N, O, P, ?",R,P,Q,S,Q,Logical,Hard
Choose the synonym of 'honest'.,small,late,weak,truthful,truthful,Verbal,Hard
"If 8 workers finish a task in 5 days, how many worker-days are needed?",45,38,42,40,40,Puzzle,Easy
What is 21 + 93?,112,117,114,121,114,Quantitative,Easy
What is the square of 8?,65,69,64,63,64,Quantitative,Easy
"Find the next letter in the series: T, U, V, ?",V,W,X,Y,W,Logical,Hard
Choose the synonym of 'benefit'.,advantage,late,weak,small,advantage,Verbal,Hard
"If 10 workers finish a task in 4 days, how many worker-days are needed?",40,38,42,45,40,Puzzle,Easy
What is 59 + 29?,91,86,88,95,88,Quantitative,Hard
What is the square of 12?,149,145,143,144,144,Quantitative,Medium
"Find the next letter in the series: J, K, L, ?",M,O,N,L,M,Logical,Easy
Choose the synonym of 'honest'.,late,truthful,weak,small,truthful,Verbal,Easy
"If 3 workers finish a task in 8 days, how many worker-days are needed?",26,29,24,22,24,Puzzle,Hard
What is 19 + 92?,118,109,114,111,111,Quantitative,Medium
What is the square of 19?,361,366,360,362,361,Quantitative,Easy
"Find the next letter in the series: M, N, O, ?",O,P,R,Q,P,Logical,Hard
Choose the synonym of 'rapid'.,late,fast,small,weak,fast,Verbal,Easy
"If 8 workers finish a task in 6 days, how many worker-days are needed?",48,46,50,53,48,Puzzle,Hard
What is 91 + 46?,137,140,144,135,137,Quantitative,Hard
What is the square of 18?,325,323,329,324,324,Quantitative,Hard
"Find the next letter in the series: U, V, W, ?",W,X,Z,Y,X,Logical,Medium
Choose the synonym of 'rapid'.,fast,weak,small,late,fast,Verbal,Medium
"If 6 workers finish a task in 7 days, how many worker-days are needed?",47,40,42,44,42,Puzzle,Hard
What is 40 + 70?,113,110,108,117,110,Quantitative,Medium
What is the square of 16?,256,257,261,255,256,Quantitative,Hard
"Find the next letter in the series: G, H, I, ?",K,I,L,J,J,Logical,Easy
Choose the synonym of 'honest'.,truthful,weak,small,late,truthful,Verbal,Easy
"If 6 workers finish a task in 2 days, how many worker-days are needed?",14,10,17,12,12,Puzzle,Hard
What is 75 + 58?,131,136,140,133,133,Quantitative,Hard
What is the square of 6?,41,36,35,37,36,Quantitative,Hard
"Find the next letter in the series: H, I, J, ?",M,K,J,L,K,Logical,Medium
Choose the synonym of 'bright'.,smart,late,small,weak,smart,Verbal,Easy
"If 2 workers finish a task in 10 days, how many worker-days are needed?",18,25,20,22,20,Puzzle,Medium
What is 41 + 35?,79,76,74,83,76,Quantitative,Medium
What is the square of 18?,325,329,324,323,324,Quantitative,Medium
"Find the next letter in the series: O, P, Q, ?",R,T,S,Q,R,Logical,Hard
Choose the synonym of 'benefit'.,small,weak,advantage,late,advantage,Verbal,Hard
"If 2 workers finish a task in 9 days, how many worker-days are needed?",20,23,16,18,18,Puzzle,Easy
What is 26 + 95?,121,119,124,128,121,Quantitative,Hard
What is the square of 14?,201,195,196,197,196,Quantitative,Medium
"Find the next letter in the series: H, I, J, ?",J,L,M,K,K,Logical,Medium
Choose the synonym of 'bright'.,smart,small,weak,late,smart,Verbal,Medium
"If 4 workers finish a task in 10 days, how many worker-days are needed?",38,42,45,40,40,Puzzle,Easy
What is 11 + 23?,41,32,37,34,34,Quantitative,Medium
What is the square of 3?,8,10,14,9,9,Quantitative,Easy
"Find the next letter in the series: H, I, J, ?",M,J,K,L,K,Logical,Hard
Choose the synonym of 'benefit'.,advantage,late,weak,small,advantage,Verbal,Hard
"If 9 workers finish a task in 5 days, how many worker-days are needed?",50,45,43,47,45,Puzzle,Medium
What is 95 + 29?,124,127,122,131,124,Quantitative,Hard
What is the square of 7?,48,50,54,49,49,Quantitative,Medium
"Find the next letter in the series: A, B, C, ?",F,E,C,D,D,Logical,Medium
Choose the synonym of 'honest'.,small,late,truthful,weak,truthful,Verbal,Medium
"If 4 workers finish a task in 2 days, how many worker-days are needed?",10,6,13,8,8,Puzzle,Hard
What is 19 + 60?,77,86,79,82,79,Quantitative,Hard
What is the square of 19?,362,366,360,361,361,Quantitative,Hard
"Find the next letter in the series: K, L, M, ?",P,N,M,O,N,Logical,Easy
Choose the synonym of 'rapid'.,weak,late,small,fast,fast,Verbal,Medium
"If 3 workers finish a task in 2 days, how many worker-days are needed?",4,8,11,6,6,Puzzle,Hard
What is 76 + 16?,90,95,92,99,92,Quantitative,Easy
What is the square of 18?,329,323,325,324,324,Quantitative,Hard
"Find the next letter in the series: N, O, P, ?",P,R,Q,S,Q,Logical,Medium
Choose the synonym of 'bright'.,smart,weak,small,late,smart,Verbal,Medium
"If 8 workers finish a task in 7 days, how many worker-days are needed?",56,61,54,58,56,Puzzle,Easy
What is 45 + 94?,139,146,137,142,139,Quantitative,Hard
What is the square of 8?,69,65,64,63,64,Quantitative,Hard
"Find the next letter in the series: J, K, L, ?",L,M,N,O,M,Logical,Easy
Choose the synonym of 'rapid'.,late,fast,small,weak,fast,Verbal,Hard
"If 6 workers finish a task in 3 days, how many worker-days are needed?",20,18,16,23,18,Puzzle,Easy
What is 15 + 66?,81,84,88,79,81,Quantitative,Easy
What is the square of 7?,49,54,50,48,49,Quantitative,Hard
"Find the next letter in the series: D, E, F, ?",F,I,G,H,G,Logical,Medium
Choose the synonym of 'ancient'.,old,small,late,weak,old,Verbal,Medium
"If 5 workers finish a task in 9 days, how many worker-days are needed?",47,43,45,50,45,Puzzle,Medium
What is 29 + 67?,96,103,94,99,96,Quantitative,Easy
What is the square of 19?,361,366,360,362,361,Quantitative,Easy
"Find the next letter in the series: J, K, L, ?",O,M,L,N,M,Logical,Easy
Choose the synonym of 'benefit'.,advantage,weak,small,late,advantage,Verbal,Medium
"If 5 workers finish a task in 9 days, how many worker-days are needed?",45,43,47,50,45,Puzzle,Medium
What is 59 + 88?,147,145,154,150,147,Quantitative,Hard
What is the square of 10?,99,105,101,100,100,Quantitative,Easy
"Find the next letter in the series: A, B, C, ?",F,C,D,E,D,Logical,Easy
Choose the synonym of 'benefit'.,advantage,late,weak,small,advantage,Verbal,Medium
"If 10 workers finish a task in 10 days, how many worker-days are needed?",100,98,102,105,100,Puzzle,Hard
What is 41 + 15?,63,56,59,54,56,Quantitative,Medium
What is the square of 5?,30,25,26,24,25,Quantitative,Medium
"Find the next letter in the series: P, Q, R, ?",S,T,U,R,S,Logical,Easy
Choose the synonym of 'bright'.,smart,late,small,weak,smart,Verbal,Medium
"If 4 workers finish a task in 9 days, how many worker-days are needed?",41,34,38,36,36,Puzzle,Hard
What is 75 + 99?,172,177,181,174,174,Quantitative,Easy
What is the square of 7?,49,54,48,50,49,Quantitative,Easy
"Find the next letter in the series: B, C, D, ?",G,E,F,D,E,Logical,Medium
Choose the synonym of 'rapid'.,small,late,weak,fast,fast,Verbal,Hard
"If 9 workers finish a task in 10 days, how many worker-days are needed?",92,88,90,95,90,Puzzle,Medium
What is 23 + 11?,37,32,41,34,34,Quantitative,Easy
What is the square of 11?,120,121,122,126,121,Quantitative,Medium
"Find the next letter in the series: P, Q, R, ?",S,U,T,R,S,Logical,Medium
Choose the synonym of 'rapid'.,late,fast,weak,small,fast,Verbal,Medium
"If 10 workers finish a task in 9 days, how many worker-days are needed?",90,95,92,88,90,Puzzle,Medium
What is 65 + 14?,79,82,86,77,79,Quantitative,Medium
What is the square of 13?,169,170,168,174,169,Quantitative,Hard
"Find the next letter in the series: B, C, D, ?",E,G,D,F,E,Logical,Hard
Choose the synonym of 'ancient'.,weak,late,small,old,old,Verbal,Medium
"If 8 workers finish a task in 6 days, how many worker-days are needed?",46,53,50,48,48,Puzzle,Easy
What is 41 + 35?,76,74,83,79,76,Quantitative,Medium
What is the square of 15?,226,225,230,224,225,Quantitative,Hard
"Find the next letter in the series: N, O, P, ?",R,Q,P,S,Q,Logical,Easy
Choose the synonym of 'benefit'.,late,weak,small,advantage,advantage,Verbal,Easy
"If 9 workers finish a task in 7 days, how many worker-days are needed?",65,61,63,68,63,Puzzle,Easy
What is 25 + 60?,85,83,88,92,85,Quantitative,Easy
What is the square of 20?,400,399,405,401,400,Quantitative,Easy
"Find the next letter in the series: K, L, M, ?",N,M,P,O,N,Logical,Medium
Choose the synonym of 'bright'.,late,small,smart,weak,smart,Verbal,Hard
"If 8 workers finish a task in 3 days, how many worker-days are needed?",29,22,24,26,24,Puzzle,Hard
What is 39 + 70?,107,116,109,112,109,Quantitative,Easy
What is the square of 18?,324,323,329,325,324,Quantitative,Hard
"Find the next letter in the series: C, D, E, ?",E,G,H,F,F,Logical,Medium
Choose the synonym of 'honest'.,weak,late,small,truthful,truthful,Verbal,Hard
"If 4 workers finish a task in 3 days, how many worker-days are needed?",12,14,10,17,12,Puzzle,Hard
What is 80 + 84?,167,162,164,171,164,Quantitative,Easy
What is the square of 5?,26,25,24,30,25,Quantitative,Easy
"Find the next letter in the series: D, E, F, ?",I,F,G,H,G,Logical,Medium
Choose the synonym of 'bright'.,weak,small,late,smart,smart,Verbal,Easy
"If 5 workers finish a task in 8 days, how many worker-days are needed?",45,38,40,42,40,Puzzle,Medium
What is 87 + 71?,165,158,156,161,158,Quantitative,Easy
What is the square of 18?,329,323,325,324,324,Quantitative,Hard
"Find the next letter in the series: Q, R, S, ?",V,S,T,U,T,Logical,Medium
Choose the synonym of 'benefit'.,late,advantage,small,weak,advantage,Verbal,Medium
"If 6 workers finish a task in 10 days, how many worker-days are needed?",65,58,60,62,60,Puzzle,Hard
What is 34 + 44?,81,85,78,76,78,Quantitative,Easy
What is the square of 6?,35,37,36,41,36,Quantitative,Medium
"Find the next letter in the series: N, O, P, ?",P,Q,S,R,Q,Logical,Hard
Choose the synonym of 'honest'.,late,weak,truthful,small,truthful,Verbal,Medium
"If 4 workers finish a task in 7 days, how many worker-days are needed?",28,33,30,26,28,Puzzle,Easy
What is 80 + 62?,145,140,149,142,142,Quantitative,Medium
What is the square of 19?,360,366,361,362,361,Quantitative,Medium
"Find the next letter in the series: C, D, E, ?",E,H,F,G,F,Logical,Hard
Choose the synonym of 'honest'.,late,truthful,weak,small,truthful,Verbal,Hard
"If 10 workers finish a task in 8 days, how many worker-days are needed?",78,82,85,80,80,Puzzle,Medium
What is 15 + 73?,88,91,95,86,88,Quantitative,Easy
What is the square of 17?,294,289,290,288,289,Quantitative,Easy
"Find the next letter in the series: K, L, M, ?",M,N,O,P,N,Logical,Hard
Choose the synonym of 'bright'.,smart,small,late,weak,smart,Verbal,Medium
"If 2 workers finish a task in 4 days, how many worker-days are needed?",10,13,6,8,8,Puzzle,Hard
What is 98 + 38?,143,139,134,136,136,Quantitative,Hard
What is the square of 4?,21,15,16,17,16,Quantitative,Easy
"Find the next letter in the series: C, D, E, ?",F,G,E,H,F,Logical,Medium
Choose the synonym of 'bright'.,weak,smart,small,late,smart,Verbal,Medium
"If 5 workers finish a task in 5 days, how many worker-days are needed?",25,23,30,27,25,Puzzle,Medium
What is 89 + 38?,134,125,127,130,127,Quantitative,Medium
What is the square of 14?,196,201,195,197,196,Quantitative,Medium
"Find the next letter in the series: G, H, I, ?",J,K,L,I,J,Logical,Medium
Choose the synonym of 'ancient'.,weak,late,small,old,old,Verbal,Hard
"If 6 workers finish a task in 9 days, how many worker-days are needed?",52,54,59,56,54,Puzzle,Medium
What is 79 + 31?,110,108,117,113,110,Quantitative,Easy
What is the square of 8?,64,65,63,69,64,Quantitative,Easy
"Find the next letter in the series: K, L, M, ?",M,P,N,O,N,Logical,Hard
Choose the synonym of 'bright'.,small,smart,weak,late,smart,Verbal,Medium
"If 8 workers finish a task in 7 days, how many worker-days are needed?",61,54,58,56,56,Puzzle,Easy
What is 37 + 92?,127,129,136,132,129,Quantitative,Easy
What is the square of 19?,366,360,362,361,361,Quantitative,Medium
"Find the next letter in the series: Q, R, S, ?",T,S,U,V,T,Logical,Hard
Choose the synonym of 'honest'.,weak,small,truthful,late,truthful,Verbal,Easy
"If 7 workers finish a task in 9 days, how many worker-days are needed?",65,68,61,63,63,Puzzle,Hard
What is 51 + 45?,94,99,96,103,96,Quantitative,Hard
What is the square of 14?,197,195,201,196,196,Quantitative,Easy
"Find the next letter in the series: M, N, O, ?",P,R,O,Q,P,Logical,Medium
Choose the synonym of 'honest'.,small,weak,truthful,late,truthful,Verbal,Easy
"If 3 workers finish a task in 3 days, how many worker-days are needed?",11,9,7,14,9,Puzzle,Medium
What is 71 + 32?,106,101,110,103,103,Quantitative,Hard
What is the square of 7?,49,50,54,48,49,Quantitative,Easy
"Find the next letter in the series: R, S, T, ?",V,U,W,T,U,Logical,Easy
Choose the synonym of 'bright'.,late,smart,weak,small,smart,Verbal,Hard
"If 4 workers finish a task in 2 days, how many worker-days are needed?",13,10,8,6,8,Puzzle,Medium
What is 47 + 15?,60,65,69,62,62,Quantitative,Easy
What is the square of 5?,26,24,30,25,25,Quantitative,Hard
"Find the next letter in the series: T, U, V, ?",V,W,Y,X,W,Logical,Easy
Choose the synonym of 'bright'.,small,weak,smart,late,smart,Verbal,Easy
"If 3 workers finish a task in 4 days, how many worker-days are needed?",12,17,10,14,12,Puzzle,Easy
What is 32 + 45?,77,80,84,75,77,Quantitative,Easy
What is the square of 4?,15,21,17,16,16,Quantitative,Hard
"Find the next letter in the series: J, K, L, ?",M,N,O,L,M,Logical,Hard
Choose the synonym of 'ancient'.,small,weak,old,late,old,Verbal,Easy
"If 5 workers finish a task in 5 days, how many worker-days are needed?",30,27,25,23,25,Puzzle,Medium
What is 26 + 72?,105,98,101,96,98,Quantitative,Medium
What is the square of 16?,261,257,255,256,256,Quantitative,Easy
"Find the next letter in the series: K, L, M, ?",N,M,P,O,N,Logical,Easy
Choose the synonym of 'benefit'.,late,weak,small,advantage,advantage,Verbal,Medium
"If 3 workers finish a task in 7 days, how many worker-days are needed?",23,26,21,19,21,Puzzle,Medium
What is 66 + 51?,124,117,120,115,117,Quantitative,Medium
What is the square of 12?,149,145,144,143,144,Quantitative,Easy
"Find the next letter in the series: R, S, T, ?",W,V,T,U,U,Logical,Hard
Choose the synonym of 'benefit'.,small,weak,late,advantage,advantage,Verbal,Hard
"If 8 workers finish a task in 6 days, how many worker-days are needed?",50,53,48,46,48,Puzzle,Medium
What is 86 + 65?,154,158,149,151,151,Quantitative,Easy
What is the square of 11?,121,122,120,126,121,Quantitative,Hard
"Find the next letter in the series: H, I, J, ?",L,K,J,M,K,Logical,Medium
Choose the synonym of 'benefit'.,weak,advantage,late,small,advantage,Verbal,Easy
"If 6 workers finish a task in 8 days, how many worker-days are needed?",50,46,48,53,48,Puzzle,Medium
What is 18 + 86?,111,107,104,102,104,Quantitative,Easy
What is the square of 10?,101,99,100,105,100,Quantitative,Hard
"Find the next letter in the series: A, B, C, ?",F,C,D,E,D,Logical,Easy
Choose the synonym of 'bright'.,weak,smart,small,late,smart,Verbal,Hard
"If 2 workers finish a task in 6 days, how many worker-days are needed?",12,17,14,10,12,Puzzle,Medium
What is 29 + 55?,82,91,87,84,84,Quantitative,Easy
What is the square of 12?,145,143,149,144,144,Quantitative,Medium
"Find the next letter in the series: S, T, U, ?",U,W,V,X,V,Logical,Medium
Choose the synonym of 'honest'.,weak,small,truthful,late,truthful,Verbal,Hard
"If 9 workers finish a task in 5 days, how many worker-days are needed?",43,47,50,45,45,Puzzle,Hard
What is 33 + 90?,126,130,123,121,123,Quantitative,Medium
What is the square of 13?,168,174,170,169,169,Quantitative,Medium
"Find the next letter in the series: B, C, D, ?",D,F,G,E,E,Logical,Easy
Choose the synonym of 'benefit'.,small,weak,advantage,late,advantage,Verbal,Hard
"If 2 workers finish a task in 7 days, how many worker-days are needed?",14,19,12,16,14,Puzzle,Hard
What is 81 + 43?,127,124,131,122,124,Quantitative,Medium
What is the square of 6?,35,37,36,41,36,Quantitative,Medium
"Find the next letter in the series: K, L, M, ?",P,O,M,N,N,Logical,Easy
Choose the synonym of 'honest'.,weak,truthful,small,late,truthful,Verbal,Hard
"If 5 workers finish a task in 5 days, how many worker-days are needed?",27,25,30,23,25,Puzzle,Easy
What is 64 + 65?,132,129,127,136,129,Quantitative,Medium
What is the square of 12?,144,149,145,143,144,Quantitative,Hard
"Find the next letter in the series: R, S, T, ?",V,W,U,T,U,Logical,Medium
Choose the synonym of 'rapid'.,small,fast,late,weak,fast,Verbal,Hard
"If 5 workers finish a task in 6 days, how many worker-days are needed?",32,30,35,28,30,Puzzle,Hard
What is 99 + 88?,194,187,190,185,187,Quantitative,Hard
What is the square of 11?,120,121,122,126,121,Quantitative,Easy
"Find the next letter in the series: T, U, V, ?",X,Y,W,V,W,Logical,Easy
Choose the synonym of 'bright'.,weak,small,smart,late,smart,Verbal,Easy
"If 2 workers finish a task in 6 days, how many worker-days are needed?",12,14,17,10,12,Puzzle,Hard
What is 33 + 84?,120,117,115,124,117,Quantitative,Medium
What is the square of 18?,324,325,329,323,324,Quantitative,Hard
"Find the next letter in the series: H, I, J, ?",M,J,L,K,K,Logical,Easy
Choose the synonym of 'honest'.,late,weak,truthful,small,truthful,Verbal,Easy
"If 6 workers finish a task in 7 days, how many worker-days are needed?",47,40,42,44,42,Puzzle,Hard
What is 80 + 55?,138,142,135,133,135,Quantitative,Easy
What is the square of 19?,361,366,362,360,361,Quantitative,Hard
"Find the next letter in the series: A, B, C, ?",D,C,E,F,D,Logical,Medium
Choose the synonym of 'bright'.,small,late,smart,weak,smart,Verbal,Medium
"If 6 workers finish a task in 6 days, how many worker-days are needed?",36,41,34,38,36,Puzzle,Hard
What is 16 + 12?,28,26,35,31,28,Quantitative,Hard
What is the square of 7?,48,50,54,49,49,Quantitative,Hard
"Find the next letter in the series: F, G, H, ?",J,K,I,H,I,Logical,Medium
Choose the synonym of 'benefit'.,late,advantage,weak,small,advantage,Verbal,Easy
"If 9 workers finish a task in 6 days, how many worker-days are needed?",54,56,52,59,54,Puzzle,Hard
What is 84 + 50?,132,137,141,134,134,Quantitative,Hard
What is the square of 14?,195,197,201,196,196,Quantitative,Medium
"Find the next letter in the series: C, D, E, ?",G,E,F,H,F,Logical,Medium
Choose the synonym of 'bright'.,late,weak,smart,small,smart,Verbal,Medium
"If 10 workers finish a task in 3 days, how many worker-days are needed?",28,35,30,32,30,Puzzle,Hard
What is 68 + 83?,149,151,158,154,151,Quantitative,Medium
What is the square of 20?,400,399,401,405,400,Quantitative,Easy
"Find the next letter in the series: T, U, V, ?",Y,X,V,W,W,Logical,Medium
Choose the synonym of 'rapid'.,fast,small,late,weak,fast,Verbal,Medium
"If 5 workers finish a task in 6 days, how many worker-days are needed?",35,32,30,28,30,Puzzle,Easy
What is 70 + 25?,98,102,95,93,95,Quantitative,Hard
What is the square of 10?,100,101,105,99,100,Quantitative,Easy
"Find the next letter in the series: K, L, M, ?",O,N,P,M,N,Logical,Easy
Choose the synonym of 'rapid'.,fast,late,small,weak,fast,Verbal,Easy
"If 3 workers finish a task in 2 days, how many worker-days are needed?",11,8,6,4,6,Puzzle,Easy
What is 17 + 12?,29,36,32,27,29,Quantitative,Easy
What is the square of 14?,201,196,195,197,196,Quantitative,Easy
"Find the next letter in the series: E, F, G, ?",G,H,J,I,H,Logical,Hard
Choose the synonym of 'honest'.,weak,small,truthful,late,truthful,Verbal,Medium
"If 2 workers finish a task in 5 days, how many worker-days are needed?",12,8,10,15,10,Puzzle,Medium
What is 75 + 38?,116,120,113,111,113,Quantitative,Easy
What is the square of 17?,289,294,288,290,289,Quantitative,Easy
"Find the next letter in the series: O, P, Q, ?",R,T,Q,S,R,Logical,Hard
Choose the synonym of 'benefit'.,weak,advantage,small,late,advantage,Verbal,Medium
"If 8 workers finish a task in 4 days, how many worker-days are needed?",37,32,34,30,32,Puzzle,Easy
What is 77 + 86?,170,166,163,161,163,Quantitative,Easy
What is the square of 12?,149,143,144,145,144,Quantitative,Hard
"Find the next letter in the series: U, V, W, ?",Z,Y,W,X,X,Logical,Medium
Choose the synonym of 'benefit'.,weak,small,late,advantage,advantage,Verbal,Medium
"If 10 workers finish a task in 9 days, how many worker-days are needed?",92,88,90,95,90,Puzzle,Medium
What is 48 + 23?,74,78,71,69,71,Quantitative,Medium
What is the square of 3?,8,10,9,14,9,Quantitative,Medium
"Find the next letter in the series: O, P, Q, ?",Q,R,T,S,R,Logical,Hard
Choose the synonym of 'rapid'.,small,fast,weak,late,fast,Verbal,Hard
"If 6 workers finish a task in 7 days, how many worker-days are needed?",47,42,40,44,42,Puzzle,Easy
What is 51 + 48?,97,99,102,106,99,Quantitative,Easy
What is the square of 7?,48,50,54,49,49,Quantitative,Medium
"Find the next letter in the series: E, F, G, ?",J,H,I,G,H,Logical,Hard
Choose the synonym of 'bright'.,weak,small,late,smart,smart,Verbal,Easy
"If 7 workers finish a task in 6 days, how many worker-days are needed?",47,40,42,44,42,Puzzle,Easy
What is 18 + 35?,56,60,51,53,53,Quantitative,Medium
What is the square of 17?,289,288,294,290,289,Quantitative,Hard
"Find the next letter in the series: P, Q, R, ?",T,R,U,S,S,Logical,Easy
Choose the synonym of 'bright'.,weak,late,small,smart,smart,Verbal,Hard
"If 10 workers finish a task in 6 days, how many worker-days are needed?",58,65,62,60,60,Puzzle,Hard
What is 94 + 14?,108,115,111,106,108,Quantitative,Hard
What is the square of 15?,224,225,230,226,225,Quantitative,Easy
"Find the next letter in the series: M, N, O, ?",R,Q,O,P,P,Logical,Hard
Choose the synonym of 'benefit'.,advantage,late,small,weak,advantage,Verbal,Hard
"If 7 workers finish a task in 4 days, how many worker-days are needed?",28,33,30,26,28,Puzzle,Hard
What is 72 + 63?,142,138,135,133,135,Quantitative,Medium
What is the square of 9?,86,81,80,82,81,Quantitative,Easy
"Find the next letter in the series: L, M, N, ?",P,N,Q,O,O,Logical,Medium
Choose the synonym of 'rapid'.,small,fast,late,weak,fast,Verbal,Hard
"If 2 workers finish a task in 8 days, how many worker-days are needed?",21,14,18,16,16,Puzzle,Easy
What is 69 + 32?,108,99,104,101,101,Quantitative,Hard
What is the square of 5?,26,24,25,30,25,Quantitative,Easy
"Find the next letter in the series: E, F, G, ?",G,J,I,H,H,Logical,Easy
Choose the synonym of 'benefit'.,late,weak,advantage,small,advantage,Verbal,Hard
"If 2 workers finish a task in 4 days, how many worker-days are needed?",13,6,8,10,8,Puzzle,Hard
What is 61 + 37?,98,101,96,105,98,Quantitative,Easy
What is the square of 11?,126,122,121,120,121,Quantitative,Easy
"Find the next letter in the series: E, F, G, ?",G,I,H,J,H,Logical,Hard
Choose the synonym of 'honest'.,late,small,truthful,weak,truthful,Verbal,Medium
"If 7 workers finish a task in 10 days, how many worker-days are needed?",72,70,75,68,70,Puzzle,Medium
What is 26 + 90?,123,114,116,119,116,Quantitative,Medium
What is the square of 12?,149,145,143,144,144,Quantitative,Hard
"Find the next letter in the series: H, I, J, ?",M,L,K,J,K,Logical,Hard
Choose the synonym of 'rapid'.,small,fast,weak,late,fast,Verbal,Hard
"If 4 workers finish a task in 8 days, how many worker-days are needed?",34,37,30,32,32,Puzzle,Medium
What is 22 + 10?,35,30,39,32,32,Quantitative,Medium
What is the square of 6?,37,35,36,41,36,Quantitative,Easy
"Find the next letter in the series: P, Q, R, ?",S,T,U,R,S,Logical,Easy
Choose the synonym of 'bright'.,late,smart,weak,small,smart,Verbal,Medium
"If 6 workers finish a task in 9 days, how many worker-days are needed?",52,59,56,54,54,Puzzle,Easy
What is 47 + 25?,79,70,75,72,72,Quantitative,Medium
What is the square of 7?,50,49,48,54,49,Quantitative,Easy
"Find the next letter in the series: S, T, U, ?",V,X,W,U,V,Logical,Medium
Choose the synonym of 'bright'.,late,smart,small,weak,smart,Verbal,Hard
"If 4 workers finish a task in 5 days, how many worker-days are needed?",18,22,20,25,20,Puzzle,Easy
What is 14 + 65?,77,86,82,79,79,Quantitative,Easy
What is the square of 16?,256,255,257,261,256,Quantitative,Easy
"Find the next letter in the series: B, C, D, ?",G,D,E,F,E,Logical,Hard
Choose the synonym of 'ancient'.,old,late,small,weak,old,Verbal,Medium
"If 8 workers finish a task in 5 days, how many worker-days are needed?",38,40,45,42,40,Puzzle,Easy
What is 55 + 61?,119,116,114,123,116,Quantitative,Hard
What is the square of 3?,10,14,9,8,9,Quantitative,Hard
"Find the next letter in the series: L, M, N, ?",P,N,Q,O,O,Logical,Medium
Choose the synonym of 'benefit'.,small,weak,late,advantage,advantage,Verbal,Easy
"If 8 workers finish a task in 9 days, how many worker-days are needed?",77,74,70,72,72,Puzzle,Medium
What is 23 + 48?,69,74,71,78,71,Quantitative,Hard
What is the square of 9?,82,81,86,80,81,Quantitative,Medium
"Find the next letter in the series: F, G, H, ?",K,I,J,H,I,Logical,Medium
Choose the synonym of 'benefit'.,advantage,weak,small,late,advantage,Verbal,Hard
"If 5 workers finish a task in 3 days, how many worker-days are needed?",15,17,13,20,15,Puzzle,Hard
What is 41 + 93?,134,137,132,141,134,Quantitative,Hard
What is the square of 10?,99,101,100,105,100,Quantitative,Hard
"Find the next letter in the series: E, F, G, ?",H,I,G,J,H,Logical,Medium
Choose the synonym of 'benefit'.,late,advantage,small,weak,advantage,Verbal,Hard
"If 8 workers finish a task in 3 days, how many worker-days are needed?",24,22,29,26,24,Puzzle,Medium
What is 22 + 70?,92,99,95,90,92,Quantitative,Easy
What is the square of 17?,294,288,289,290,289,Quantitative,Medium
"Find the next letter in the series: J, K, L, ?",L,M,N,O,M,Logical,Hard
Choose the synonym of 'ancient'.,old,small,weak,late,old,Verbal,Hard
"If 4 workers finish a task in 10 days, how many worker-days are needed?",40,45,38,42,40,Puzzle,Hard
What is 57 + 35?,95,90,92,99,92,Quantitative,Easy
What is the square of 11?,121,126,122,120,121,Quantitative,Easy
"Find the next letter in the series: D, E, F, ?",I,H,G,F,G,Logical,Hard
Choose the synonym of 'rapid'.,weak,small,late,fast,fast,Verbal,Hard
"If 10 workers finish a task in 5 days, how many worker-days are needed?",50,52,55,48,50,Puzzle,Easy
What is 46 + 33?,77,79,86,82,79,Quantitative,Hard
What is the square of 4?,16,21,17,15,16,Quantitative,Medium
"Find the next letter in the series: N, O, P, ?",R,Q,P,S,Q,Logical,Easy
Choose the synonym of 'benefit'.,weak,late,advantage,small,advantage,Verbal,Easy
"If 7 workers finish a task in 2 days, how many worker-days are needed?",19,16,14,12,14,Puzzle,Medium
What is 50 + 39?,92,96,87,89,89,Quantitative,Hard
What is the square of 11?,121,120,126,122,121,Quantitative,Hard
"Find the next letter in the series: G, H, I, ?",K,L,I,J,J,Logical,Medium
Choose the synonym of 'bright'.,small,late,smart,weak,smart,Verbal,Hard
"If 10 workers finish a task in 8 days, how many worker-days are needed?",78,80,85,82,80,Puzzle,Medium
What is 51 + 13?,64,71,62,67,64,Quantitative,Easy
What is the square of 11?,121,126,120,122,121,Quantitative,Medium
"Find the next letter in the series: A, B, C, ?",D,C,F,E,D,Logical,Hard
Choose the synonym of 'honest'.,weak,late,small,truthful,truthful,Verbal,Hard
"If 10 workers finish a task in 6 days, how many worker-days are needed?",65,62,60,58,60,Puzzle,Hard
What is 30 + 40?,70,68,77,73,70,Quantitative,Hard
What is the square of 3?,10,9,8,14,9,Quantitative,Medium
"Find the next letter in the series: K, L, M, ?",P,N,M,O,N,Logical,Medium
Choose the synonym of 'ancient'.,old,weak,late,small,old,Verbal,Hard
"If 10 workers finish a task in 2 days, how many worker-days are needed?",22,20,18,25,20,Puzzle,Hard
What is 96 + 72?,166,175,171,168,168,Quantitative,Medium
What is the square of 6?,37,35,41,36,36,Quantitative,Hard
"Find the next letter in the series: M, N, O, ?",P,Q,O,R,P,Logical,Medium
Choose the synonym of 'bright'.,weak,late,smart,small,smart,Verbal,Hard
"If 5 workers finish a task in 9 days, how many worker-days are needed?",43,47,50,45,45,Puzzle,Easy
What is 22 + 42?,67,71,64,62,64,Quantitative,Medium
What is the square of 13?,170,169,168,174,169,Quantitative,Easy
"Find the next letter in the series: M, N, O, ?",P,R,Q,O,P,Logical,Hard
Choose the synonym of 'honest'.,small,truthful,weak,late,truthful,Verbal,Medium
"If 4 workers finish a task in 9 days, how many worker-days are needed?",34,36,41,38,36,Puzzle,Hard
What is 44 + 98?,145,149,142,140,142,Quantitative,Easy
What is the square of 12?,144,143,145,149,144,Quantitative,Medium
"Find the next letter in the series: G, H, I, ?",K,I,L,J,J,Logical,Easy
Choose the synonym of 'bright'.,late,small,weak,smart,smart,Verbal,Medium
"If 5 workers finish a task in 5 days, how many worker-days are needed?",30,23,25,27,25,Puzzle,Easy
What is 35 + 58?,91,100,96,93,93,Quantitative,Easy
What is the square of 19?,362,361,366,360,361,Quantitative,Medium
"Find the next letter in the series: J, K, L, ?",L,O,N,M,M,Logical,Hard
Choose the synonym of 'bright'.,smart,small,late,weak,smart,Verbal,Medium
"If 10 workers finish a task in 4 days, how many worker-days are needed?",40,38,45,42,40,Puzzle,Hard
What is 65 + 30?,93,95,98,102,95,Quantitative,Hard
What is the square of 9?,80,82,81,86,81,Quantitative,Hard
"Find the next letter in the series: S, T, U, ?",V,U,X,W,V,Logical,Medium
Choose the synonym of 'bright'.,smart,weak,late,small,smart,Verbal,Hard
"If 2 workers finish a task in 4 days, how many worker-days are needed?",6,13,10,8,8,Puzzle,Hard
What is 72 + 54?,126,124,133,129,126,Quantitative,Easy
What is the square of 3?,8,9,10,14,9,Quantitative,Hard
"Find the next letter in the series: D, E, F, ?",F,I,H,G,G,Logical,Hard
Choose the synonym of 'honest'.,small,truthful,weak,late,truthful,Verbal,Medium
"If 7 workers finish a task in 8 days, how many worker-days are needed?",54,58,61,56,56,Puzzle,Easy
What is 28 + 20?,46,48,51,55,48,Quantitative,Medium
What is the square of 18?,329,323,324,325,324,Quantitative,Hard
"Find the next letter in the series: N, O, P, ?",Q,S,P,R,Q,Logical,Medium
Choose the synonym of 'bright'.,smart,weak,small,late,smart,Verbal,Medium
"If 7 workers finish a task in 8 days, how many worker-days are needed?",56,54,58,61,56,Puzzle,Easy
What is 79 + 68?,147,145,150,154,147,Quantitative,Hard
What is the square of 11?,122,120,126,121,121,Quantitative,Easy
"Find the next letter in the series: O, P, Q, ?",T,S,R,Q,R,Logical,Hard
Choose the synonym of 'benefit'.,late,weak,small,advantage,advantage,Verbal,Hard
"If 7 workers finish a task in 10 days, how many worker-days are needed?",75,72,68,70,70,Puzzle,Easy
What is 40 + 59?,102,106,99,97,99,Quantitative,Medium
What is the square of 19?,366,360,362,361,361,Quantitative,Medium
"Find the next letter in the series: E, F, G, ?",G,H,I,J,H,Logical,Hard
Choose the synonym of 'benefit'.,small,weak,advantage,late,advantage,Verbal,Hard
"If 7 workers finish a task in 7 days, how many worker-days are needed?",51,54,47,49,49,Puzzle,Hard
What is 74 + 93?,174,165,170,167,167,Quantitative,Easy
What is the square of 20?,399,401,405,400,400,Quantitative,Hard
"Find the next letter in the series: E, F, G, ?",H,G,J,I,H,Logical,Medium
Choose the synonym of 'honest'.,truthful,weak,small,late,truthful,Verbal,Easy
"If 5 workers finish a task in 3 days, how many worker-days are needed?",20,15,13,17,15,Puzzle,Easy
What is 88 + 61?,156,152,149,147,149,Quantitative,Medium
What is the square of 17?,294,290,288,289,289,Quantitative,Hard
"Find the next letter in the series: B, C, D, ?",E,F,D,G,E,Logical,Medium
Choose the synonym of 'bright'.,weak,small,late,smart,smart,Verbal,Hard
"If 2 workers finish a task in 9 days, how many worker-days are needed?",23,16,18,20,18,Puzzle,Hard
What is 72 + 82?,152,157,161,154,154,Quantitative,Medium
What is the square of 10?,99,105,101,100,100,Quantitative,Hard
"Find the next letter in the series: E, F, G, ?",J,H,G,I,H,Logical,Hard
Choose the synonym of 'rapid'.,late,weak,fast,small,fast,Verbal,Easy
"If 6 workers finish a task in 9 days, how many worker-days are needed?",54,56,52,59,54,Puzzle,Hard
What is 67 + 45?,119,115,110,112,112,Quantitative,Medium
What is the square of 8?,69,65,63,64,64,Quantitative,Hard
"Find the next letter in the series: M, N, O, ?",Q,P,O,R,P,Logical,Medium
Choose the synonym of 'bright'.,late,weak,smart,small,smart,Verbal,Medium
"If 9 workers finish a task in 5 days, how many worker-days are needed?",43,50,45,47,45,Puzzle,Medium
What is 60 + 99?,157,162,166,159,159,Quantitative,Hard
What is the square of 9?,81,82,86,80,81,Quantitative,Medium
"Find the next letter in the series: J, K, L, ?",L,N,O,M,M,Logical,Medium
Choose the synonym of 'benefit'.,advantage,weak,late,small,advantage,Verbal,Hard
"If 8 workers finish a task in 7 days, how many worker-days are needed?",58,61,54,56,56,Puzzle,Medium
What is 65 + 97?,160,165,169,162,162,Quantitative,Medium
What is the square of 10?,100,105,101,99,100,Quantitative,Hard
"Find the next letter in the series: L, M, N, ?",Q,O,P,N,O,Logical,Easy
Choose the synonym of 'benefit'.,late,small,weak,advantage,advantage,Verbal,Hard
"If 5 workers finish a task in 9 days, how many worker-days are needed?",50,43,47,45,45,Puzzle,Easy
What is 93 + 81?,181,174,172,177,174,Quantitative,Easy
What is the square of 16?,256,255,261,257,256,Quantitative,Easy
"Find the next letter in the series: U, V, W, ?",W,Z,Y,X,X,Logical,Medium
Choose the synonym of 'ancient'.,old,late,weak,small,old,Verbal,Easy
"If 9 workers finish a task in 9 days, how many worker-days are needed?",86,83,79,81,81,Puzzle,Hard
What is 41 + 44?,92,83,85,88,85,Quantitative,Hard
What is the square of 9?,86,80,81,82,81,Quantitative,Medium
"Find the next letter in the series: R, S, T, ?",W,V,U,T,U,Logical,Hard
Choose the synonym of 'benefit'.,advantage,weak,late,small,advantage,Verbal,Easy
"If 10 workers finish a task in 3 days, how many worker-days are needed?",30,35,28,32,30,Puzzle,Hard
What is 63 + 53?,116,123,119,114,116,Quantitative,Easy
What is the square of 15?,225,224,226,230,225,Quantitative,Hard
"Find the next letter in the series: A, B, C, ?",E,C,F,D,D,Logical,Hard
Choose the synonym of 'rapid'.,late,fast,small,weak,fast,Verbal,Medium
"If 7 workers finish a task in 2 days, how many worker-days are needed?",16,14,19,12,14,Puzzle,Easy
What is 53 + 87?,147,140,138,143,140,Quantitative,Easy
What is the square of 11?,126,122,120,121,121,Quantitative,Easy
"Find the next letter in the series: B, C, D, ?",E,D,F,G,E,Logical,Hard
Choose the synonym of 'ancient'.,old,late,small,weak,old,Verbal,Easy
"If 5 workers finish a task in 4 days, how many worker-days are needed?",22,25,20,18,20,Puzzle,Hard
What is 60 + 23?,90,83,86,81,83,Quantitative,Hard
What is the square of 5?,24,26,30,25,25,Quantitative,Hard
"Find the next letter in the series: L, M, N, ?",N,Q,O,P,O,Logical,Hard
Choose the synonym of 'benefit'.,small,weak,late,advantage,advantage,Verbal,Medium
"If 5 workers finish a task in 4 days, how many worker-days are needed?",25,20,18,22,20,Puzzle,Hard
What is 84 + 45?,136,127,132,129,129,Quantitative,Hard
What is the square of 15?,230,225,226,224,225,Quantitative,Easy
"Find the next letter in the series: Q, R, S, ?",S,T,V,U,T,Logical,Medium
Choose the synonym of 'ancient'.,late,weak,old,small,old,Verbal,Hard
"If 9 workers finish a task in 6 days, how many worker-days are needed?",54,59,52,56,54,Puzzle,Medium
What is 59 + 74?,131,133,136,140,133,Quantitative,Easy
What is the square of 12?,144,145,143,149,144,Quantitative,Hard
"Find the next letter in the series: N, O, P, ?",R,Q,P,S,Q,Logical,Hard
Choose the synonym of 'rapid'.,weak,small,late,fast,fast,Verbal,Medium
"If 8 workers finish a task in 7 days, how many worker-days are needed?",54,56,58,61,56,Puzzle,Medium
What is 35 + 50?,88,85,92,83,85,Quantitative,Hard
What is the square of 8?,64,69,65,63,64,Quantitative,Easy
"Find the next letter in the series: N, O, P, ?",P,S,R,Q,Q,Logical,Medium
Choose the synonym of 'ancient'.,small,old,late,weak,old,Verbal,Easy
"If 8 workers finish a task in 6 days, how many worker-days are needed?",46,53,50,48,48,Puzzle,Easy
What is 28 + 95?,123,121,130,126,123,Quantitative,Easy
What is the square of 7?,48,54,49,50,49,Quantitative,Easy
"Find the next letter in the series: N, O, P, ?",R,Q,S,P,Q,Logical,Hard
Choose the synonym of 'bright'.,weak,smart,small,late,smart,Verbal,Hard
"If 7 workers finish a task in 3 days, how many worker-days are needed?",19,26,21,23,21,Puzzle,Medium
What is 93 + 72?,165,163,172,168,165,Quantitative,Hard
What is the square of 11?,126,121,122,120,121,Quantitative,Medium
"Find the next letter in the series: H, I, J, ?",L,M,J,K,K,Logical,Easy
Choose the synonym of 'bright'.,small,weak,smart,late,smart,Verbal,Medium
"If 4 workers finish a task in 8 days, how many worker-days are needed?",37,34,30,32,32,Puzzle,Medium
What is 89 + 15?,102,111,104,107,104,Quantitative,Medium
What is the square of 15?,226,225,230,224,225,Quantitative,Easy
"Find the next letter in the series: O, P, Q, ?",R,T,S,Q,R,Logical,Medium
Choose the synonym of 'bright'.,small,weak,late,smart,smart,Verbal,Medium
"If 6 workers finish a task in 5 days, how many worker-days are needed?",30,35,28,32,30,Puzzle,Easy
What is 62 + 10?,75,72,70,79,72,Quantitative,Hard
What is the square of 4?,16,17,15,21,16,Quantitative,Easy
"Find the next letter in the series: K, L, M, ?",O,P,N,M,N,Logical,Medium
Choose the synonym of 'benefit'.,late,small,advantage,weak,advantage,Verbal,Hard
"If 7 workers finish a task in 2 days, how many worker-days are needed?",19,12,16,14,14,Puzzle,Medium
What is 99 + 10?,116,109,107,112,109,Quantitative,Medium
What is the square of 10?,101,100,99,105,100,Quantitative,Medium
"Find the next letter in the series: A, B, C, ?",E,C,F,D,D,Logical,Easy
Choose the synonym of 'ancient'.,weak,small,old,late,old,Verbal,Hard
"If 6 workers finish a task in 5 days, how many worker-days are needed?",35,30,32,28,30,Puzzle,Medium
What is 88 + 33?,121,119,128,124,121,Quantitative,Hard
What is the square of 12?,149,143,145,144,144,Quantitative,Hard
"Find the next letter in the series: M, N, O, ?",R,O,Q,P,P,Logical,Medium
Choose the synonym of 'ancient'.,late,small,weak,old,old,Verbal,Hard
"If 3 workers finish a task in 2 days, how many worker-days are needed?",8,6,11,4,6,Puzzle,Hard
What is 61 + 93?,161,154,157,152,154,Quantitative,Easy
What is the square of 16?,261,257,256,255,256,Quantitative,Hard
"Find the next letter in the series: G, H, I, ?",I,L,K,J,J,Logical,Easy
Choose the synonym of 'benefit'.,small,late,advantage,weak,advantage,Verbal,Easy
"If 5 workers finish a task in 9 days, how many worker-days are needed?",47,43,45,50,45,Puzzle,Hard
What is 50 + 91?,139,141,148,144,141,Quantitative,Hard
What is the square of 7?,54,50,48,49,49,Quantitative,Easy
"Find the next letter in the series: H, I, J, ?",L,J,K,M,K,Logical,Medium
Choose the synonym of 'benefit'.,small,weak,late,advantage,advantage,Verbal,Easy
"If 5 workers finish a task in 6 days, how many worker-days are needed?",32,28,30,35,30,Puzzle,Easy
What is 43 + 85?,128,126,131,135,128,Quantitative,Hard
What is the square of 17?,294,289,288,290,289,Quantitative,Medium
"Find the next letter in the series: M, N, O, ?",P,R,Q,O,P,Logical,Medium
Choose the synonym of 'benefit'.,weak,advantage,late,small,advantage,Verbal,Medium
"If 4 workers finish a task in 6 days, how many worker-days are needed?",22,29,24,26,24,Puzzle,Easy
What is 28 + 57?,88,92,83,85,85,Quantitative,Easy
What is the square of 17?,289,290,294,288,289,Quantitative,Easy
"Find the next letter in the series: P, Q, R, ?",R,U,S,T,S,Logical,Hard
Choose the synonym of 'honest'.,truthful,late,weak,small,truthful,Verbal,Hard
"If 10 workers finish a task in 10 days, how many worker-days are needed?",102,105,100,98,100,Puzzle,Hard
What is 72 + 79?,151,149,158,154,151,Quantitative,Medium
What is the square of 8?,69,65,63,64,64,Quantitative,Medium
"Find the next letter in the series: G, H, I, ?",L,J,I,K,J,Logical,Hard
Choose the synonym of 'ancient'.,late,small,old,weak,old,Verbal,Medium
"If 10 workers finish a task in 3 days, how many worker-days are needed?",30,28,35,32,30,Puzzle,Hard
What is 11 + 64?,75,82,78,73,75,Quantitative,Hard
What is the square of 19?,366,361,362,360,361,Quantitative,Hard
"Find the next letter in the series: S, T, U, ?",U,W,V,X,V,Logical,Medium
Choose the synonym of 'bright'.,smart,weak,late,small,smart,Verbal,Medium
"If 6 workers finish a task in 8 days, how many worker-days are needed?",46,48,50,53,48,Puzzle,Hard
What is 45 + 86?,134,138,129,131,131,Quantitative,Easy
What is the square of 20?,399,401,400,405,400,Quantitative,Medium
"Find the next letter in the series: U, V, W, ?",Z,X,Y,W,X,Logical,Hard
Choose the synonym of 'ancient'.,small,late,old,weak,old,Verbal,Easy
"If 9 workers finish a task in 6 days, how many worker-days are needed?",54,59,52,56,54,Puzzle,Hard
What is 51 + 10?,64,68,59,61,61,Quantitative,Easy
What is the square of 5?,30,24,26,25,25,Quantitative,Medium
"Find the next letter in the series: T, U, V, ?",V,X,W,Y,W,Logical,Medium
Choose the synonym of 'rapid'.,fast,small,late,weak,fast,Verbal,Hard
"If 6 workers finish a task in 8 days, how many worker-days are needed?",53,46,48,50,48,Puzzle,Hard
What is 78 + 47?,123,132,128,125,125,Quantitative,Hard
What is the square of 18?,323,325,324,329,324,Quantitative,Easy
"Find the next letter in the series: T, U, V, ?",Y,V,X,W,W,Logical,Easy
Choose the synonym of 'ancient'.,old,weak,late,small,old,Verbal,Easy
"If 4 workers finish a task in 8 days, how many worker-days are needed?",37,32,34,30,32,Puzzle,Hard
What is 81 + 87?,168,175,166,171,168,Quantitative,Easy
What is the square of 5?,24,25,26,30,25,Quantitative,Easy
"Find the next letter in the series: R, S, T, ?",T,W,U,V,U,Logical,Medium
Choose the synonym of 'benefit'.,weak,late,small,advantage,advantage,Verbal,Hard
"If 2 workers finish a task in 10 days, how many worker-days are needed?",20,22,18,25,20,Puzzle,Hard
What is 19 + 49?,66,75,68,71,68,Quantitative,Easy
What is the square of 3?,9,14,8,10,9,Quantitative,Easy
"Find the next letter in the series: O, P, Q, ?",R,T,S,Q,R,Logical,Medium
Choose the synonym of 'honest'.,late,small,truthful,weak,truthful,Verbal,Medium
"If 7 workers finish a task in 8 days, how many worker-days are needed?",58,54,56,61,56,Puzzle,Medium
What is 38 + 37?,78,82,73,75,75,Quantitative,Hard
What is the square of 17?,288,290,289,294,289,Quantitative,Medium
"Find the next letter in the series: I, J, K, ?",N,L,K,M,L,Logical,Medium
Choose the synonym of 'honest'.,truthful,small,weak,late,truthful,Verbal,Easy
"If 3 workers finish a task in 3 days, how many worker-days are needed?",9,14,11,7,9,Puzzle,Hard
What is 59 + 51?,113,108,110,117,110,Quantitative,Hard
What is the square of 19?,362,360,366,361,361,Quantitative,Medium
"Find the next letter in the series: L, M, N, ?",P,Q,N,O,O,Logical,Medium
Choose the synonym of 'honest'.,truthful,small,late,weak,truthful,Verbal,Hard
"If 6 workers finish a task in 5 days, how many worker-days are needed?",28,32,30,35,30,Puzzle,Medium
What is 26 + 61?,94,85,90,87,87,Quantitative,Easy
What is the square of 5?,25,30,26,24,25,Quantitative,Easy
"Find the next letter in the series: G, H, I, ?",K,J,I,L,J,Logical,Hard
Choose the synonym of 'benefit'.,weak,late,small,advantage,advantage,Verbal,Medium
"If 3 workers finish a task in 5 days, how many worker-days are needed?",13,17,15,20,15,Puzzle,Medium
What is 71 + 73?,144,151,142,147,144,Quantitative,Easy
What is the square of 18?,324,329,325,323,324,Quantitative,Easy
"Find the next letter in the series: R, S, T, ?",U,T,W,V,U,Logical,Medium
Choose the synonym of 'honest'.,small,late,weak,truthful,truthful,Verbal,Medium
"If 8 workers finish a task in 9 days, how many worker-days are needed?",72,74,70,77,72,Puzzle,Hard
What is 34 + 92?,126,124,133,129,126,Quantitative,Easy
What is the square of 15?,225,224,226,230,225,Quantitative,Hard
"Find the next letter in the series: U, V, W, ?",W,Z,X,Y,X,Logical,Easy
Choose the synonym of 'ancient'.,small,old,late,weak,old,Verbal,Medium
"If 8 workers finish a task in 6 days, how many worker-days are needed?",46,53,48,50,48,Puzzle,Easy
What is 80 + 78?,156,161,158,165,158,Quantitative,Easy
What is the square of 5?,24,26,30,25,25,Quantitative,Hard
"Find the next letter in the series: K, L, M, ?",P,O,N,M,N,Logical,Hard
Choose the synonym of 'benefit'.,late,small,advantage,weak,advantage,Verbal,Easy
"If 10 workers finish a task in 5 days, how many worker-days are needed?",55,50,52,48,50,Puzzle,Easy
What is 42 + 46?,91,95,86,88,88,Quantitative,Medium
What is the square of 4?,17,21,15,16,16,Quantitative,Easy
"Find the next letter in the series: O, P, Q, ?",S,R,T,Q,R,Logical,Easy
Choose the synonym of 'benefit'.,weak,small,late,advantage,advantage,Verbal,Medium
"If 5 workers finish a task in 6 days, how many worker-days are needed?",28,30,32,35,30,Puzzle,Medium
What is 71 + 84?,162,158,153,155,155,Quantitative,Medium
What is the square of 11?,126,121,122,120,121,Quantitative,Hard
"Find the next letter in the series: J, K, L, ?",N,M,O,L,M,Logical,Easy
Choose the synonym of 'honest'.,late,weak,small,truthful,truthful,Verbal,Medium
"If 9 workers finish a task in 2 days, how many worker-days are needed?",18,20,16,23,18,Puzzle,Hard
What is 44 + 48?,90,99,95,92,92,Quantitative,Hard
What is the square of 17?,289,294,290,288,289,Quantitative,Hard
"Find the next letter in the series: G, H, I, ?",K,I,L,J,J,Logical,Hard
Choose the synonym of 'bright'.,late,weak,small,smart,smart,Verbal,Hard
"If 4 workers finish a task in 2 days, how many worker-days are needed?",10,8,6,13,8,Puzzle,Easy
What is 27 + 11?,38,41,36,45,38,Quantitative,Medium
What is the square of 14?,197,201,196,195,196,Quantitative,Easy
"Find the next letter in the series: U, V, W, ?",Z,X,Y,W,X,Logical,Hard
Choose the synonym of 'ancient'.,old,small,weak,late,old,Verbal,Medium
"If 7 workers finish a task in 7 days, how many worker-days are needed?",49,51,54,47,49,Puzzle,Easy
What is 53 + 20?,80,71,73,76,73,Quantitative,Hard
What is the square of 4?,17,16,21,15,16,Quantitative,Medium
"Find the next letter in the series: G, H, I, ?",L,K,J,I,J,Logical,Medium
Choose the synonym of 'rapid'.,fast,weak,late,small,fast,Verbal,Hard
"If 3 workers finish a task in 6 days, how many worker-days are needed?",20,18,16,23,18,Puzzle,Hard
What is 14 + 57?,78,74,71,69,71,Quantitative,Easy
What is the square of 4?,16,21,17,15,16,Quantitative,Hard
"Find the next letter in the series: D, E, F, ?",H,I,G,F,G,Logical,Easy
Choose the synonym of 'ancient'.,weak,old,late,small,old,Verbal,Medium
"If 2 workers finish a task in 6 days, how many worker-days are needed?",17,10,12,14,12,Puzzle,Hard
What is 31 + 91?,120,125,129,122,122,Quantitative,Hard
What is the square of 10?,99,105,101,100,100,Quantitative,Hard
"Find the next letter in the series: G, H, I, ?",J,L,K,I,J,Logical,Easy
Choose the synonym of 'bright'.,smart,weak,small,late,smart,Verbal,Medium
"If 10 workers finish a task in 3 days, how many worker-days are needed?",35,30,28,32,30,Puzzle,Easy
What is 99 + 61?,160,167,158,163,160,Quantitative,Hard
What is the square of 11?,126,120,122,121,121,Quantitative,Hard
"Find the next letter in the series: H, I, J, ?",L,K,J,M,K,Logical,Medium
Choose the synonym of 'ancient'.,late,weak,old,small,old,Verbal,Hard
"If 7 workers finish a task in 4 days, how many worker-days are needed?",28,30,33,26,28,Puzzle,Hard
What is 48 + 60?,106,115,108,111,108,Quantitative,Hard
What is the square of 18?,324,323,329,325,324,Quantitative,Easy
"Find the next letter in the series: B, C, D, ?",D,G,F,E,E,Logical,Easy
Choose the synonym of 'honest'.,truthful,small,weak,late,truthful,Verbal,Hard
"If 9 workers finish a task in 10 days, how many worker-days are needed?",95,90,92,88,90,Puzzle,Hard
What is 27 + 36?,63,70,61,66,63,Quantitative,Medium
What is the square of 20?,399,401,405,400,400,Quantitative,Medium
"Find the next letter in the series: B, C, D, ?",E,G,F,D,E,Logical,Easy
Choose the synonym of 'benefit'.,advantage,weak,small,late,advantage,Verbal,Hard
"If 4 workers finish a task in 8 days, how many worker-days are needed?",30,32,34,37,32,Puzzle,Hard
What is 26 + 42?,68,71,66,75,68,Quantitative,Hard
What is the square of 4?,17,21,16,15,16,Quantitative,Easy
"Find the next letter in the series: M, N, O, ?",R,P,Q,O,P,Logical,Easy
Choose the synonym of 'honest'.,truthful,late,weak,small,truthful,Verbal,Medium
"If 4 workers finish a task in 2 days, how many worker-days are needed?",8,10,6,13,8,Puzzle,Hard
What is 27 + 70?,100,95,97,104,97,Quantitative,Hard
What is the square of 15?,230,225,226,224,225,Quantitative,Medium
"Find the next letter in the series: J, K, L, ?",M,O,L,N,M,Logical,Hard
Choose the synonym of 'benefit'.,late,weak,small,advantage,advantage,Verbal,Easy
"If 2 workers finish a task in 3 days, how many worker-days are needed?",11,6,4,8,6,Puzzle,Medium
What is 87 + 54?,141,148,139,144,141,Quantitative,Hard
What is the square of 3?,10,14,9,8,9,Quantitative,Medium
"Find the next letter in the series: A, B, C, ?",E,F,C,D,D,Logical,Hard
Choose the synonym of 'rapid'.,small,fast,weak,late,fast,Verbal,Hard
"If 6 workers finish a task in 2 days, how many worker-days are needed?",17,14,10,12,12,Puzzle,Medium
What is 61 + 87?,146,155,151,148,148,Quantitative,Easy
What is the square of 17?,288,289,294,290,289,Quantitative,Hard
"Find the next letter in the series: D, E, F, ?",F,I,H,G,G,Logical,Hard
Choose the synonym of 'ancient'.,small,late,weak,old,old,Verbal,Hard
"If 9 workers finish a task in 3 days, how many worker-days are needed?",25,29,27,32,27,Puzzle,Hard
What is 14 + 30?,51,47,44,42,44,Quantitative,Medium
What is the square of 4?,21,17,15,16,16,Quantitative,Easy
"Find the next letter in the series: E, F, G, ?",H,J,G,I,H,Logical,Hard
Choose the synonym of 'bright'.,small,smart,late,weak,smart,Verbal,Medium
"If 6 workers finish a task in 9 days, how many worker-days are needed?",59,52,56,54,54,Puzzle,Medium
What is 33 + 46?,77,82,79,86,79,Quantitative,Easy
What is the square of 18?,325,324,323,329,324,Quantitative,Medium
"Find the next letter in the series: O, P, Q, ?",R,Q,S,T,R,Logical,Easy
Choose the synonym of 'benefit'.,small,advantage,late,weak,advantage,Verbal,Easy
"If 8 workers finish a task in 6 days, how many worker-days are needed?",53,48,50,46,48,Puzzle,Hard
What is 23 + 63?,89,93,84,86,86,Quantitative,Medium
What is the square of 14?,197,201,196,195,196,Quantitative,Medium
"Find the next letter in the series: K, L, M, ?",M,O,N,P,N,Logical,Easy
Choose the synonym of 'benefit'.,advantage,small,late,weak,advantage,Verbal,Easy
"If 10 workers finish a task in 7 days, how many worker-days are needed?",68,72,70,75,70,Puzzle,Medium
What is 69 + 18?,94,90,85,87,87,Quantitative,Easy
What is the square of 15?,225,226,224,230,225,Quantitative,Easy
"Find the next letter in the series: E, F, G, ?",G,J,H,I,H,Logical,Easy
Choose the synonym of 'honest'.,truthful,small,weak,late,truthful,Verbal,Hard
"If 5 workers finish a task in 4 days, how many worker-days are needed?",22,20,25,18,20,Puzzle,Medium
What is 22 + 55?,77,80,84,75,77,Quantitative,Hard
What is the square of 11?,126,121,122,120,121,Quantitative,Medium
"Find the next letter in the series: N, O, P, ?",Q,S,P,R,Q,Logical,Hard
Choose the synonym of 'benefit'.,late,weak,advantage,small,advantage,Verbal,Easy
"If 9 workers finish a task in 7 days, how many worker-days are needed?",63,68,65,61,63,Puzzle,Easy
